broker_id,name,licence_date,size_band
B101,Swift Summit Customs Brokerage,2017-03-03,S
B102,Harbour Evergreen Customs Brokerage,2016-10-23,M
B103,Gateway Silver Customs Brokerage,2015-12-17,S
B104,Clearway Lucky Customs Brokerage,2022-09-30,S
B105,Anchor Lakeside Customs Brokerage,2011-03-31,S
B106,Frontier Bright Customs Brokerage,2019-07-09,S
B107,Compass Lantern Customs Brokerage,2020-06-14,S
B108,Bridge Bamboo Customs Brokerage,2017-02-02,M
B109,Keystone Summit Customs Brokerage,2010-01-13,S
B110,Pioneer Orchid Customs Brokerage,2023-05-10,M
B111,Swift Lucky Customs Brokerage,2019-10-19,L
B112,Harbour Pacific Customs Brokerage,2010-02-21,S
B113,Gateway Royal Customs Brokerage,2013-09-02,S
B114,Clearway Green Valley Customs Brokerage,2012-02-18,S
B115,Anchor Blue River Customs Brokerage,2023-07-11,L
B116,Frontier Saffron Customs Brokerage,2021-04-16,M
B117,Compass Star Customs Brokerage,2010-04-18,M
B118,Bridge Summit Customs Brokerage,2011-05-19,S
B119,Keystone Twin Rivers Customs Brokerage,2011-05-14,M
B120,Pioneer Lakeside Customs Brokerage,2008-08-25,L
B121,Swift Pacific Customs Brokerage,2023-11-08,S
B122,Harbour Green Valley Customs Brokerage,2008-01-01,M
B123,Gateway Summit Customs Brokerage,2012-06-27,S
B124,Clearway Prime Customs Brokerage,2015-09-19,S
B125,Anchor Green Valley Customs Brokerage,2016-08-23,S
B126,Frontier Crystal Customs Brokerage,2014-02-01,M
B127,Compass Sunrise Customs Brokerage,2012-12-24,S
B128,Bridge Pacific Customs Brokerage,2023-12-19,M
B129,Keystone Pearl Customs Brokerage,2017-05-31,M
B130,Pioneer Silver Customs Brokerage,2017-05-26,S
B131,Swift Prime Customs Brokerage,2019-12-03,M
B132,Harbour Silk Road Customs Brokerage,2017-02-17,M
B133,Gateway Saffron Customs Brokerage,2020-09-07,M
B134,Clearway Twin Rivers Customs Brokerage,2023-05-28,M
B135,Anchor Lucky Customs Brokerage,2016-04-02,S
B136,Frontier Saffron Customs Brokerage,2012-08-09,S
B137,Compass Evergreen Customs Brokerage,2021-11-10,S
B138,Bridge Summit Customs Brokerage,2010-07-12,S
B139,Keystone Evergreen Customs Brokerage,2009-05-30,S
B140,Pioneer Lakeside Customs Brokerage,2014-12-03,S
