exporter_id,name,country
EXP0001,Arden Works CHE,CHE
EXP0002,Ashcombe Export HKG,HKG
EXP0003,Royal Metal QAT,QAT
EXP0004,Harmony Export KEN,KEN
EXP0005,Coral Technology NLD,NLD
EXP0006,Central Agro CHN,CHN
EXP0007,Pacific Manufacturing IDN,IDN
EXP0008,Prescott Trading IND,IND
EXP0009,Royal Trading SWE,SWE
EXP0010,Summit Agro ITA,ITA
EXP0011,Horizon Metal PHL,PHL
EXP0012,Northern Motors CHN,CHN
EXP0013,Cobalt Foods POL,POL
EXP0014,Meridian Industrial NGA,NGA
EXP0015,Central Export CHN,CHN
EXP0016,Star Industrial SGP,SGP
EXP0017,Lotus Metal CZE,CZE
EXP0018,Silk Road Trading CHE,CHE
EXP0019,Global Foods IND,IND
EXP0020,Inverness Industrial SGP,SGP
EXP0021,Carrick Textile AUT,AUT
EXP0022,Cobalt Motors NZL,NZL
EXP0023,Central Motors JPN,JPN
EXP0024,Prescott Manufacturing CHN,CHN
EXP0025,Eastern Trading IDN,IDN
EXP0026,Carrick Trading AUT,AUT
EXP0027,Royal Works SWE,SWE
EXP0028,Blue Ocean Mills DEU,DEU
EXP0029,Star Works USA,USA
EXP0030,Silk Road Technology QAT,QAT
EXP0031,Summit Motors CZE,CZE
EXP0032,United Agro BEL,BEL
EXP0033,Delta Mills DEU,DEU
EXP0034,Lotus Manufacturing PHL,PHL
EXP0035,Arden Trading CHN,CHN
EXP0036,Twin Rivers Agro CZE,CZE
EXP0037,Jade Technology SGP,SGP
EXP0038,Golden Manufacturing CHN,CHN
EXP0039,Sunrise Agro ARG,ARG
EXP0040,Blue Ocean Mills RUS,RUS
EXP0041,Green Valley Works MYS,MYS
EXP0042,Ashcombe Manufacturing IDN,IDN
EXP0043,Orchid Export NZL,NZL
EXP0044,Silver Metal CHN,CHN
EXP0045,Eastern Industrial SGP,SGP
EXP0046,Jade Trading DEU,DEU
EXP0047,Evergreen Technology CZE,CZE
EXP0048,Prime Metal CHN,CHN
EXP0049,Dunmore Foods CZE,CZE
EXP0050,Dunmore Export DEU,DEU
EXP0051,Meridian Trading ARG,ARG
EXP0052,Northern Export BEL,BEL
EXP0053,Summit Motors TUR,TUR
EXP0054,Sunrise Works NGA,NGA
EXP0055,Saffron Technology MYS,MYS
EXP0056,Jade Export ARG,ARG
EXP0057,Summit Manufacturing QAT,QAT
EXP0058,Global Works SGP,SGP
EXP0059,Silver Agro DEU,DEU
EXP0060,Dunmore Motors IDN,IDN
EXP0061,Saffron Works JPN,JPN
EXP0062,Ocean Industrial KOR,KOR
EXP0063,Central Metal SWE,SWE
EXP0064,Ocean Export ARE,ARE
EXP0065,Crown Textile USA,USA
EXP0066,Twin Rivers Motors AUS,AUS
EXP0067,Prescott Foods IND,IND
EXP0068,Aldergate Export SAU,SAU
EXP0069,Green Valley Mills CHN,CHN
EXP0070,Inverness Works SWE,SWE
EXP0071,Ocean Agro SGP,SGP
EXP0072,United Metal USA,USA
EXP0073,Northern Metal AUT,AUT
EXP0074,Pacific Agro NZL,NZL
EXP0075,Inverness Agro AUS,AUS
EXP0076,Summit Motors IDN,IDN
EXP0077,Golden Agro DEU,DEU
EXP0078,Orchid Mills JPN,JPN
EXP0079,Horizon Foods NGA,NGA
EXP0080,Inverness Works NLD,NLD
EXP0081,Prescott Motors FRA,FRA
EXP0082,Harmony Mills CHN,CHN
EXP0083,Aldergate Metal JPN,JPN
EXP0084,Arden Foods BRA,BRA
EXP0085,Phoenix Mills CHN,CHN
EXP0086,Meridian Foods TWN,TWN
EXP0087,Blue Ocean Manufacturing IND,IND
EXP0088,Golden Industrial BRA,BRA
EXP0089,Arden Trading NLD,NLD
EXP0090,Pacific Textile MYS,MYS
EXP0091,Cobalt Textile SAU,SAU
EXP0092,Pacific Metal KEN,KEN
EXP0093,Evergreen Foods SAU,SAU
EXP0094,Carrick Textile CHN,CHN
EXP0095,Silver Textile PAK,PAK
EXP0096,Aldergate Mills GBR,GBR
EXP0097,United Metal JPN,JPN
EXP0098,Meridian Export DEU,DEU
EXP0099,Global Manufacturing POL,POL
EXP0100,Harmony Manufacturing ARE,ARE
EXP0101,Silk Road Export ITA,ITA
EXP0102,Northern Mills IND,IND
EXP0103,Harmony Export KEN,KEN
EXP0104,Global Works CHN,CHN
EXP0105,Saffron Trading QAT,QAT
EXP0106,Green Valley Manufacturing MYS,MYS
EXP0107,Coral Metal HKG,HKG
EXP0108,Green Valley Works KOR,KOR
EXP0109,Prime Manufacturing MYS,MYS
EXP0110,Global Agro USA,USA
EXP0111,Prime Manufacturing KOR,KOR
EXP0112,Inverness Technology HKG,HKG
EXP0113,Summit Export POL,POL
EXP0114,Pacific Mills NLD,NLD
EXP0115,Ocean Industrial SGP,SGP
EXP0116,Silver Mills ARE,ARE
EXP0117,Silver Trading CHN,CHN
EXP0118,Sunrise Foods GBR,GBR
EXP0119,Arden Textile NZL,NZL
EXP0120,Horizon Agro PAK,PAK
EXP0121,Phoenix Export MYS,MYS
EXP0122,Delta Textile ARE,ARE
EXP0123,Sunrise Manufacturing IND,IND
EXP0124,Orchid Technology IDN,IDN
EXP0125,Coral Agro RUS,RUS
EXP0126,Orchid Foods SAU,SAU
EXP0127,Summit Mills IDN,IDN
EXP0128,Evergreen Export CHN,CHN
EXP0129,Evergreen Metal DNK,DNK
EXP0130,Golden Industrial DNK,DNK
EXP0131,Ocean Mills SGP,SGP
EXP0132,Arden Textile BRA,BRA
EXP0133,Ashcombe Technology AUT,AUT
EXP0134,Silk Road Works DNK,DNK
EXP0135,Eastern Motors PHL,PHL
EXP0136,Coral Works TUR,TUR
EXP0137,Blue Ocean Textile CHN,CHN
EXP0138,Green Valley Export AUS,AUS
EXP0139,Evergreen Industrial PAK,PAK
EXP0140,Central Export DEU,DEU
EXP0141,Harmony Technology EGY,EGY
EXP0142,Prescott Textile MEX,MEX
EXP0143,Silver Mills MEX,MEX
EXP0144,Coral Works CHE,CHE
EXP0145,Coral Textile USA,USA
EXP0146,Meridian Mills ITA,ITA
EXP0147,Crown Metal TWN,TWN
EXP0148,Jade Metal ESP,ESP
EXP0149,Arden Agro TUR,TUR
EXP0150,Ashcombe Agro JPN,JPN
EXP0151,Blue Ocean Works CAN,CAN
EXP0152,Meridian Export DNK,DNK
EXP0153,Blue Ocean Agro SGP,SGP
EXP0154,Blue Ocean Mills ARG,ARG
EXP0155,Jade Foods USA,USA
EXP0156,Silk Road Industrial NGA,NGA
EXP0157,Prescott Technology IND,IND
EXP0158,Lotus Agro ESP,ESP
EXP0159,Lotus Industrial CAN,CAN
EXP0160,Phoenix Technology IDN,IDN
EXP0161,Metro Textile IND,IND
EXP0162,Crown Mills CHN,CHN
EXP0163,Cobalt Metal CHE,CHE
EXP0164,Blue Ocean Metal JPN,JPN
EXP0165,Aldergate Technology ARG,ARG
EXP0166,Harmony Technology SGP,SGP
EXP0167,Metro Works PHL,PHL
EXP0168,Metro Manufacturing ITA,ITA
EXP0169,Orchid Textile CHN,CHN
EXP0170,Eastern Foods CHN,CHN
EXP0171,Lotus Metal ARE,ARE
EXP0172,Green Valley Technology MEX,MEX
EXP0173,Central Export ARE,ARE
EXP0174,United Agro SGP,SGP
EXP0175,Arden Agro FRA,FRA
EXP0176,Great Wall Industrial CHN,CHN
EXP0177,Royal Export CHN,CHN
EXP0178,Coral Trading CHN,CHN
EXP0179,Cobalt Foods EGY,EGY
EXP0180,Saffron Technology CHE,CHE
EXP0181,Ocean Metal MYS,MYS
EXP0182,Saffron Metal KEN,KEN
EXP0183,Golden Industrial MYS,MYS
EXP0184,Summit Trading ITA,ITA
EXP0185,Northern Manufacturing MYS,MYS
EXP0186,Harmony Foods IND,IND
EXP0187,Crown Motors IDN,IDN
EXP0188,Northern Manufacturing SGP,SGP
EXP0189,Phoenix Works BEL,BEL
EXP0190,Silk Road Mills NZL,NZL
EXP0191,Central Manufacturing MYS,MYS
EXP0192,Sunrise Export KEN,KEN
EXP0193,Cobalt Motors DEU,DEU
EXP0194,Star Export ITA,ITA
EXP0195,Dunmore Foods HKG,HKG
EXP0196,Central Technology NZL,NZL
EXP0197,Orchid Agro BRA,BRA
EXP0198,Northern Metal DEU,DEU
EXP0199,Delta Foods AUT,AUT
EXP0200,Twin Rivers Export ARG,ARG
EXP0201,Twin Rivers Manufacturing TUR,TUR
EXP0202,Dunmore Foods ESP,ESP
EXP0203,Meridian Foods TWN,TWN
EXP0204,Silk Road Technology SGP,SGP
EXP0205,Saffron Export KEN,KEN
EXP0206,Green Valley Agro MYS,MYS
EXP0207,United Works ARG,ARG
EXP0208,Jade Textile IDN,IDN
EXP0209,Saffron Mills DEU,DEU
EXP0210,Pacific Textile CHE,CHE
EXP0211,Twin Rivers Trading CAN,CAN
EXP0212,Northern Export MYS,MYS
EXP0213,Prescott Mills CHN,CHN
EXP0214,Twin Rivers Manufacturing AUT,AUT
EXP0215,Star Trading KOR,KOR
EXP0216,Horizon Manufacturing TWN,TWN
EXP0217,Summit Agro ARG,ARG
EXP0218,Carrick Textile ZAF,ZAF
EXP0219,Lotus Export HKG,HKG
EXP0220,Green Valley Manufacturing NZL,NZL
EXP0221,Golden Metal USA,USA
EXP0222,Twin Rivers Motors NGA,NGA
EXP0223,Ashcombe Manufacturing NZL,NZL
EXP0224,Metro Motors DEU,DEU
EXP0225,Inverness Manufacturing AUS,AUS
EXP0226,Dunmore Textile ARG,ARG
EXP0227,Inverness Works SGP,SGP
EXP0228,United Foods CAN,CAN
EXP0229,Sunrise Foods SWE,SWE
EXP0230,Orchid Metal CHE,CHE
EXP0231,Evergreen Works MEX,MEX
EXP0232,Northern Works KEN,KEN
EXP0233,Pacific Metal CHN,CHN
EXP0234,Metro Trading BRA,BRA
EXP0235,Star Manufacturing CHN,CHN
EXP0236,Silver Mills IND,IND
EXP0237,Horizon Metal USA,USA
EXP0238,Silver Manufacturing CHN,CHN
EXP0239,Silver Technology DEU,DEU
EXP0240,Ashcombe Technology IDN,IDN
EXP0241,Prescott Technology DEU,DEU
EXP0242,Central Motors ZAF,ZAF
EXP0243,Metro Works TUR,TUR
EXP0244,Ashcombe Technology NLD,NLD
EXP0245,United Motors CHN,CHN
EXP0246,Arden Trading BEL,BEL
EXP0247,Ocean Mills USA,USA
EXP0248,Meridian Agro GBR,GBR
EXP0249,Star Trading CHN,CHN
EXP0250,Summit Manufacturing ARG,ARG
EXP0251,Northern Agro JPN,JPN
EXP0252,Delta Technology TUR,TUR
EXP0253,Evergreen Textile CAN,CAN
EXP0254,Arden Agro TWN,TWN
EXP0255,Metro Technology KOR,KOR
EXP0256,Cobalt Technology NLD,NLD
EXP0257,Ocean Mills FRA,FRA
EXP0258,Coral Textile DEU,DEU
EXP0259,Phoenix Textile AUS,AUS
EXP0260,Silk Road Foods SGP,SGP
EXP0261,Prescott Motors AUS,AUS
EXP0262,Inverness Textile GBR,GBR
EXP0263,Central Works ARE,ARE
EXP0264,Golden Works USA,USA
EXP0265,Silk Road Works DEU,DEU
EXP0266,Prescott Trading KOR,KOR
EXP0267,Green Valley Foods ITA,ITA
EXP0268,Silk Road Trading JPN,JPN
EXP0269,Sunrise Metal NLD,NLD
EXP0270,Eastern Motors RUS,RUS
EXP0271,Saffron Technology GBR,GBR
EXP0272,Prescott Metal JPN,JPN
EXP0273,Blue Ocean Manufacturing USA,USA
EXP0274,Metro Metal AUT,AUT
EXP0275,Star Manufacturing CZE,CZE
EXP0276,Ocean Trading KOR,KOR
EXP0277,Crown Agro CHE,CHE
EXP0278,Central Trading AUS,AUS
EXP0279,Prescott Foods EGY,EGY
EXP0280,Harmony Motors SGP,SGP
EXP0281,Horizon Industrial SAU,SAU
EXP0282,Pacific Technology BEL,BEL
EXP0283,Twin Rivers Manufacturing MYS,MYS
EXP0284,Prescott Agro USA,USA
EXP0285,Prescott Industrial PAK,PAK
EXP0286,Golden Technology KOR,KOR
EXP0287,Prime Mills CHN,CHN
EXP0288,Prime Agro SGP,SGP
EXP0289,Delta Mills USA,USA
EXP0290,Prescott Motors MEX,MEX
EXP0291,United Export GBR,GBR
EXP0292,United Mills NGA,NGA
EXP0293,Great Wall Trading ITA,ITA
EXP0294,Blue Ocean Technology CHN,CHN
EXP0295,Central Mills FRA,FRA
EXP0296,Arden Technology DEU,DEU
EXP0297,Great Wall Agro BEL,BEL
EXP0298,Harmony Manufacturing ESP,ESP
EXP0299,Arden Technology TWN,TWN
EXP0300,Inverness Foods CHN,CHN
EXP0301,Green Valley Industrial CHE,CHE
EXP0302,Global Technology SAU,SAU
EXP0303,United Textile PHL,PHL
EXP0304,Ashcombe Export DEU,DEU
EXP0305,Global Industrial QAT,QAT
EXP0306,Sunrise Trading NZL,NZL
EXP0307,Arden Industrial USA,USA
EXP0308,Sunrise Industrial PHL,PHL
EXP0309,Silk Road Mills SGP,SGP
EXP0310,Prescott Export DEU,DEU
EXP0311,Silver Textile POL,POL
EXP0312,United Trading JPN,JPN
EXP0313,Silk Road Foods PHL,PHL
EXP0314,Summit Trading USA,USA
EXP0315,Great Wall Motors NZL,NZL
EXP0316,Eastern Agro CAN,CAN
EXP0317,Dunmore Manufacturing MEX,MEX
EXP0318,Twin Rivers Motors NZL,NZL
EXP0319,Sunrise Technology MEX,MEX
EXP0320,Meridian Technology AUT,AUT
EXP0321,Metro Agro SGP,SGP
EXP0322,Evergreen Foods TWN,TWN
EXP0323,Golden Motors IND,IND
EXP0324,Dunmore Motors IDN,IDN
EXP0325,Prescott Foods KOR,KOR
EXP0326,Orchid Manufacturing BEL,BEL
EXP0327,Northern Agro IND,IND
EXP0328,Twin Rivers Foods AUT,AUT
EXP0329,Meridian Export BEL,BEL
EXP0330,Horizon Foods AUS,AUS
EXP0331,Ocean Export SGP,SGP
EXP0332,Northern Manufacturing SGP,SGP
EXP0333,Crown Trading CHN,CHN
EXP0334,Dunmore Technology QAT,QAT
EXP0335,Central Industrial MYS,MYS
EXP0336,Metro Industrial MYS,MYS
EXP0337,Central Trading NZL,NZL
EXP0338,Prime Foods KOR,KOR
EXP0339,Horizon Trading JPN,JPN
EXP0340,Silk Road Mills AUT,AUT
EXP0341,Crown Export SGP,SGP
EXP0342,Lotus Manufacturing TUR,TUR
EXP0343,Saffron Manufacturing CZE,CZE
EXP0344,Lotus Export SGP,SGP
EXP0345,Sunrise Mills AUT,AUT
EXP0346,Silver Technology DEU,DEU
EXP0347,Cobalt Textile CZE,CZE
EXP0348,Cobalt Manufacturing IDN,IDN
EXP0349,Evergreen Trading MYS,MYS
EXP0350,Central Motors IDN,IDN
EXP0351,Twin Rivers Manufacturing NLD,NLD
EXP0352,Phoenix Metal PAK,PAK
EXP0353,Silk Road Mills SWE,SWE
EXP0354,Ashcombe Mills RUS,RUS
EXP0355,Central Manufacturing FRA,FRA
EXP0356,Silk Road Agro IDN,IDN
EXP0357,Blue Ocean Export KOR,KOR
EXP0358,Coral Export DEU,DEU
EXP0359,Global Metal POL,POL
EXP0360,Cobalt Industrial AUS,AUS
EXP0361,Dunmore Metal CHN,CHN
EXP0362,Dunmore Motors USA,USA
EXP0363,Evergreen Industrial TUR,TUR
EXP0364,Phoenix Works KOR,KOR
EXP0365,Silver Mills SWE,SWE
EXP0366,Horizon Metal FRA,FRA
EXP0367,Silver Mills PAK,PAK
EXP0368,Silver Motors POL,POL
EXP0369,Delta Motors KEN,KEN
EXP0370,Silk Road Technology NLD,NLD
EXP0371,Pacific Manufacturing MYS,MYS
EXP0372,Harmony Mills KOR,KOR
EXP0373,Central Agro CAN,CAN
EXP0374,Pacific Trading NZL,NZL
EXP0375,Blue Ocean Mills IDN,IDN
EXP0376,Crown Technology KOR,KOR
EXP0377,Ashcombe Mills IDN,IDN
EXP0378,Lotus Technology CHN,CHN
EXP0379,Horizon Manufacturing IND,IND
EXP0380,Harmony Motors DNK,DNK
EXP0381,Carrick Mills ZAF,ZAF
EXP0382,Pacific Foods DEU,DEU
EXP0383,Silver Motors SGP,SGP
EXP0384,Delta Foods POL,POL
EXP0385,Prime Agro TUR,TUR
EXP0386,Dunmore Export JPN,JPN
EXP0387,Ashcombe Industrial IDN,IDN
EXP0388,Saffron Industrial AUS,AUS
EXP0389,Twin Rivers Metal JPN,JPN
EXP0390,Blue Ocean Technology MEX,MEX
EXP0391,Arden Trading ARG,ARG
EXP0392,Silk Road Textile ITA,ITA
EXP0393,Lotus Technology NZL,NZL
EXP0394,Arden Agro FRA,FRA
EXP0395,Ocean Trading TWN,TWN
EXP0396,Crown Trading JPN,JPN
EXP0397,Carrick Metal DEU,DEU
EXP0398,Meridian Agro CHN,CHN
EXP0399,Silk Road Foods ESP,ESP
EXP0400,Ashcombe Works DEU,DEU
EXP0401,Royal Metal ESP,ESP
EXP0402,Arden Mills ARE,ARE
EXP0403,Dunmore Technology IND,IND
EXP0404,Meridian Mills IDN,IDN
EXP0405,Dunmore Trading QAT,QAT
EXP0406,Summit Trading CHN,CHN
EXP0407,Blue Ocean Export AUT,AUT
EXP0408,Aldergate Works SWE,SWE
EXP0409,Global Foods HKG,HKG
EXP0410,Jade Works MYS,MYS
EXP0411,Ocean Motors IDN,IDN
EXP0412,Golden Trading AUT,AUT
EXP0413,Dunmore Motors CHN,CHN
EXP0414,Blue Ocean Manufacturing PHL,PHL
EXP0415,Star Foods QAT,QAT
EXP0416,Pacific Textile MEX,MEX
EXP0417,Lotus Textile JPN,JPN
EXP0418,Aldergate Metal CHN,CHN
EXP0419,Meridian Trading SWE,SWE
EXP0420,Meridian Industrial NZL,NZL
EXP0421,Green Valley Metal CHN,CHN
EXP0422,Arden Motors EGY,EGY
EXP0423,Silk Road Foods IDN,IDN
EXP0424,Carrick Technology SAU,SAU
EXP0425,Silver Agro KOR,KOR
EXP0426,Harmony Motors CHN,CHN
EXP0427,Metro Manufacturing SAU,SAU
EXP0428,Carrick Works KOR,KOR
EXP0429,Green Valley Technology BEL,BEL
EXP0430,Cobalt Agro PHL,PHL
EXP0431,Global Mills POL,POL
EXP0432,Summit Manufacturing MYS,MYS
EXP0433,Silver Export TWN,TWN
EXP0434,Delta Industrial IND,IND
EXP0435,Arden Metal HKG,HKG
EXP0436,Dunmore Motors IDN,IDN
EXP0437,Crown Mills IDN,IDN
EXP0438,Pacific Motors DEU,DEU
EXP0439,Ashcombe Manufacturing ZAF,ZAF
EXP0440,Phoenix Textile IND,IND
EXP0441,Twin Rivers Export MYS,MYS
EXP0442,Blue Ocean Works BEL,BEL
EXP0443,Dunmore Foods NGA,NGA
EXP0444,Coral Works GBR,GBR
EXP0445,Evergreen Metal IND,IND
EXP0446,Jade Works CHN,CHN
EXP0447,Horizon Industrial KOR,KOR
EXP0448,Horizon Technology CZE,CZE
EXP0449,Aldergate Technology IND,IND
EXP0450,Orchid Technology IDN,IDN
EXP0451,Arden Manufacturing KEN,KEN
EXP0452,United Works QAT,QAT
EXP0453,Ocean Motors CHN,CHN
EXP0454,Harmony Motors ESP,ESP
EXP0455,Silver Technology DEU,DEU
EXP0456,Inverness Works GBR,GBR
EXP0457,Silver Manufacturing USA,USA
EXP0458,Delta Industrial USA,USA
EXP0459,Inverness Mills EGY,EGY
EXP0460,Eastern Export MYS,MYS
EXP0461,Royal Agro RUS,RUS
EXP0462,Central Technology ITA,ITA
EXP0463,Orchid Works POL,POL
EXP0464,Evergreen Motors CHN,CHN
EXP0465,Golden Foods NLD,NLD
EXP0466,Blue Ocean Foods CHN,CHN
EXP0467,Coral Foods ARE,ARE
EXP0468,Dunmore Motors IND,IND
EXP0469,Northern Works ITA,ITA
EXP0470,Harmony Export CHE,CHE
EXP0471,Arden Metal CZE,CZE
EXP0472,Metro Textile IND,IND
EXP0473,Northern Export NLD,NLD
EXP0474,Prime Export POL,POL
EXP0475,Metro Works POL,POL
EXP0476,Ashcombe Manufacturing IDN,IDN
EXP0477,Golden Motors IND,IND
EXP0478,Crown Foods USA,USA
EXP0479,Global Textile CHN,CHN
EXP0480,Jade Manufacturing SGP,SGP
EXP0481,Silver Metal CZE,CZE
EXP0482,Sunrise Textile NLD,NLD
EXP0483,Central Works CHN,CHN
EXP0484,Saffron Industrial KOR,KOR
EXP0485,Phoenix Metal CHN,CHN
EXP0486,Dunmore Trading AUT,AUT
EXP0487,Meridian Metal EGY,EGY
EXP0488,Horizon Trading RUS,RUS
EXP0489,Prime Trading USA,USA
EXP0490,Aldergate Industrial KEN,KEN
EXP0491,Lotus Works IDN,IDN
EXP0492,Phoenix Technology FRA,FRA
EXP0493,Ashcombe Agro AUS,AUS
EXP0494,Star Agro AUS,AUS
EXP0495,Prescott Metal MEX,MEX
EXP0496,Golden Foods CHE,CHE
EXP0497,Jade Textile KEN,KEN
EXP0498,Horizon Trading CZE,CZE
EXP0499,Carrick Technology KOR,KOR
EXP0500,Summit Technology JPN,JPN
EXP0501,Horizon Textile CHN,CHN
EXP0502,Orchid Metal DNK,DNK
EXP0503,United Foods USA,USA
EXP0504,Horizon Works CHN,CHN
EXP0505,Green Valley Industrial KOR,KOR
EXP0506,Green Valley Mills RUS,RUS
EXP0507,Summit Technology PHL,PHL
EXP0508,Phoenix Mills USA,USA
EXP0509,Inverness Trading SWE,SWE
EXP0510,Ashcombe Agro JPN,JPN
EXP0511,Silver Industrial POL,POL
EXP0512,Coral Industrial SAU,SAU
EXP0513,Jade Manufacturing MEX,MEX
EXP0514,Blue Ocean Manufacturing EGY,EGY
EXP0515,Central Industrial SWE,SWE
EXP0516,Jade Technology KOR,KOR
EXP0517,United Trading CHN,CHN
EXP0518,Summit Foods KOR,KOR
EXP0519,Phoenix Technology CHE,CHE
EXP0520,Jade Export QAT,QAT
EXP0521,Coral Mills QAT,QAT
EXP0522,Northern Motors IDN,IDN
EXP0523,Sunrise Industrial ESP,ESP
EXP0524,Harmony Motors QAT,QAT
EXP0525,Harmony Foods CHN,CHN
EXP0526,Harmony Motors USA,USA
EXP0527,Silk Road Metal KOR,KOR
EXP0528,Dunmore Motors USA,USA
EXP0529,Green Valley Mills JPN,JPN
EXP0530,Meridian Agro NLD,NLD
EXP0531,Orchid Metal ARG,ARG
EXP0532,Prime Manufacturing ESP,ESP
EXP0533,Summit Works ZAF,ZAF
EXP0534,Carrick Foods IDN,IDN
EXP0535,Pacific Works BRA,BRA
EXP0536,Delta Motors HKG,HKG
EXP0537,Eastern Works DNK,DNK
EXP0538,Crown Technology FRA,FRA
EXP0539,Twin Rivers Trading TWN,TWN
EXP0540,Harmony Works POL,POL
EXP0541,Summit Export CHN,CHN
EXP0542,Prime Motors AUS,AUS
EXP0543,Evergreen Metal HKG,HKG
EXP0544,Prescott Agro AUT,AUT
EXP0545,Prime Industrial CAN,CAN
EXP0546,Eastern Foods SWE,SWE
EXP0547,Sunrise Foods ZAF,ZAF
EXP0548,Sunrise Technology DEU,DEU
EXP0549,Eastern Industrial CHN,CHN
EXP0550,Northern Metal DNK,DNK
EXP0551,Silk Road Export CAN,CAN
EXP0552,Phoenix Foods TUR,TUR
EXP0553,Dunmore Textile POL,POL
EXP0554,Green Valley Manufacturing AUT,AUT
EXP0555,Jade Mills IND,IND
EXP0556,Saffron Works CZE,CZE
EXP0557,Meridian Mills DNK,DNK
EXP0558,Pacific Motors USA,USA
EXP0559,Evergreen Export EGY,EGY
EXP0560,Silk Road Textile KEN,KEN
EXP0561,Orchid Motors CHN,CHN
EXP0562,Star Motors NGA,NGA
EXP0563,Ashcombe Industrial POL,POL
EXP0564,Lotus Textile SGP,SGP
EXP0565,Prime Technology ZAF,ZAF
EXP0566,Dunmore Mills DEU,DEU
EXP0567,Green Valley Motors CHN,CHN
EXP0568,Carrick Industrial NLD,NLD
EXP0569,Sunrise Agro USA,USA
EXP0570,Prescott Agro SGP,SGP
EXP0571,Eastern Trading MYS,MYS
EXP0572,Jade Export JPN,JPN
EXP0573,Arden Manufacturing KEN,KEN
EXP0574,Royal Works SGP,SGP
EXP0575,Prescott Agro CZE,CZE
EXP0576,Central Foods USA,USA
EXP0577,United Export BEL,BEL
EXP0578,Inverness Industrial TWN,TWN
EXP0579,Sunrise Industrial SGP,SGP
EXP0580,Metro Metal CZE,CZE
EXP0581,Arden Textile CHN,CHN
EXP0582,Inverness Foods SAU,SAU
EXP0583,Jade Motors ARE,ARE
EXP0584,Prescott Mills SGP,SGP
EXP0585,Aldergate Technology CHN,CHN
EXP0586,Star Export SWE,SWE
EXP0587,Aldergate Technology HKG,HKG
EXP0588,Cobalt Mills IND,IND
EXP0589,Green Valley Agro AUT,AUT
EXP0590,Horizon Manufacturing ITA,ITA
EXP0591,Silk Road Motors KEN,KEN
EXP0592,Crown Agro JPN,JPN
EXP0593,Global Manufacturing CHN,CHN
EXP0594,Ocean Export JPN,JPN
EXP0595,Prime Agro TWN,TWN
EXP0596,Summit Industrial CHN,CHN
EXP0597,Prescott Industrial IND,IND
EXP0598,Dunmore Foods SWE,SWE
EXP0599,Inverness Trading USA,USA
EXP0600,United Industrial SAU,SAU
EXP0601,Pacific Textile Global,IND
EXP0602,Twin Rivers Export Holdings,IND
EXP0603,Blue Ocean Foods Exports,IND
EXP0604,Northern Manufacturing Exports,IND
EXP0605,Ocean Metal Holdings,IND
EXP0606,Pacific Works Holdings,IND
EXP0607,Central Motors Exports,IND
EXP0608,Pacific Textile Exports,IND
EXP0609,Green Valley Textile Exports,IND
