month,currency,lcu_per_unit
2023-10,USD,25.0
2023-10,CNY,3.45
2023-10,EUR,27.1
2023-10,JPY,0.166
2023-10,INR,0.3
2023-10,AED,6.81
2023-10,SGD,18.6
2023-10,KRW,0.0185
2023-11,USD,25.0
2023-11,CNY,3.45
2023-11,EUR,27.1
2023-11,JPY,0.166
2023-11,INR,0.3
2023-11,AED,6.81
2023-11,SGD,18.6
2023-11,KRW,0.0185
2023-12,USD,25.0
2023-12,CNY,3.45
2023-12,EUR,27.1
2023-12,JPY,0.166
2023-12,INR,0.3
2023-12,AED,6.81
2023-12,SGD,18.6
2023-12,KRW,0.0185
2024-01,USD,25.0
2024-01,CNY,3.45
2024-01,EUR,27.1
2024-01,JPY,0.166
2024-01,INR,0.3
2024-01,AED,6.81
2024-01,SGD,18.6
2024-01,KRW,0.0185
2024-02,USD,25.0
2024-02,CNY,3.45
2024-02,EUR,27.1
2024-02,JPY,0.166
2024-02,INR,0.3
2024-02,AED,6.81
2024-02,SGD,18.6
2024-02,KRW,0.0185
2024-03,USD,25.0
2024-03,CNY,3.45
2024-03,EUR,27.1
2024-03,JPY,0.166
2024-03,INR,0.3
2024-03,AED,6.81
2024-03,SGD,18.6
2024-03,KRW,0.0185
2024-04,USD,25.0
2024-04,CNY,3.45
2024-04,EUR,27.1
2024-04,JPY,0.166
2024-04,INR,0.3
2024-04,AED,6.81
2024-04,SGD,18.6
2024-04,KRW,0.0185
2024-05,USD,25.0
2024-05,CNY,3.45
2024-05,EUR,27.1
2024-05,JPY,0.166
2024-05,INR,0.3
2024-05,AED,6.81
2024-05,SGD,18.6
2024-05,KRW,0.0185
2024-06,USD,25.0
2024-06,CNY,3.45
2024-06,EUR,27.1
2024-06,JPY,0.166
2024-06,INR,0.3
2024-06,AED,6.81
2024-06,SGD,18.6
2024-06,KRW,0.0185
2024-07,USD,25.0
2024-07,CNY,3.45
2024-07,EUR,27.1
2024-07,JPY,0.166
2024-07,INR,0.3
2024-07,AED,6.81
2024-07,SGD,18.6
2024-07,KRW,0.0185
2024-08,USD,25.0
2024-08,CNY,3.45
2024-08,EUR,27.1
2024-08,JPY,0.166
2024-08,INR,0.3
2024-08,AED,6.81
2024-08,SGD,18.6
2024-08,KRW,0.0185
2024-09,USD,25.0
2024-09,CNY,3.45
2024-09,EUR,27.1
2024-09,JPY,0.166
2024-09,INR,0.3
2024-09,AED,6.81
2024-09,SGD,18.6
2024-09,KRW,0.0185
2024-10,USD,25.0
2024-10,CNY,3.45
2024-10,EUR,27.1
2024-10,JPY,0.166
2024-10,INR,0.3
2024-10,AED,6.81
2024-10,SGD,18.6
2024-10,KRW,0.0185
2024-11,USD,25.0
2024-11,CNY,3.45
2024-11,EUR,27.1
2024-11,JPY,0.166
2024-11,INR,0.3
2024-11,AED,6.81
2024-11,SGD,18.6
2024-11,KRW,0.0185
2024-12,USD,25.0
2024-12,CNY,3.45
2024-12,EUR,27.1
2024-12,JPY,0.166
2024-12,INR,0.3
2024-12,AED,6.81
2024-12,SGD,18.6
2024-12,KRW,0.0185
2025-01,USD,25.0
2025-01,CNY,3.45
2025-01,EUR,27.1
2025-01,JPY,0.166
2025-01,INR,0.3
2025-01,AED,6.81
2025-01,SGD,18.6
2025-01,KRW,0.0185
2025-02,USD,25.0
2025-02,CNY,3.45
2025-02,EUR,27.1
2025-02,JPY,0.166
2025-02,INR,0.3
2025-02,AED,6.81
2025-02,SGD,18.6
2025-02,KRW,0.0185
2025-03,USD,25.0
2025-03,CNY,3.45
2025-03,EUR,27.1
2025-03,JPY,0.166
2025-03,INR,0.3
2025-03,AED,6.81
2025-03,SGD,18.6
2025-03,KRW,0.0185
2025-04,USD,25.0
2025-04,CNY,3.45
2025-04,EUR,27.1
2025-04,JPY,0.166
2025-04,INR,0.3
2025-04,AED,6.81
2025-04,SGD,18.6
2025-04,KRW,0.0185
2025-05,USD,25.0
2025-05,CNY,3.45
2025-05,EUR,27.1
2025-05,JPY,0.166
2025-05,INR,0.3
2025-05,AED,6.81
2025-05,SGD,18.6
2025-05,KRW,0.0185
2025-06,USD,25.0
2025-06,CNY,3.45
2025-06,EUR,27.1
2025-06,JPY,0.166
2025-06,INR,0.3
2025-06,AED,6.81
2025-06,SGD,18.6
2025-06,KRW,0.0185
2025-07,USD,25.0
2025-07,CNY,3.45
2025-07,EUR,27.1
2025-07,JPY,0.166
2025-07,INR,0.3
2025-07,AED,6.81
2025-07,SGD,18.6
2025-07,KRW,0.0185
2025-08,USD,25.0
2025-08,CNY,3.45
2025-08,EUR,27.1
2025-08,JPY,0.166
2025-08,INR,0.3
2025-08,AED,6.81
2025-08,SGD,18.6
2025-08,KRW,0.0185
2025-09,USD,25.0
2025-09,CNY,3.45
2025-09,EUR,27.1
2025-09,JPY,0.166
2025-09,INR,0.3
2025-09,AED,6.81
2025-09,SGD,18.6
2025-09,KRW,0.0185
2025-10,USD,25.0
2025-10,CNY,3.45
2025-10,EUR,27.1
2025-10,JPY,0.166
2025-10,INR,0.3
2025-10,AED,6.81
2025-10,SGD,18.6
2025-10,KRW,0.0185
2025-11,USD,25.0
2025-11,CNY,3.45
2025-11,EUR,27.1
2025-11,JPY,0.166
2025-11,INR,0.3
2025-11,AED,6.81
2025-11,SGD,18.6
2025-11,KRW,0.0185
2025-12,USD,25.0
2025-12,CNY,3.45
2025-12,EUR,27.1
2025-12,JPY,0.166
2025-12,INR,0.3
2025-12,AED,6.81
2025-12,SGD,18.6
2025-12,KRW,0.0185
2026-01,USD,25.0
2026-01,CNY,3.45
2026-01,EUR,27.1
2026-01,JPY,0.166
2026-01,INR,0.3
2026-01,AED,6.81
2026-01,SGD,18.6
2026-01,KRW,0.0185
2026-02,USD,25.0
2026-02,CNY,3.45
2026-02,EUR,27.1
2026-02,JPY,0.166
2026-02,INR,0.3
2026-02,AED,6.81
2026-02,SGD,18.6
2026-02,KRW,0.0185
2026-03,USD,25.0
2026-03,CNY,3.45
2026-03,EUR,27.1
2026-03,JPY,0.166
2026-03,INR,0.3
2026-03,AED,6.81
2026-03,SGD,18.6
2026-03,KRW,0.0185
2026-04,USD,25.0
2026-04,CNY,3.45
2026-04,EUR,27.1
2026-04,JPY,0.166
2026-04,INR,0.3
2026-04,AED,6.81
2026-04,SGD,18.6
2026-04,KRW,0.0185
2026-05,USD,25.0
2026-05,CNY,3.45
2026-05,EUR,27.1
2026-05,JPY,0.166
2026-05,INR,0.3
2026-05,AED,6.81
2026-05,SGD,18.6
2026-05,KRW,0.0185
2026-06,USD,25.0
2026-06,CNY,3.45
2026-06,EUR,27.1
2026-06,JPY,0.166
2026-06,INR,0.3
2026-06,AED,6.81
2026-06,SGD,18.6
2026-06,KRW,0.0185
2026-07,USD,25.0
2026-07,CNY,3.45
2026-07,EUR,27.1
2026-07,JPY,0.166
2026-07,INR,0.3
2026-07,AED,6.81
2026-07,SGD,18.6
2026-07,KRW,0.0185
2026-08,USD,25.0
2026-08,CNY,3.45
2026-08,EUR,27.1
2026-08,JPY,0.166
2026-08,INR,0.3
2026-08,AED,6.81
2026-08,SGD,18.6
2026-08,KRW,0.0185
2026-09,USD,25.0
2026-09,CNY,3.45
2026-09,EUR,27.1
2026-09,JPY,0.166
2026-09,INR,0.3
2026-09,AED,6.81
2026-09,SGD,18.6
2026-09,KRW,0.0185
