crossing_office,neighbour,month,home_imports_lcu,neighbour_exports_lcu
LAND1,MYS,2023-10,68078709.0,67456190.0
LAND1,MYS,2023-11,87924585.0,88899993.0
LAND1,MYS,2023-12,52546281.0,54941917.0
LAND1,MYS,2024-01,44690868.0,45912705.0
LAND1,MYS,2024-02,89232636.0,87092059.0
LAND1,MYS,2024-03,90492978.0,89638393.0
LAND1,MYS,2024-04,87684131.0,89746579.0
LAND1,MYS,2024-05,66147084.0,62930447.0
LAND1,MYS,2024-06,142025104.0,149285452.0
LAND1,MYS,2024-07,100151899.0,102725575.0
LAND1,MYS,2024-08,164670722.0,168761663.0
LAND1,MYS,2024-09,143376579.0,149772351.0
LAND1,MYS,2024-10,72524135.0,75465373.0
LAND1,MYS,2024-11,70285923.0,66723470.0
LAND1,MYS,2024-12,69927335.0,65599147.0
LAND1,MYS,2025-01,71351229.0,70778507.0
LAND1,MYS,2025-02,80903622.0,83456133.0
LAND1,MYS,2025-03,54032762.0,50770398.0
LAND1,MYS,2025-04,66003710.0,66829686.0
LAND1,MYS,2025-05,80937834.0,80633805.0
LAND1,MYS,2025-06,38998442.0,37018120.0
LAND1,MYS,2025-07,73035038.0,75029080.0
LAND1,MYS,2025-08,77264365.0,74510372.0
LAND1,MYS,2025-09,64198486.0,67030748.0
LAND1,MYS,2025-10,46270794.0,46245945.0
LAND1,MYS,2025-11,142175090.0,140132796.0
LAND1,MYS,2025-12,36768499.0,38293126.0
LAND1,MYS,2026-01,37240239.0,36883897.0
LAND1,MYS,2026-02,107223293.0,112234795.0
LAND1,MYS,2026-03,36178114.0,34850325.0
LAND1,MYS,2026-04,95130093.0,92909187.0
LAND1,MYS,2026-05,81494645.0,79383949.0
LAND1,MYS,2026-06,87565840.0,81820013.0
LAND1,MYS,2026-07,83478569.0,81171922.0
LAND1,MYS,2026-08,59838210.0,56803359.0
LAND1,MYS,2026-09,59791852.0,57044685.0
LAND2,IND,2023-10,14935675.0,14949129.0
LAND2,IND,2023-11,52993820.0,53041557.0
LAND2,IND,2023-12,37404955.0,37438650.0
LAND2,IND,2024-01,17572024.0,17587853.0
LAND2,IND,2024-02,23445721.0,23466841.0
LAND2,IND,2024-03,13610112.0,13622372.0
LAND2,IND,2024-04,32184068.0,32213059.0
LAND2,IND,2024-05,21109381.0,21128396.0
LAND2,IND,2024-06,26089024.0,26112526.0
LAND2,IND,2024-07,7641839.0,7648723.0
LAND2,IND,2024-08,20929496.0,20948349.0
LAND2,IND,2024-09,37314835.0,37348448.0
LAND2,IND,2024-10,6625594.0,6631562.0
LAND2,IND,2024-11,31412395.0,32170328.0
LAND2,IND,2024-12,13018511.0,13649386.0
LAND2,IND,2025-01,22268655.0,23915988.0
LAND2,IND,2025-02,13004459.0,14314840.0
LAND2,IND,2025-03,32236268.0,36392264.0
LAND2,IND,2025-04,31832796.0,36880223.0
LAND2,IND,2025-05,72070998.0,85749807.0
LAND2,IND,2025-06,36001973.0,44021879.0
LAND2,IND,2025-07,56645918.0,71238390.0
LAND2,IND,2025-08,44459085.0,57552213.0
LAND2,IND,2025-09,43036075.0,57393677.0
LAND2,IND,2025-10,25497753.0,35063881.0
LAND2,IND,2025-11,42099925.0,59756891.0
LAND2,IND,2025-12,46255613.0,67837404.0
LAND2,IND,2026-01,36952315.0,56056303.0
LAND2,IND,2026-02,55517541.0,87217679.0
LAND2,IND,2026-03,37525129.0,61127793.0
LAND2,IND,2026-04,54240861.0,91743955.0
LAND2,IND,2026-05,29856589.0,52512645.0
LAND2,IND,2026-06,84819325.0,155375206.0
LAND2,IND,2026-07,57464084.0,109823569.0
LAND2,IND,2026-08,32833067.0,65590050.0
LAND2,IND,2026-09,31334782.0,65564911.0
LAND3,CHN,2023-10,22985047.0,22845152.0
LAND3,CHN,2023-11,19140554.0,18440340.0
LAND3,CHN,2023-12,39056860.0,39735261.0
LAND3,CHN,2024-01,15415322.0,15648842.0
LAND3,CHN,2024-02,29487669.0,30695369.0
LAND3,CHN,2024-03,44468265.0,46645040.0
LAND3,CHN,2024-04,37852624.0,36216146.0
LAND3,CHN,2024-05,14846541.0,14063062.0
LAND3,CHN,2024-06,34271930.0,34206065.0
LAND3,CHN,2024-07,35588547.0,33501480.0
LAND3,CHN,2024-08,26034166.0,26093126.0
LAND3,CHN,2024-09,27326656.0,28008094.0
LAND3,CHN,2024-10,39390949.0,37859226.0
LAND3,CHN,2024-11,41069553.0,43201377.0
LAND3,CHN,2024-12,34402873.0,36048430.0
LAND3,CHN,2025-01,20087465.0,20614017.0
LAND3,CHN,2025-02,39336265.0,39517820.0
LAND3,CHN,2025-03,43472588.0,42593763.0
LAND3,CHN,2025-04,45372956.0,45745272.0
LAND3,CHN,2025-05,38988601.0,40736619.0
LAND3,CHN,2025-06,36471798.0,35935289.0
LAND3,CHN,2025-07,23613999.0,23381766.0
LAND3,CHN,2025-08,26064178.0,24360769.0
LAND3,CHN,2025-09,50749826.0,52211466.0
LAND3,CHN,2025-10,38884116.0,38557705.0
LAND3,CHN,2025-11,25953972.0,26202517.0
LAND3,CHN,2025-12,20145966.0,20625346.0
LAND3,CHN,2026-01,41211291.0,39434981.0
LAND3,CHN,2026-02,22688331.0,23717980.0
LAND3,CHN,2026-03,23133317.0,21770333.0
LAND3,CHN,2026-04,43962440.0,43809340.0
LAND3,CHN,2026-05,51569077.0,51076158.0
LAND3,CHN,2026-06,21655674.0,21243427.0
LAND3,CHN,2026-07,37801416.0,35620348.0
LAND3,CHN,2026-08,51751446.0,50858848.0
LAND3,CHN,2026-09,36555675.0,36358428.0
LAND4,IDN,2023-10,10762671.0,10544563.0
LAND4,IDN,2023-11,41240019.0,42658678.0
LAND4,IDN,2023-12,9643518.0,9850070.0
LAND4,IDN,2024-01,11156035.0,10737553.0
LAND4,IDN,2024-02,10327852.0,10445096.0
LAND4,IDN,2024-03,9454580.0,9899966.0
LAND4,IDN,2024-04,6683954.0,6596967.0
LAND4,IDN,2024-05,30558172.0,30345008.0
LAND4,IDN,2024-06,17154995.0,17796056.0
LAND4,IDN,2024-07,20201522.0,20042195.0
LAND4,IDN,2024-08,9547415.0,9528290.0
LAND4,IDN,2024-09,74155241.0,74143255.0
LAND4,IDN,2024-10,22911055.0,22315144.0
LAND4,IDN,2024-11,24326105.0,25309220.0
LAND4,IDN,2024-12,12387350.0,11628874.0
LAND4,IDN,2025-01,10404496.0,10061501.0
LAND4,IDN,2025-02,18542986.0,18553902.0
LAND4,IDN,2025-03,14255061.0,14613305.0
LAND4,IDN,2025-04,27473729.0,26321319.0
LAND4,IDN,2025-05,26480916.0,27433287.0
LAND4,IDN,2025-06,14132751.0,14294060.0
LAND4,IDN,2025-07,9863340.0,9685434.0
LAND4,IDN,2025-08,21323610.0,22312894.0
LAND4,IDN,2025-09,44462623.0,44014684.0
LAND4,IDN,2025-10,4782233.0,4852024.0
LAND4,IDN,2025-11,10698519.0,10768852.0
LAND4,IDN,2025-12,8854317.0,8343451.0
LAND4,IDN,2026-01,8337570.0,7962495.0
LAND4,IDN,2026-02,12201169.0,12144057.0
LAND4,IDN,2026-03,15628193.0,14823344.0
LAND4,IDN,2026-04,27465745.0,28121863.0
LAND4,IDN,2026-05,16131944.0,15342205.0
LAND4,IDN,2026-06,14185140.0,13995960.0
LAND4,IDN,2026-07,36892411.0,35459622.0
LAND4,IDN,2026-08,6992768.0,7248248.0
LAND4,IDN,2026-09,16861265.0,16159745.0
LAND5,CHN,2023-10,15748893.0,15767312.0
LAND5,CHN,2023-11,17519051.0,17549587.0
LAND5,CHN,2023-12,34706108.0,36226723.0
LAND5,CHN,2024-01,24909999.0,25816294.0
LAND5,CHN,2024-02,29400599.0,27816730.0
LAND5,CHN,2024-03,20342937.0,19670646.0
LAND5,CHN,2024-04,12698922.0,12146274.0
LAND5,CHN,2024-05,36442204.0,37626968.0
LAND5,CHN,2024-06,12635073.0,12210436.0
LAND5,CHN,2024-07,30668109.0,28921052.0
LAND5,CHN,2024-08,32923478.0,34431169.0
LAND5,CHN,2024-09,6280352.0,6379693.0
LAND5,CHN,2024-10,14779007.0,14630849.0
LAND5,CHN,2024-11,8307749.0,8542554.0
LAND5,CHN,2024-12,31472478.0,31327108.0
LAND5,CHN,2025-01,11254784.0,11828732.0
LAND5,CHN,2025-02,22543903.0,22628885.0
LAND5,CHN,2025-03,16095391.0,15580310.0
LAND5,CHN,2025-04,27896756.0,29276549.0
LAND5,CHN,2025-05,32598543.0,31835240.0
LAND5,CHN,2025-06,17648738.0,18500347.0
LAND5,CHN,2025-07,16042204.0,16813307.0
LAND5,CHN,2025-08,24482677.0,24320736.0
LAND5,CHN,2025-09,13116820.0,12871513.0
LAND5,CHN,2025-10,27062369.0,28036014.0
LAND5,CHN,2025-11,35513485.0,35316054.0
LAND5,CHN,2025-12,20773578.0,21410358.0
LAND5,CHN,2026-01,50474137.0,50143748.0
LAND5,CHN,2026-02,27006191.0,26443839.0
LAND5,CHN,2026-03,30974408.0,32187366.0
LAND5,CHN,2026-04,31455725.0,31750685.0
LAND5,CHN,2026-05,45836687.0,44404361.0
LAND5,CHN,2026-06,69170535.0,70211605.0
LAND5,CHN,2026-07,33911278.0,32159133.0
LAND5,CHN,2026-08,32837181.0,32977519.0
LAND5,CHN,2026-09,36501215.0,34656239.0
LAND6,MYS,2023-10,5689431.0,5598592.0
LAND6,MYS,2023-11,8913497.0,9140853.0
LAND6,MYS,2023-12,15007583.0,14968553.0
LAND6,MYS,2024-01,673596.0,663267.0
LAND6,MYS,2024-02,9899276.0,9278899.0
LAND6,MYS,2024-03,21554693.0,21428365.0
LAND6,MYS,2024-04,9576373.0,9591713.0
LAND6,MYS,2024-05,9231094.0,9313429.0
LAND6,MYS,2024-06,13786042.0,13593671.0
LAND6,MYS,2024-07,17704171.0,17260128.0
LAND6,MYS,2024-08,11605085.0,11438476.0
LAND6,MYS,2024-09,2568897.0,2422149.0
LAND6,MYS,2024-10,6821170.0,6467642.0
LAND6,MYS,2024-11,5965971.0,6152916.0
LAND6,MYS,2024-12,574706.0,586158.0
LAND6,MYS,2025-01,3906326.0,3749095.0
LAND6,MYS,2025-02,1077467.0,1086801.0
LAND6,MYS,2025-03,8815505.0,9157030.0
LAND6,MYS,2025-04,1265602.0,1319052.0
LAND6,MYS,2025-05,2914295.0,2764616.0
LAND6,MYS,2025-06,16865516.0,16601595.0
LAND6,MYS,2025-07,7523130.0,7299091.0
LAND6,MYS,2025-08,9058351.0,8979880.0
LAND6,MYS,2025-09,14811931.0,15420427.0
LAND6,MYS,2025-10,338814.0,327690.0
LAND6,MYS,2025-11,16762381.0,16755792.0
LAND6,MYS,2025-12,9720329.0,10045126.0
LAND6,MYS,2026-01,3518209.0,3643247.0
LAND6,MYS,2026-02,8262230.0,8303118.0
LAND6,MYS,2026-03,14227704.0,13918037.0
LAND6,MYS,2026-04,1247863.0,1180075.0
LAND6,MYS,2026-05,7738553.0,7944279.0
LAND6,MYS,2026-06,11951886.0,11505430.0
LAND6,MYS,2026-07,15614369.0,15433346.0
LAND6,MYS,2026-08,1713399.0,1673199.0
LAND6,MYS,2026-09,2189309.0,2224976.0
LAND7,CHN,2023-10,43230751.0,41149231.0
LAND7,CHN,2023-11,79451284.0,78691377.0
LAND7,CHN,2023-12,61840632.0,64584350.0
LAND7,CHN,2024-01,73177411.0,76221670.0
LAND7,CHN,2024-02,64633361.0,60360254.0
LAND7,CHN,2024-03,56440463.0,53549595.0
LAND7,CHN,2024-04,52912618.0,50841055.0
LAND7,CHN,2024-05,69276829.0,68960892.0
LAND7,CHN,2024-06,66920846.0,63618757.0
LAND7,CHN,2024-07,47955029.0,46044433.0
LAND7,CHN,2024-08,63353317.0,66833951.0
LAND7,CHN,2024-09,56894991.0,58704187.0
LAND7,CHN,2024-10,53855929.0,56433242.0
LAND7,CHN,2024-11,75940579.0,75843200.0
LAND7,CHN,2024-12,33581584.0,34288379.0
LAND7,CHN,2025-01,34872741.0,35326540.0
LAND7,CHN,2025-02,59801787.0,57513357.0
LAND7,CHN,2025-03,77286623.0,75567322.0
LAND7,CHN,2025-04,59963197.0,57837690.0
LAND7,CHN,2025-05,38936985.0,37744823.0
LAND7,CHN,2025-06,37977254.0,37727904.0
LAND7,CHN,2025-07,52336152.0,52260640.0
LAND7,CHN,2025-08,45480831.0,42905663.0
LAND7,CHN,2025-09,46978494.0,44222577.0
LAND7,CHN,2025-10,68646460.0,65435002.0
LAND7,CHN,2025-11,74745652.0,71059854.0
LAND7,CHN,2025-12,87749235.0,84489824.0
LAND7,CHN,2026-01,99600798.0,96768037.0
LAND7,CHN,2026-02,72713325.0,71950009.0
LAND7,CHN,2026-03,103825939.0,103614072.0
LAND7,CHN,2026-04,82787229.0,85107204.0
LAND7,CHN,2026-05,147035262.0,147673073.0
LAND7,CHN,2026-06,86637805.0,86604101.0
LAND7,CHN,2026-07,60922843.0,63794197.0
LAND7,CHN,2026-08,67616882.0,70850229.0
LAND7,CHN,2026-09,67251353.0,63714882.0
