beneficiary_ref,scheme,licence_id,licence_limit_lcu,valid_from,valid_to
TRD0188,Investment promotion,LIC45172,61714000.0,2025-10,2026-09
TRD0053,Export processing zone,LIC88959,65670000.0,2025-10,2026-09
TRD0017,Agricultural inputs,LIC94169,122293000.0,2025-10,2026-09
TRD0122,Diplomatic and aid,LIC83859,69211000.0,2025-10,2026-09
TRD0531,Investment promotion,LIC76094,81323000.0,2025-10,2026-09
TRD0438,Export processing zone,LIC99479,54536000.0,2025-10,2026-09
TRD0473,Agricultural inputs,LIC12401,50000.0,2025-10,2026-09
TRD0287,Diplomatic and aid,LIC26603,53233000.0,2025-10,2026-09
TRD0598,Investment promotion,LIC93674,89781000.0,2025-10,2026-09
TRD0342,Export processing zone,LIC10682,25663000.0,2025-10,2026-09
TRD0096,Agricultural inputs,LIC23532,61410000.0,2025-10,2026-09
TRD0150,Diplomatic and aid,LIC80391,62794000.0,2025-10,2026-09
TRD0063,Investment promotion,LIC71123,95888000.0,2025-10,2026-09
TRD0248,Export processing zone,LIC72232,61724000.0,2025-10,2026-09
TRD0214,Agricultural inputs,LIC35474,39749000.0,2025-10,2026-09
TRD0220,Diplomatic and aid,LIC83998,50000.0,2025-10,2026-09
TRD0312,Investment promotion,LIC90906,104484000.0,2025-10,2026-09
TRD0257,Export processing zone,LIC18123,48730000.0,2025-10,2026-09
TRD0011,Agricultural inputs,LIC45651,16967000.0,2025-10,2026-09
TRD0177,Diplomatic and aid,LIC70903,27156000.0,2025-10,2026-09
TRD0192,Investment promotion,LIC80547,40320000.0,2025-10,2026-09
TRD0265,Export processing zone,LIC67243,7935000.0,2025-10,2026-09
TRD0550,Agricultural inputs,LIC36030,28310000.0,2025-10,2026-09
TRD0532,Diplomatic and aid,LIC77949,21272000.0,2025-10,2026-09
TRD0108,Investment promotion,LIC84559,62161000.0,2025-10,2026-09
TRD0135,Export processing zone,LIC72298,12253000.0,2025-10,2026-09
TRD0100,Agricultural inputs,LIC76766,30188000.0,2025-10,2026-09
TRD0347,Diplomatic and aid,LIC63325,87859000.0,2025-10,2026-09
TRD0229,Investment promotion,LIC22350,32960000.0,2025-10,2026-09
TRD0276,Export processing zone,LIC44367,48883000.0,2025-10,2026-09
TRD0548,Agricultural inputs,LIC76276,27752000.0,2025-10,2026-09
TRD0182,Diplomatic and aid,LIC16686,35498000.0,2025-10,2026-09
TRD0110,Investment promotion,LIC72007,4427000.0,2025-10,2026-09
TRD0195,Export processing zone,LIC75822,83046000.0,2025-10,2026-09
TRD0281,Agricultural inputs,LIC15151,23233000.0,2025-10,2026-09
TRD0464,Diplomatic and aid,LIC18794,14289000.0,2025-10,2026-09
TRD0433,Investment promotion,LIC95434,48966000.0,2025-10,2026-09
TRD0238,Export processing zone,LIC99964,1619000.0,2025-10,2026-09
TRD0007,Agricultural inputs,LIC50801,40786000.0,2025-10,2026-09
TRD0599,Diplomatic and aid,LIC22861,32130000.0,2025-10,2026-09
TRD0044,Investment promotion,LIC33190,34940000.0,2025-10,2026-09
TRD0314,Export processing zone,LIC79537,37342000.0,2025-10,2026-09
TRD0162,Agricultural inputs,LIC48314,93504000.0,2025-10,2026-09
TRD0555,Diplomatic and aid,LIC72172,68043000.0,2025-10,2026-09
TRD0515,Investment promotion,LIC88978,25100000.0,2025-10,2026-09
TRD0467,Export processing zone,LIC60734,23081000.0,2025-10,2026-09
TRD0479,Agricultural inputs,LIC68647,50000.0,2025-10,2026-09
TRD0508,Diplomatic and aid,LIC58526,57674000.0,2025-10,2026-09
TRD0530,Investment promotion,LIC76954,19197000.0,2025-10,2026-09
TRD0127,Export processing zone,LIC36613,50000.0,2025-10,2026-09
TRD0355,Agricultural inputs,LIC47472,24808000.0,2025-10,2026-09
TRD0099,Diplomatic and aid,LIC33409,50000.0,2025-10,2026-09
TRD0171,Investment promotion,LIC53325,26451000.0,2025-10,2026-09
TRD0109,Export processing zone,LIC20634,37160000.0,2025-10,2026-09
TRD0367,Agricultural inputs,LIC46226,50000.0,2025-10,2026-09
TRD0485,Diplomatic and aid,LIC45397,50000.0,2025-10,2026-09
TRD0422,Investment promotion,LIC64446,5821000.0,2025-10,2026-09
TRD0271,Export processing zone,LIC73106,22961000.0,2025-10,2026-09
TRD0417,Agricultural inputs,LIC39844,50000.0,2025-10,2026-09
TRD0112,Diplomatic and aid,LIC71267,90583000.0,2025-10,2026-09
