chapter,partner,year,partner_exports_usd,home_imports_usd,home_fob_usd,freight_usd,insurance_usd,cif_fob_adj,timing_usd,hub_attributed_usd,partner_weight_kg,home_weight_kg,reported_weight_flag,attribution,note,weight_ratio
17,Viet Nam,2021,151724240.0,155156095.0,143663051.0,9769087.0,1723957.0,0.08,1476695.0,1253685.0,252873733.0,243651969.0,1,consignment,,0.964
17,Viet Nam,2022,155928710.0,170906536.0,158246792.0,10760782.0,1898962.0,0.08,1463138.0,658460.0,259881183.0,267018724.0,1,consignment,,1.027
17,Viet Nam,2023,160249691.0,173740799.0,160871110.0,10939235.0,1930453.0,0.08,1109428.0,3108995.0,267082818.0,274628428.0,1,consignment,,1.028
17,Viet Nam,2024,164690412.0,165612918.0,153345294.0,10427480.0,1840144.0,0.08,1024338.0,2380137.0,274484019.0,260829310.0,1,consignment,,0.95
17,Viet Nam,2025,169254190.0,172889681.0,160083038.0,10885647.0,1920996.0,0.08,1542297.0,2046619.0,282090317.0,272343514.0,1,consignment,,0.965
17,Thailand,2021,124794288.0,75352092.0,69770455.0,4744391.0,837245.0,0.08,1247943.0,3743829.0,207990481.0,123987443.0,1,consignment,,0.596
17,Thailand,2022,132695552.0,84381835.0,78131329.0,5312930.0,937576.0,0.08,1326956.0,3980867.0,221159253.0,138409965.0,1,consignment,,0.626
17,Thailand,2023,141097078.0,95606343.0,88524392.0,6019659.0,1062293.0,0.08,1410971.0,4232912.0,235161797.0,156250349.0,1,consignment,,0.664
17,Thailand,2024,150030542.0,98721982.0,91409243.0,6215829.0,1096911.0,0.08,1500305.0,4500916.0,250050903.0,161609883.0,1,consignment,,0.646
17,Thailand,2025,120000000.0,70000000.0,64814815.0,4407407.0,777778.0,0.08,6000000.0,12000000.0,265882702.0,157795357.0,1,consignment,,0.593
17,China,2021,41120914.0,45160892.0,41815641.0,2843464.0,501788.0,0.08,271519.0,699888.0,68534856.0,71191820.0,1,consignment,,1.039
17,China,2022,43523531.0,48111292.0,44547493.0,3029230.0,534570.0,0.08,135718.0,29693.0,72539219.0,74501085.0,1,consignment,,1.027
17,China,2023,46066530.0,47612139.0,44085314.0,2997801.0,529024.0,0.08,296482.0,504875.0,76777549.0,74712187.0,1,consignment,,0.973
17,China,2024,48758110.0,53347268.0,49395618.0,3358902.0,592747.0,0.08,115037.0,468434.0,81263517.0,83226449.0,1,consignment,,1.024
17,China,2025,51606955.0,54025565.0,50023671.0,3401610.0,600284.0,0.08,192606.0,39320.0,86011592.0,83730696.0,1,consignment,,0.973
24,Viet Nam,2021,147842983.0,149561577.0,143809208.0,4889513.0,862855.0,0.04,56835.0,1062681.0,24640497.0,24147611.0,1,consignment,,0.98
24,Viet Nam,2022,156016226.0,152424216.0,146561746.0,4983099.0,879370.0,0.04,246632.0,1287697.0,26002704.0,24672844.0,1,consignment,,0.949
24,Viet Nam,2023,164641312.0,170557844.0,163997927.0,5575930.0,983988.0,0.04,514459.0,1876589.0,27440219.0,27716168.0,1,consignment,,1.01
24,Viet Nam,2024,,176616152.0,169823223.0,5773990.0,1018939.0,0.04,1609966.0,2479853.0,28957204.0,28959290.0,1,consignment,,1.0
24,Viet Nam,2025,,189370560.0,182087077.0,6190961.0,1092522.0,0.04,1361010.0,243108.0,30558052.0,30604916.0,1,consignment,,1.002
24,Thailand,2021,75225133.0,74324399.0,71465768.0,2429836.0,428795.0,0.04,244073.0,1113493.0,12537522.0,12128520.0,1,consignment,,0.967
24,Thailand,2022,77108320.0,79965823.0,76890214.0,2614267.0,461341.0,0.04,45563.0,829511.0,12851387.0,12955272.0,1,consignment,,1.008
24,Thailand,2023,79038652.0,82082556.0,78925535.0,2683468.0,473553.0,0.04,164739.0,1014327.0,13173109.0,13343209.0,1,consignment,,1.013
24,Thailand,2024,81017307.0,85090746.0,81818025.0,2781813.0,490908.0,0.04,171009.0,312361.0,13502885.0,13713801.0,1,consignment,,1.016
24,Thailand,2025,83045497.0,78069802.0,75067118.0,2552282.0,450403.0,0.04,628416.0,1329901.0,13840916.0,12825019.0,1,consignment,,0.927
24,China,2021,137093499.0,137685685.0,132390081.0,4501263.0,794340.0,0.04,1102808.0,1953601.0,22848916.0,25102740.0,0,consignment,partner weights estimated from value (Comtrade convention),1.099
24,China,2022,142009051.0,149060191.0,143327107.0,4873122.0,859963.0,0.04,998027.0,2595329.0,23668175.0,23138818.0,0,consignment,partner weights estimated from value (Comtrade convention),0.978
24,China,2023,147100854.0,148824355.0,143100342.0,4865412.0,858602.0,0.04,279958.0,1665220.0,24516809.0,15453014.0,0,consignment,partner weights estimated from value (Comtrade convention),0.63
24,China,2024,152375225.0,161571968.0,155357661.0,5282160.0,932146.0,0.04,953363.0,156088.0,25395871.0,29027093.0,0,consignment,partner weights estimated from value (Comtrade convention),1.143
24,China,2025,157838711.0,152620824.0,146750792.0,4989527.0,880505.0,0.04,1001127.0,2338477.0,26306452.0,17546231.0,0,consignment,partner weights estimated from value (Comtrade convention),0.667
39,Viet Nam,2021,207643759.0,219292659.0,204946410.0,12194311.0,2151937.0,0.07,1985638.0,2336216.0,159725968.0,160758097.0,1,consignment,,1.006
39,Viet Nam,2022,216840291.0,234211784.0,218889518.0,13023926.0,2298340.0,0.07,34902.0,2685500.0,166800224.0,170332269.0,1,consignment,,1.021
39,Viet Nam,2023,226444137.0,242973711.0,227078234.0,13511155.0,2384321.0,0.07,2196815.0,1197781.0,174187798.0,177115965.0,1,consignment,,1.017
39,Viet Nam,2024,236473337.0,236046452.0,220604161.0,13125948.0,2316344.0,0.07,758854.0,219055.0,181902567.0,170398535.0,1,consignment,,0.937
39,Viet Nam,2025,246946730.0,255794557.0,239060334.0,14224090.0,2510134.0,0.07,1345584.0,4304251.0,189959023.0,187954272.0,1,consignment,,0.989
39,Thailand,2021,135909812.0,589505725.0,550939930.0,32780926.0,5784869.0,0.07,1235754.0,611021.0,104546009.0,425127606.0,1,origin,home records origin; the partner records exports to the hub that re-ships the goods,4.066
39,Thailand,2022,144841170.0,649275675.0,606799697.0,36104582.0,6371397.0,0.07,236729.0,611593.0,111416284.0,467378862.0,1,origin,home records origin; the partner records exports to the hub that re-ships the goods,4.195
39,Thailand,2023,154359454.0,747733085.0,698815967.0,41579550.0,7337568.0,0.07,699982.0,52996.0,118738042.0,538092065.0,1,origin,home records origin; the partner records exports to the hub that re-ships the goods,4.532
39,Thailand,2024,164503236.0,636632668.0,594983802.0,35401536.0,6247330.0,0.07,28998.0,1107359.0,126540951.0,458496783.0,1,origin,home records origin; the partner records exports to the hub that re-ships the goods,3.623
39,Thailand,2025,175313620.0,807637260.0,754801177.0,44910670.0,7925412.0,0.07,89261.0,3162466.0,134856631.0,582953981.0,1,origin,home records origin; the partner records exports to the hub that re-ships the goods,4.323
39,China,2021,147845717.0,146592900.0,137002710.0,8151661.0,1438528.0,0.07,1297761.0,144620.0,113727475.0,106423639.0,1,consignment,,0.936
39,China,2022,154899047.0,170041946.0,158917706.0,9455604.0,1668636.0,0.07,546808.0,154937.0,119153113.0,122748879.0,1,consignment,,1.03
39,China,2023,162288873.0,173371939.0,162029849.0,9640776.0,1701313.0,0.07,896503.0,9452.0,124837594.0,125289643.0,1,consignment,,1.004
39,China,2024,170031247.0,166409896.0,155523267.0,9253634.0,1632994.0,0.07,1028281.0,11320.0,130793267.0,120380659.0,1,consignment,,0.92
39,China,2025,178142990.0,186072162.0,173899217.0,10347003.0,1825942.0,0.07,38487.0,744376.0,137033069.0,134331434.0,1,consignment,,0.98
52,Viet Nam,2021,59757414.0,57901620.0,54624169.0,2785833.0,491618.0,0.06,324706.0,1112134.0,14939353.0,13994920.0,1,consignment,,0.937
52,Viet Nam,2022,62415997.0,67254674.0,63447805.0,3235838.0,571030.0,0.06,328862.0,1118341.0,15603999.0,16203273.0,1,consignment,,1.038
52,Viet Nam,2023,65192860.0,66645944.0,62873532.0,3206550.0,565862.0,0.06,190291.0,1169965.0,16298215.0,16039198.0,1,consignment,,0.984
52,Viet Nam,2024,68093264.0,67009798.0,63216790.0,3224056.0,568951.0,0.06,594143.0,1273249.0,17023316.0,16244620.0,1,consignment,,0.954
52,Viet Nam,2025,71122706.0,71996640.0,67921358.0,3463989.0,611292.0,0.06,696203.0,758756.0,17780676.0,17323490.0,1,consignment,,0.974
52,Thailand,2021,175045340.0,228551082.0,215614229.0,10996326.0,1940528.0,0.06,713321.0,775596.0,43761335.0,54254717.0,1,consignment,goods are duty-free at home: no incentive to under-declare,1.24
52,Thailand,2022,179179071.0,235152093.0,221841597.0,11313921.0,1996574.0,0.06,1490556.0,2528785.0,44794768.0,56408357.0,1,consignment,goods are duty-free at home: no incentive to under-declare,1.259
52,Thailand,2023,183410420.0,230370449.0,217330612.0,11083861.0,1955976.0,0.06,1282876.0,2311979.0,45852605.0,55180496.0,1,consignment,goods are duty-free at home: no incentive to under-declare,1.203
52,Thailand,2024,187741694.0,235399785.0,222075268.0,11325839.0,1998677.0,0.06,1429224.0,1000255.0,46935423.0,56091808.0,1,consignment,goods are duty-free at home: no incentive to under-declare,1.195
52,Thailand,2025,192175251.0,238458011.0,224960388.0,11472980.0,2024643.0,0.06,835767.0,1850072.0,48043813.0,56873550.0,1,consignment,goods are duty-free at home: no incentive to under-declare,1.184
52,China,2021,168191350.0,177525325.0,167476722.0,8541313.0,1507290.0,0.06,130473.0,2456753.0,42047837.0,42479375.0,1,consignment,"chapter totals agree; within the chapter, value moves from cotton fabric into cotton yarn",1.01
52,China,2022,174829389.0,190175661.0,179411001.0,9149961.0,1614699.0,0.06,1390673.0,214337.0,43707347.0,45231290.0,1,consignment,"chapter totals agree; within the chapter, value moves from cotton fabric into cotton yarn",1.035
52,China,2023,181729413.0,181316678.0,171053470.0,8723727.0,1539481.0,0.06,1513562.0,1571721.0,45432353.0,43491029.0,1,consignment,"chapter totals agree; within the chapter, value moves from cotton fabric into cotton yarn",0.957
52,China,2024,188901762.0,201735991.0,190316973.0,9706166.0,1712853.0,0.06,1516293.0,472772.0,47225441.0,48048362.0,1,consignment,"chapter totals agree; within the chapter, value moves from cotton fabric into cotton yarn",1.017
52,China,2025,196357183.0,206441520.0,194756151.0,9932564.0,1752805.0,0.06,144094.0,939852.0,49089296.0,48944685.0,1,consignment,"chapter totals agree; within the chapter, value moves from cotton fabric into cotton yarn",0.997
61,Viet Nam,2021,167228638.0,168082941.0,160078991.0,6803357.0,1200592.0,0.05,5016859.0,734369.0,12863741.0,12735104.0,1,consignment,,0.99
61,Viet Nam,2022,179859874.0,160876909.0,153216104.0,6511684.0,1149121.0,0.05,5395796.0,1806347.0,13835375.0,12313484.0,1,consignment,,0.89
61,Viet Nam,2023,193445183.0,153595309.0,146281247.0,6216953.0,1097109.0,0.05,5803355.0,1064114.0,14880399.0,11755515.0,1,consignment,,0.79
61,Viet Nam,2024,208056626.0,141644082.0,134899125.0,5733213.0,1011743.0,0.05,6241699.0,2851246.0,16004356.0,11043006.0,1,consignment,,0.69
61,Viet Nam,2025,223771713.0,129474574.0,123309118.0,5240638.0,924818.0,0.05,6713151.0,2438851.0,17213209.0,10155793.0,1,consignment,,0.59
61,Thailand,2021,41368260.0,43742135.0,41659176.0,1770515.0,312444.0,0.05,362197.0,464615.0,3182174.0,3265124.0,1,consignment,,1.026
61,Thailand,2022,42241143.0,44463321.0,42346020.0,1799706.0,317595.0,0.05,123806.0,237273.0,3249319.0,3283839.0,1,consignment,,1.011
61,Thailand,2023,43132446.0,42754705.0,40718767.0,1730548.0,305391.0,0.05,201141.0,574909.0,3317880.0,3189066.0,1,consignment,,0.961
61,Thailand,2024,44042555.0,46173788.0,43975036.0,1868939.0,329813.0,0.05,97716.0,544311.0,3387889.0,3429730.0,1,consignment,,1.012
61,Thailand,2025,44971867.0,43886606.0,41796767.0,1776363.0,313476.0,0.05,132548.0,822232.0,3459374.0,3285083.0,1,consignment,,0.95
61,China,2021,110583156.0,106845454.0,101757575.0,4324697.0,763182.0,0.05,679088.0,1660569.0,8506397.0,7998909.0,1,consignment,,0.94
61,China,2022,113879815.0,111812949.0,106488522.0,4525762.0,798664.0,0.05,497479.0,1553519.0,8759986.0,8341681.0,1,consignment,,0.952
61,China,2023,117274752.0,113806639.0,108387275.0,4606459.0,812905.0,0.05,991380.0,287131.0,9021135.0,8431147.0,1,consignment,,0.935
61,China,2024,120770898.0,129009056.0,122865768.0,5221795.0,921493.0,0.05,438855.0,1688547.0,9290069.0,9607067.0,1,consignment,,1.034
61,China,2025,124371269.0,120284789.0,114556942.0,4868670.0,859177.0,0.05,932562.0,1784716.0,9567021.0,9011140.0,1,consignment,,0.942
72,Viet Nam,2021,170168910.0,189318316.0,170557042.0,15947083.0,2814191.0,0.11,323119.0,759977.0,243098443.0,245046863.0,1,consignment,,1.008
72,Viet Nam,2022,177746767.0,192063905.0,173030545.0,16178356.0,2855004.0,0.11,1499535.0,2645215.0,253923952.0,252520792.0,1,consignment,,0.994
72,Viet Nam,2023,185662076.0,201918336.0,181908410.0,17008436.0,3001489.0,0.11,940986.0,2192969.0,265231537.0,263902562.0,1,consignment,,0.995
72,Viet Nam,2024,193929864.0,216503913.0,195048570.0,18237041.0,3218301.0,0.11,264960.0,132020.0,277042664.0,279151728.0,1,consignment,,1.008
72,Viet Nam,2025,202565829.0,220630246.0,198765987.0,18584620.0,3279639.0,0.11,1465804.0,3328018.0,289379756.0,290121066.0,1,consignment,,1.003
72,Thailand,2021,157614594.0,167399320.0,150810198.0,14100754.0,2488368.0,0.11,755922.0,350210.0,225163706.0,216866733.0,1,consignment,,0.963
72,Thailand,2022,170159446.0,185064536.0,166724807.0,15588769.0,2750959.0,0.11,258447.0,739535.0,243084922.0,239462701.0,1,consignment,,0.985
72,Thailand,2023,183702766.0,202708933.0,182620660.0,17075032.0,3013241.0,0.11,380239.0,1033059.0,262432523.0,262705573.0,1,consignment,,1.001
72,Thailand,2024,198324025.0,212708997.0,191629727.0,17917379.0,3161890.0,0.11,1792197.0,1532440.0,283320036.0,278035564.0,1,consignment,,0.981
72,Thailand,2025,214109019.0,241210687.0,217306925.0,20318198.0,3585564.0,0.11,185805.0,2550365.0,305870027.0,313959920.0,1,consignment,,1.026
72,China,2021,157706348.0,169031297.0,152280448.0,14238222.0,2512627.0,0.11,1074030.0,3046942.0,225294783.0,222847193.0,1,consignment,,0.989
72,China,2022,168804889.0,185896096.0,167473960.0,15658815.0,2763320.0,0.11,1511560.0,2368950.0,241149841.0,244242736.0,1,consignment,,1.013
72,China,2023,180684486.0,197829197.0,178224502.0,16663991.0,2940704.0,0.11,944648.0,719799.0,258120694.0,256748577.0,1,consignment,,0.995
72,China,2024,193400106.0,114644211.0,103283073.0,9656967.0,1704171.0,0.11,107492.0,3319062.0,276285866.0,151957226.0,1,consignment,,0.55
72,China,2025,207010585.0,220208554.0,198386085.0,18549099.0,3273370.0,0.11,187828.0,3039874.0,295729407.0,287562749.0,1,consignment,,0.972
85,Viet Nam,2021,120266586.0,123454520.0,119858757.0,3056398.0,539364.0,0.03,963873.0,1288895.0,3006665.0,3051148.0,1,consignment,,1.015
85,Viet Nam,2022,129841823.0,135682186.0,131730278.0,3359122.0,592786.0,0.03,4431.0,2100965.0,3246046.0,3344359.0,1,consignment,,1.03
85,Viet Nam,2023,140179409.0,130415966.0,126617443.0,3228745.0,569778.0,0.03,1035675.0,2252301.0,3504485.0,3245241.0,1,consignment,,0.926
85,Viet Nam,2024,151340040.0,157722929.0,153129058.0,3904791.0,689081.0,0.03,119665.0,1988560.0,3783501.0,3879397.0,1,consignment,,1.025
85,Viet Nam,2025,163389245.0,152199899.0,147766893.0,3768056.0,664951.0,0.03,1559434.0,1985236.0,4084731.0,3780208.0,1,consignment,,0.925
85,Thailand,2021,105591640.0,106281946.0,103186355.0,2631252.0,464339.0,0.03,16689.0,1505063.0,2639791.0,2616595.0,1,consignment,,0.991
85,Thailand,2022,110639470.0,109835467.0,106636375.0,2719228.0,479864.0,0.03,878191.0,1359976.0,2765987.0,2720234.0,1,consignment,,0.983
85,Thailand,2023,115928613.0,114180699.0,110855047.0,2826804.0,498848.0,0.03,207481.0,1992766.0,2898215.0,2824780.0,1,consignment,,0.975
85,Thailand,2024,121470605.0,121994875.0,118441626.0,3020261.0,532987.0,0.03,484649.0,1992858.0,3036765.0,3021174.0,1,consignment,,0.995
85,Thailand,2025,127277532.0,122330768.0,118767736.0,3028577.0,534455.0,0.03,79574.0,2084799.0,3181938.0,3021727.0,1,consignment,,0.95
85,China,2021,186255859.0,109198431.0,106017894.0,2703456.0,477081.0,0.03,1862559.0,5587676.0,4656396.0,2831278.0,1,consignment,,0.608
85,China,2022,196623752.0,128786455.0,125035394.0,3188403.0,562659.0,0.03,1966238.0,5898713.0,4915594.0,3316782.0,1,consignment,,0.675
85,China,2023,207568772.0,129723503.0,125945149.0,3211601.0,566753.0,0.03,2075688.0,6227063.0,5189219.0,3350152.0,1,consignment,,0.646
85,China,2024,219123044.0,138904795.0,134859024.0,3438905.0,606866.0,0.03,2191230.0,6573691.0,5478076.0,3584216.0,1,consignment,,0.654
85,China,2025,231320482.0,133137637.0,129259842.0,3296126.0,581669.0,0.03,2313205.0,6939614.0,5783012.0,3456079.0,1,consignment,,0.598
87,Viet Nam,2021,47555389.0,50669248.0,47801178.0,2437860.0,430211.0,0.06,423200.0,87906.0,5944424.0,6035419.0,1,consignment,,1.015
87,Viet Nam,2022,49129506.0,49919503.0,47093871.0,2401787.0,423845.0,0.06,271913.0,158837.0,6141188.0,5937530.0,1,consignment,,0.967
87,Viet Nam,2023,50755727.0,50878428.0,47998517.0,2447924.0,431987.0,0.06,255588.0,84804.0,6344466.0,6039955.0,1,consignment,,0.952
87,Viet Nam,2024,52435777.0,55603652.0,52456275.0,2675270.0,472106.0,0.06,104750.0,540005.0,6554472.0,6633067.0,1,consignment,,1.012
87,Viet Nam,2025,54171438.0,57708891.0,54442350.0,2776560.0,489981.0,0.06,185427.0,809467.0,6771430.0,6922616.0,1,consignment,,1.022
87,Thailand,2021,197865828.0,201017242.0,189638908.0,9671584.0,1706750.0,0.06,1699434.0,2750146.0,24733229.0,24229578.0,1,consignment,,0.98
87,Thailand,2022,210033817.0,200781398.0,189416413.0,9660237.0,1704748.0,0.06,850258.0,4188059.0,26254227.0,24271193.0,1,consignment,,0.924
87,Thailand,2023,222950090.0,338563108.0,319399159.0,16289357.0,2874592.0,0.06,481366.0,3629814.0,27868761.0,40409704.0,1,consignment,partner moved part of the goods to chapter 84 this year (HS revision); the HS6 detail lines up,1.45
87,Thailand,2024,236660665.0,231792957.0,218672601.0,11152303.0,1968053.0,0.06,51248.0,2510200.0,29582583.0,27636133.0,1,consignment,,0.934
87,Thailand,2025,251214387.0,272056261.0,256656850.0,13089499.0,2309912.0,0.06,923432.0,2467683.0,31401798.0,32482002.0,1,consignment,,1.034
87,China,2021,91711371.0,96168584.0,90725079.0,4626979.0,816526.0,0.06,499557.0,1692068.0,11463921.0,11599081.0,1,consignment,,1.012
87,China,2022,98803395.0,106009656.0,100009110.0,5100465.0,900082.0,0.06,30732.0,996853.0,12350424.0,12622316.0,1,consignment,,1.022
87,China,2023,106443845.0,111208235.0,104913429.0,5350585.0,944221.0,0.06,1016098.0,620177.0,13305481.0,13307136.0,1,consignment,,1.0
87,China,2024,114675129.0,113039076.0,106640638.0,5438673.0,959766.0,0.06,820232.0,1390741.0,14334391.0,13590808.0,1,consignment,,0.948
87,China,2025,123542937.0,129585919.0,122250867.0,6234794.0,1100258.0,0.06,720577.0,2086632.0,15442867.0,15612397.0,1,consignment,,1.011
