importer_id,hs8,month,uv_lcu_per_kg,n_lines,ref_median
IMP00926,27101201,2023-10,18.2,22,18.2
IMP00926,27101201,2023-11,18.09,29,18.7
IMP00926,27101201,2023-12,17.81,34,17.91
IMP00926,27101201,2024-01,17.22,35,17.59
IMP00926,27101201,2024-02,16.95,20,17.76
IMP00926,27101201,2024-03,17.48,31,17.48
IMP00926,27101201,2024-04,16.97,33,17.62
IMP00926,27101201,2024-05,16.37,22,16.82
IMP00926,27101201,2024-06,16.74,29,16.81
IMP00926,27101201,2024-07,16.48,31,16.69
IMP00926,27101201,2024-08,16.36,27,16.54
IMP00926,27101201,2024-09,16.15,41,16.14
IMP00926,27101201,2024-10,15.69,25,15.98
IMP00926,27101201,2024-11,15.2,20,16.09
IMP00926,27101201,2024-12,15.29,20,15.71
IMP00926,27101201,2025-01,15.69,28,16.36
IMP00926,27101201,2025-02,14.76,37,15.16
IMP00926,27101201,2025-03,15.49,36,15.54
IMP00926,27101201,2025-04,14.58,43,14.81
IMP00926,27101201,2025-05,14.71,37,15.0
IMP00926,27101201,2025-06,14.4,27,14.62
IMP00926,27101201,2025-07,14.25,27,14.48
IMP00926,27101201,2025-08,14.05,18,14.54
IMP00926,27101201,2025-09,14.06,22,14.24
IMP00926,27101201,2025-10,13.98,33,14.12
IMP00926,27101201,2025-11,14.12,22,14.12
IMP00926,27101201,2025-12,13.71,36,14.09
IMP00926,27101201,2026-01,13.26,35,13.57
IMP00926,27101201,2026-02,13.68,35,13.82
IMP00926,27101201,2026-03,13.37,34,13.49
IMP00926,27101201,2026-04,12.97,34,13.11
IMP00926,27101201,2026-05,12.72,30,12.88
IMP00926,27101201,2026-06,13.21,25,13.26
IMP00926,27101201,2026-07,13.05,38,13.32
IMP00926,27101201,2026-08,12.74,33,12.83
IMP00926,27101201,2026-09,12.19,30,12.3
IMP00448,27090001,2023-10,15.94,11,15.85
IMP00448,27090001,2023-11,15.02,4,14.42
IMP00448,27090001,2023-12,15.26,10,14.9
IMP00448,27090001,2024-01,13.66,4,12.65
IMP00448,27090001,2024-02,14.8,12,14.67
IMP00448,27090001,2024-03,13.83,6,12.26
IMP00448,27090001,2024-04,14.14,7,14.13
IMP00448,27090001,2024-05,13.51,12,13.07
IMP00448,27090001,2024-06,14.05,5,12.76
IMP00448,27090001,2024-07,12.4,4,11.67
IMP00448,27090001,2024-08,13.93,9,13.86
IMP00448,27090001,2024-09,14.06,6,13.32
IMP00448,27090001,2024-10,12.98,9,12.9
IMP00448,27090001,2024-11,13.19,12,13.13
IMP00448,27090001,2024-12,12.78,7,12.55
IMP00448,27090001,2025-01,12.88,10,13.18
IMP00448,27090001,2025-02,12.97,14,12.23
IMP00448,27090001,2025-03,12.51,12,12.46
IMP00448,27090001,2025-04,12.19,23,12.06
IMP00448,27090001,2025-05,12.82,6,11.77
IMP00448,27090001,2025-06,11.88,16,11.74
IMP00448,27090001,2025-07,12.52,6,12.21
IMP00448,27090001,2025-08,12.55,6,12.33
IMP00448,27090001,2025-09,12.39,3,12.05
IMP00448,27090001,2025-10,11.41,9,11.4
IMP00448,27090001,2025-11,12.17,10,11.6
IMP00448,27090001,2025-12,10.93,9,10.9
IMP00448,27090001,2026-01,11.44,10,11.05
IMP00448,27090001,2026-02,10.99,11,10.69
IMP00448,27090001,2026-03,11.53,8,11.53
IMP00448,27090001,2026-04,11.75,10,11.23
IMP00448,27090001,2026-05,10.96,17,10.85
IMP00448,27090001,2026-06,10.85,11,10.82
IMP00448,27090001,2026-07,10.75,5,9.62
IMP00448,27090001,2026-08,10.68,5,9.64
IMP00448,27090001,2026-09,10.75,11,10.47
IMP01142,40111004,2023-10,57.76,22,58.75
IMP01142,40111004,2023-11,56.81,26,59.58
IMP01142,40111004,2023-12,57.33,13,58.03
IMP01142,40111004,2024-01,56.97,19,58.18
IMP01142,40111004,2024-02,58.98,23,59.73
IMP01142,40111004,2024-03,59.45,16,61.32
IMP01142,40111004,2024-04,56.56,21,58.53
IMP01142,40111004,2024-05,57.99,21,60.9
IMP01142,40111004,2024-06,57.08,14,58.42
IMP01142,40111004,2024-07,56.85,17,59.79
IMP01142,40111004,2024-08,56.87,17,59.3
IMP01142,40111004,2024-09,57.06,15,59.1
IMP01142,40111004,2024-10,58.24,22,59.2
IMP01142,40111004,2024-11,57.52,22,58.5
IMP01142,40111004,2024-12,58.39,23,59.31
IMP01142,40111004,2025-01,58.34,18,58.79
IMP01142,40111004,2025-02,56.47,28,58.08
IMP01142,40111004,2025-03,56.97,18,57.27
IMP01142,40111004,2025-04,57.96,14,58.35
IMP01142,40111004,2025-05,57.94,14,60.46
IMP01142,40111004,2025-06,58.35,20,57.64
IMP01142,40111004,2025-07,58.05,23,59.37
IMP01142,40111004,2025-08,58.49,19,57.46
IMP01142,40111004,2025-09,58.96,16,58.96
IMP01142,40111004,2025-10,53.5,10,56.72
IMP01142,40111004,2025-11,57.42,22,57.92
IMP01142,40111004,2025-12,57.74,19,58.57
IMP01142,40111004,2026-01,56.75,20,57.58
IMP01142,40111004,2026-02,56.96,16,58.96
IMP01142,40111004,2026-03,57.94,20,58.84
IMP01142,40111004,2026-04,58.28,27,58.8
IMP01142,40111004,2026-05,57.78,29,58.06
IMP01142,40111004,2026-06,56.98,18,59.48
IMP01142,40111004,2026-07,59.13,14,59.53
IMP01142,40111004,2026-08,58.17,12,60.95
IMP01142,40111004,2026-09,57.6,9,58.87
IMP00340,27101203,2023-10,11.92,10,11.55
IMP00340,27101203,2023-11,12.21,17,11.87
IMP00340,27101203,2023-12,11.46,11,11.33
IMP00340,27101203,2024-01,11.87,25,11.58
IMP00340,27101203,2024-02,11.88,23,11.68
IMP00340,27101203,2024-03,13.2,16,12.8
IMP00340,27101203,2024-04,12.29,16,11.63
IMP00340,27101203,2024-05,11.42,15,11.39
IMP00340,27101203,2024-06,11.66,23,11.51
IMP00340,27101203,2024-07,10.9,20,10.89
IMP00340,27101203,2024-08,12.5,8,11.9
IMP00340,27101203,2024-09,10.96,12,10.42
IMP00340,27101203,2024-10,11.08,14,10.35
IMP00340,27101203,2024-11,11.14,12,10.55
IMP00340,27101203,2024-12,11.19,18,10.72
IMP00340,27101203,2025-01,10.3,12,9.89
IMP00340,27101203,2025-02,10.53,18,9.86
IMP00340,27101203,2025-03,10.34,23,9.74
IMP00340,27101203,2025-04,10.55,19,10.23
IMP00340,27101203,2025-05,10.44,19,10.0
IMP00340,27101203,2025-06,10.02,15,8.93
IMP00340,27101203,2025-07,10.02,20,9.7
IMP00340,27101203,2025-08,9.87,12,9.48
IMP00340,27101203,2025-09,10.3,16,9.92
IMP00340,27101203,2025-10,9.94,16,9.82
IMP00340,27101203,2025-11,9.7,17,8.85
IMP00340,27101203,2025-12,9.86,20,9.4
IMP00340,27101203,2026-01,10.14,21,9.16
IMP00340,27101203,2026-02,10.56,17,9.48
IMP00340,27101203,2026-03,9.53,28,9.18
IMP00340,27101203,2026-04,9.34,23,9.06
IMP00340,27101203,2026-05,10.36,19,8.88
IMP00340,27101203,2026-06,9.47,20,8.99
IMP00340,27101203,2026-07,8.52,10,8.09
IMP00340,27101203,2026-08,8.68,13,8.56
IMP00340,27101203,2026-09,8.7,15,8.53
IMP00063,87087003,2023-10,105.38,84,105.35
IMP00063,87087003,2023-11,105.44,76,105.23
IMP00063,87087003,2023-12,105.24,75,104.91
IMP00063,87087003,2024-01,105.34,80,105.16
IMP00063,87087003,2024-02,106.09,91,105.94
IMP00063,87087003,2024-03,105.18,96,105.18
IMP00063,87087003,2024-04,107.26,101,107.35
IMP00063,87087003,2024-05,106.47,82,106.63
IMP00063,87087003,2024-06,106.18,93,105.79
IMP00063,87087003,2024-07,105.06,82,105.04
IMP00063,87087003,2024-08,107.07,86,106.73
IMP00063,87087003,2024-09,106.26,84,106.26
IMP00063,87087003,2024-10,104.95,83,104.95
IMP00063,87087003,2024-11,106.09,79,106.13
IMP00063,87087003,2024-12,105.99,73,105.99
IMP00063,87087003,2025-01,105.95,81,106.02
IMP00063,87087003,2025-02,105.68,99,105.16
IMP00063,87087003,2025-03,106.11,64,105.78
IMP00063,87087003,2025-04,105.25,84,104.94
IMP00063,87087003,2025-05,105.44,87,105.32
IMP00063,87087003,2025-06,105.03,77,104.98
IMP00063,87087003,2025-07,106.43,80,106.28
IMP00063,87087003,2025-08,108.32,98,107.22
IMP00063,87087003,2025-09,104.9,81,104.73
IMP00063,87087003,2025-10,105.15,70,105.39
IMP00063,87087003,2025-11,104.35,65,104.3
IMP00063,87087003,2025-12,105.05,96,104.92
IMP00063,87087003,2026-01,105.33,81,105.28
IMP00063,87087003,2026-02,107.23,81,107.23
IMP00063,87087003,2026-03,106.76,84,106.64
IMP00063,87087003,2026-04,107.48,78,107.42
IMP00063,87087003,2026-05,105.77,84,105.66
IMP00063,87087003,2026-06,105.67,98,105.7
IMP00063,87087003,2026-07,105.52,85,105.47
IMP00063,87087003,2026-08,104.89,78,105.1
IMP00063,87087003,2026-09,104.26,79,104.05
IMP00421,27090003,2023-10,7.5,8,7.64
IMP00421,27090003,2023-11,7.12,2,7.54
IMP00421,27090003,2023-12,7.39,10,7.49
IMP00421,27090003,2024-01,6.95,9,7.41
IMP00421,27090003,2024-02,7.43,5,7.72
IMP00421,27090003,2024-03,6.64,8,6.9
IMP00421,27090003,2024-04,6.8,7,7.15
IMP00421,27090003,2024-05,6.98,7,7.55
IMP00421,27090003,2024-06,7.02,13,7.08
IMP00421,27090003,2024-07,6.56,8,7.1
IMP00421,27090003,2024-08,7.46,5,7.16
IMP00421,27090003,2024-09,6.67,8,6.73
IMP00421,27090003,2024-10,7.01,5,7.1
IMP00421,27090003,2024-11,6.92,9,6.92
IMP00421,27090003,2024-12,6.91,10,7.12
IMP00421,27090003,2025-01,6.65,9,6.88
IMP00421,27090003,2025-02,6.3,10,6.3
IMP00421,27090003,2025-03,6.4,6,6.86
IMP00421,27090003,2025-04,5.96,7,6.05
IMP00421,27090003,2025-05,6.1,11,6.17
IMP00421,27090003,2025-06,5.85,6,6.23
IMP00421,27090003,2025-07,6.04,9,6.09
IMP00421,27090003,2025-08,5.81,6,6.11
IMP00421,27090003,2025-09,6.21,5,6.31
IMP00421,27090003,2025-10,5.6,6,5.67
IMP00421,27090003,2025-11,5.43,9,6.03
IMP00421,27090003,2025-12,5.56,4,5.94
IMP00421,27090003,2026-01,5.59,12,5.8
IMP00421,27090003,2026-02,5.82,8,5.85
IMP00421,27090003,2026-03,5.51,7,6.13
IMP00421,27090003,2026-04,5.72,8,5.95
IMP00421,27090003,2026-05,5.56,4,5.91
IMP00421,27090003,2026-06,5.59,7,5.77
IMP00421,27090003,2026-07,5.34,10,5.65
IMP00421,27090003,2026-08,5.49,7,5.9
IMP00421,27090003,2026-09,5.52,7,5.65
IMP00725,27090004,2023-10,8.23,6,8.86
IMP00725,27090004,2023-11,8.61,7,8.87
IMP00725,27090004,2023-12,7.93,8,8.46
IMP00725,27090004,2024-01,7.94,5,8.78
IMP00725,27090004,2024-02,8.0,7,8.9
IMP00725,27090004,2024-03,7.87,6,8.47
IMP00725,27090004,2024-04,7.73,3,8.52
IMP00725,27090004,2024-05,7.8,7,8.11
IMP00725,27090004,2024-06,8.71,2,8.84
IMP00725,27090004,2024-07,7.63,4,8.13
IMP00725,27090004,2024-08,7.96,9,8.31
IMP00725,27090004,2024-09,7.25,6,7.93
IMP00725,27090004,2024-10,7.39,3,7.89
IMP00725,27090004,2024-11,7.64,6,8.02
IMP00725,27090004,2024-12,7.51,8,7.9
IMP00725,27090004,2025-01,7.53,2,7.84
IMP00725,27090004,2025-02,6.93,6,7.09
IMP00725,27090004,2025-03,6.99,5,7.63
IMP00725,27090004,2025-04,7.53,6,7.72
IMP00725,27090004,2025-05,7.22,6,7.82
IMP00725,27090004,2025-06,6.84,5,7.06
IMP00725,27090004,2025-07,7.22,2,7.4
IMP00725,27090004,2025-08,6.62,6,7.37
IMP00725,27090004,2025-09,6.78,5,7.32
IMP00725,27090004,2025-10,6.26,3,7.09
IMP00725,27090004,2025-11,6.67,2,6.88
IMP00725,27090004,2025-12,6.85,5,7.1
IMP00725,27090004,2026-01,6.6,8,6.98
IMP00725,27090004,2026-02,6.91,5,7.1
IMP00725,27090004,2026-03,6.37,6,6.69
IMP00725,27090004,2026-04,6.42,4,6.79
IMP00725,27090004,2026-05,6.15,10,6.48
IMP00725,27090004,2026-06,6.6,6,6.72
IMP00725,27090004,2026-07,6.29,9,6.41
IMP00725,27090004,2026-08,5.98,6,6.31
IMP00725,27090004,2026-09,6.06,8,6.23
IMP00897,90049001,2023-10,3270.16,27,3231.52
IMP00897,90049001,2023-11,3110.8,20,3093.01
IMP00897,90049001,2023-12,3372.06,28,3357.43
IMP00897,90049001,2024-01,3233.78,30,3171.41
IMP00897,90049001,2024-02,3202.0,36,3186.09
IMP00897,90049001,2024-03,3283.06,32,3238.26
IMP00897,90049001,2024-04,3227.65,39,3116.92
IMP00897,90049001,2024-05,3196.18,36,3234.6
IMP00897,90049001,2024-06,3299.86,35,3256.92
IMP00897,90049001,2024-07,3321.67,33,3294.71
IMP00897,90049001,2024-08,3358.18,29,3256.64
IMP00897,90049001,2024-09,3228.09,37,3204.35
IMP00897,90049001,2024-10,3329.38,27,3251.71
IMP00897,90049001,2024-11,3410.79,21,3291.66
IMP00897,90049001,2024-12,3309.08,29,3231.04
IMP00897,90049001,2025-01,3074.63,38,3074.63
IMP00897,90049001,2025-02,3200.43,27,3180.77
IMP00897,90049001,2025-03,3188.57,42,3217.68
IMP00897,90049001,2025-04,3251.46,38,3234.3
IMP00897,90049001,2025-05,3288.93,28,3182.67
IMP00897,90049001,2025-06,3213.22,27,3108.96
IMP00897,90049001,2025-07,3346.07,39,3331.57
IMP00897,90049001,2025-08,3260.22,27,3143.65
IMP00897,90049001,2025-09,3280.65,27,3261.52
IMP00897,90049001,2025-10,3281.83,27,3086.13
IMP00897,90049001,2025-11,3303.92,27,3074.27
IMP00897,90049001,2025-12,3240.56,35,3174.95
IMP00897,90049001,2026-01,3183.55,32,3247.54
IMP00897,90049001,2026-02,3204.58,35,3002.43
IMP00897,90049001,2026-03,3241.77,29,3186.05
IMP00897,90049001,2026-04,3333.53,31,3252.37
IMP00897,90049001,2026-05,3176.06,37,3275.84
IMP00897,90049001,2026-06,3152.03,31,3140.59
IMP00897,90049001,2026-07,3255.7,29,3151.62
IMP00897,90049001,2026-08,3352.82,30,3226.23
IMP00897,90049001,2026-09,3314.09,27,3255.77
IMP00999,85171304,2023-10,5883.74,22,5455.74
IMP00999,85171304,2023-11,5657.85,14,5471.47
IMP00999,85171304,2023-12,5730.93,21,5354.43
IMP00999,85171304,2024-01,5760.39,19,5339.93
IMP00999,85171304,2024-02,5851.02,22,5333.1
IMP00999,85171304,2024-03,5663.16,30,5398.54
IMP00999,85171304,2024-04,5603.29,13,5098.46
IMP00999,85171304,2024-05,5624.21,21,5235.42
IMP00999,85171304,2024-06,5519.55,24,5212.58
IMP00999,85171304,2024-07,5391.19,16,5322.56
IMP00999,85171304,2024-08,5321.12,12,5192.84
IMP00999,85171304,2024-09,5456.49,20,5284.22
IMP00999,85171304,2024-10,5290.61,13,5045.96
IMP00999,85171304,2024-11,5251.72,15,4910.64
IMP00999,85171304,2024-12,5354.81,12,4912.17
IMP00999,85171304,2025-01,5360.37,24,5000.27
IMP00999,85171304,2025-02,5146.64,28,5027.96
IMP00999,85171304,2025-03,5203.71,24,4891.41
IMP00999,85171304,2025-04,5156.58,17,4829.84
IMP00999,85171304,2025-05,5342.09,18,4893.62
IMP00999,85171304,2025-06,5128.84,16,4758.36
IMP00999,85171304,2025-07,5041.4,21,4782.02
IMP00999,85171304,2025-08,4925.63,22,4674.02
IMP00999,85171304,2025-09,4966.82,14,4750.78
IMP00999,85171304,2025-10,5185.04,19,4868.36
IMP00999,85171304,2025-11,4886.95,15,4662.46
IMP00999,85171304,2025-12,4647.12,12,4614.78
IMP00999,85171304,2026-01,4926.38,22,4520.43
IMP00999,85171304,2026-02,4775.54,17,4517.11
IMP00999,85171304,2026-03,5108.18,22,4432.7
IMP00999,85171304,2026-04,4975.48,18,4544.58
IMP00999,85171304,2026-05,4689.62,21,4561.05
IMP00999,85171304,2026-06,4779.92,18,4597.8
IMP00999,85171304,2026-07,4867.77,20,4373.14
IMP00999,85171304,2026-08,4741.86,14,4447.64
IMP00999,85171304,2026-09,4635.9,14,4273.6
IMP01156,27101204,2023-10,14.05,3,13.36
IMP01156,27101204,2023-11,13.19,3,13.08
IMP01156,27101204,2023-12,13.16,4,12.67
IMP01156,27101204,2024-01,12.99,2,13.39
IMP01156,27101204,2024-02,13.42,2,11.83
IMP01156,27101204,2024-03,13.37,3,13.02
IMP01156,27101204,2024-04,12.88,3,11.86
IMP01156,27101204,2024-05,12.11,4,12.26
IMP01156,27101204,2024-06,12.84,8,13.06
IMP01156,27101204,2024-07,11.8,5,12.34
IMP01156,27101204,2024-08,12.17,2,12.06
IMP01156,27101204,2024-09,12.91,6,13.01
IMP01156,27101204,2024-10,11.49,3,11.49
IMP01156,27101204,2024-11,10.94,2,10.92
IMP01156,27101204,2024-12,11.19,3,11.2
IMP01156,27101204,2025-01,11.68,4,11.52
IMP01156,27101204,2025-02,11.22,3,10.12
IMP01156,27101204,2025-03,10.54,1,12.51
IMP01156,27101204,2025-04,11.27,4,11.38
IMP01156,27101204,2025-05,11.5,4,11.54
IMP01156,27101204,2025-06,11.2,5,10.66
IMP01156,27101204,2025-07,11.01,4,11.43
IMP01156,27101204,2025-08,10.85,3,10.85
IMP01156,27101204,2025-09,9.51,2,10.16
IMP01156,27101204,2025-10,10.76,5,10.63
IMP01156,27101204,2025-11,10.79,2,10.38
IMP01156,27101204,2026-01,10.59,4,10.52
IMP01156,27101204,2026-02,9.89,2,9.94
IMP01156,27101204,2026-03,9.75,6,9.77
IMP01156,27101204,2026-04,9.71,3,9.71
IMP01156,27101204,2026-05,10.23,2,9.57
IMP01156,27101204,2026-06,10.22,2,10.5
IMP01156,27101204,2026-07,9.8,7,9.8
IMP01156,27101204,2026-08,9.72,5,9.72
IMP01156,27101204,2026-09,9.46,5,9.83
IMP00481,90221403,2023-10,8785.22,14,8084.13
IMP00481,90221403,2023-11,8990.33,10,7829.6
IMP00481,90221403,2023-12,8824.98,11,8160.98
IMP00481,90221403,2024-01,8534.59,10,8320.77
IMP00481,90221403,2024-02,8984.0,13,8504.92
IMP00481,90221403,2024-03,9176.39,14,8567.52
IMP00481,90221403,2024-04,8853.25,12,8211.34
IMP00481,90221403,2024-05,9127.27,10,7786.01
IMP00481,90221403,2024-06,8713.98,9,7579.11
IMP00481,90221403,2024-07,8793.62,12,8468.06
IMP00481,90221403,2024-08,8725.36,18,8495.77
IMP00481,90221403,2024-09,9004.25,8,8587.87
IMP00481,90221403,2024-10,8705.98,13,8109.02
IMP00481,90221403,2024-11,8878.79,9,7543.17
IMP00481,90221403,2024-12,8606.44,11,8103.07
IMP00481,90221403,2025-01,8846.99,13,7655.5
IMP00481,90221403,2025-02,8427.38,14,7448.69
IMP00481,90221403,2025-03,8905.4,10,7794.12
IMP00481,90221403,2025-04,9071.88,11,8461.13
IMP00481,90221403,2025-05,8875.22,13,7852.66
IMP00481,90221403,2025-06,8552.92,16,8280.81
IMP00481,90221403,2025-07,8951.01,12,8308.05
IMP00481,90221403,2025-08,8498.76,9,7745.03
IMP00481,90221403,2025-09,8821.93,9,7116.54
IMP00481,90221403,2025-10,8663.57,8,7557.78
IMP00481,90221403,2025-11,9027.42,12,7210.67
IMP00481,90221403,2025-12,8986.42,13,7854.98
IMP00481,90221403,2026-01,8700.88,11,7824.97
IMP00481,90221403,2026-02,8812.25,11,8237.23
IMP00481,90221403,2026-03,8713.85,7,7335.84
IMP00481,90221403,2026-04,8770.59,9,8087.57
IMP00481,90221403,2026-05,8404.6,8,7016.61
IMP00481,90221403,2026-06,8860.21,43,8576.7
IMP00808,27101903,2023-10,11.98,3,10.8
IMP00808,27101903,2023-11,9.62,2,10.7
IMP00808,27101903,2023-12,9.65,4,11.6
IMP00808,27101903,2024-01,9.81,7,10.2
IMP00808,27101903,2024-02,11.54,2,11.02
IMP00808,27101903,2024-03,9.55,2,9.84
IMP00808,27101903,2024-04,12.4,3,10.9
IMP00808,27101903,2024-05,9.51,7,9.73
IMP00808,27101903,2024-06,8.92,4,8.86
IMP00808,27101903,2024-07,11.45,5,9.68
IMP00808,27101903,2024-08,8.51,4,9.67
IMP00808,27101903,2024-09,8.85,5,8.63
IMP00808,27101903,2024-10,9.14,5,9.16
IMP00808,27101903,2024-11,12.44,1,9.93
IMP00808,27101903,2024-12,8.4,1,8.66
IMP00808,27101903,2025-01,9.6,2,9.74
IMP00808,27101903,2025-02,8.5,4,8.77
IMP00808,27101903,2025-04,8.2,3,9.16
IMP00808,27101903,2025-05,8.62,5,7.82
IMP00808,27101903,2025-06,9.25,7,8.83
IMP00808,27101903,2025-07,8.3,6,9.09
IMP00808,27101903,2025-08,8.04,4,8.65
IMP00808,27101903,2025-09,10.42,4,9.89
IMP00808,27101903,2025-10,8.63,2,8.59
IMP00808,27101903,2025-11,9.92,3,8.76
IMP00808,27101903,2025-12,9.52,3,8.7
IMP00808,27101903,2026-02,8.21,2,8.2
IMP00808,27101903,2026-03,7.06,3,7.61
IMP00808,27101903,2026-04,8.01,6,8.86
IMP00808,27101903,2026-05,6.97,6,7.09
IMP00808,27101903,2026-06,7.29,3,7.61
IMP00808,27101903,2026-07,7.01,3,7.06
IMP00808,27101903,2026-08,7.71,4,7.27
IMP00808,27101903,2026-09,6.44,1,7.55
IMP01310,52085204,2023-10,107.53,80,107.41
IMP01310,52085204,2023-11,110.33,89,110.33
IMP01310,52085204,2023-12,107.67,112,107.67
IMP01310,52085204,2024-01,107.38,103,107.23
IMP01310,52085204,2024-02,106.38,116,105.75
IMP01310,52085204,2024-03,106.28,141,106.28
IMP01310,52085204,2024-04,108.39,125,108.34
IMP01310,52085204,2024-05,107.66,118,107.31
IMP01310,52085204,2024-06,108.8,127,108.8
IMP01310,52085204,2024-07,105.81,115,106.04
IMP01310,52085204,2024-08,105.25,111,105.28
IMP01310,52085204,2024-09,106.11,95,106.08
IMP01310,52085204,2024-10,109.34,86,109.34
IMP01310,52085204,2024-11,109.3,123,109.3
IMP01310,52085204,2024-12,107.93,95,107.5
IMP01310,52085204,2025-01,107.92,112,107.84
IMP01310,52085204,2025-02,107.57,95,107.72
IMP01310,52085204,2025-03,106.66,132,106.86
IMP01310,52085204,2025-04,105.59,114,105.49
IMP01310,52085204,2025-05,106.5,119,106.69
IMP01310,52085204,2025-06,109.17,122,109.13
IMP01310,52085204,2025-07,105.45,109,105.89
IMP01310,52085204,2025-08,107.74,102,107.72
IMP01310,52085204,2025-09,108.5,106,108.6
IMP01310,52085204,2025-10,107.25,92,107.08
IMP01310,52085204,2025-11,106.94,107,106.97
IMP01310,52085204,2025-12,104.39,91,104.39
IMP01310,52085204,2026-01,109.98,114,109.98
IMP01310,52085204,2026-02,107.49,99,107.76
IMP01310,52085204,2026-03,110.05,113,110.24
IMP01310,52085204,2026-04,107.04,129,106.92
IMP01310,52085204,2026-05,106.03,100,106.03
IMP01310,52085204,2026-06,107.2,96,107.58
IMP01310,52085204,2026-07,108.62,112,108.62
IMP01310,52085204,2026-08,106.48,115,106.51
IMP01310,52085204,2026-09,109.05,86,109.15
IMP00519,27090001,2023-10,11.35,1,15.85
IMP00519,27090001,2023-11,13.07,2,14.42
IMP00519,27090001,2023-12,13.74,2,14.9
IMP00519,27090001,2024-01,12.19,3,12.65
IMP00519,27090001,2024-03,10.95,1,12.26
IMP00519,27090001,2024-05,12.04,2,13.07
IMP00519,27090001,2024-06,12.76,3,12.76
IMP00519,27090001,2024-07,11.55,2,11.67
IMP00519,27090001,2024-09,11.87,2,13.32
IMP00519,27090001,2024-10,11.02,2,12.9
IMP00519,27090001,2024-11,9.84,1,13.13
IMP00519,27090001,2024-12,11.93,1,12.55
IMP00519,27090001,2025-02,10.91,1,12.23
IMP00519,27090001,2025-03,11.79,2,12.46
IMP00519,27090001,2025-04,10.59,3,12.06
IMP00519,27090001,2025-05,9.88,2,11.77
IMP00519,27090001,2025-06,9.73,1,11.74
IMP00519,27090001,2025-07,11.93,1,12.21
IMP00519,27090001,2025-10,11.79,1,11.4
IMP00519,27090001,2026-01,10.52,2,11.05
IMP00519,27090001,2026-02,9.17,3,10.69
IMP00519,27090001,2026-04,9.34,3,11.23
IMP00519,27090001,2026-05,9.27,2,10.85
IMP00519,27090001,2026-06,9.38,2,10.82
IMP00519,27090001,2026-07,9.59,3,9.62
IMP00519,27090001,2026-08,8.57,4,9.64
IMP00519,27090001,2026-09,8.59,3,10.47
IMP01037,30049004,2023-10,1772.78,27,1772.78
IMP01037,30049004,2023-11,1809.55,26,1794.23
IMP01037,30049004,2023-12,1808.47,19,1805.13
IMP01037,30049004,2024-01,1801.7,38,1850.65
IMP01037,30049004,2024-02,1890.07,27,1890.07
IMP01037,30049004,2024-03,1792.1,42,1787.6
IMP01037,30049004,2024-04,1782.27,22,1772.11
IMP01037,30049004,2024-05,1797.16,40,1800.2
IMP01037,30049004,2024-06,1811.08,36,1807.27
IMP01037,30049004,2024-07,1785.62,27,1779.52
IMP01037,30049004,2024-08,1867.34,24,1873.67
IMP01037,30049004,2024-09,1765.97,35,1725.15
IMP01037,30049004,2024-10,1873.46,27,1813.37
IMP01037,30049004,2024-11,1830.78,27,1845.9
IMP01037,30049004,2024-12,1813.12,34,1810.45
IMP01037,30049004,2025-01,1818.26,33,1874.14
IMP01037,30049004,2025-02,1821.18,31,1812.05
IMP01037,30049004,2025-03,1800.02,30,1804.38
IMP01037,30049004,2025-04,1783.22,41,1783.22
IMP01037,30049004,2025-05,1833.44,31,1862.25
IMP01037,30049004,2025-06,1863.84,38,1829.84
IMP01037,30049004,2025-07,1819.22,27,1816.35
IMP01037,30049004,2025-08,1835.66,32,1828.67
IMP01037,30049004,2025-09,1796.5,16,1735.96
IMP01037,30049004,2025-10,1745.1,31,1749.55
IMP01037,30049004,2025-11,1835.44,22,1829.04
IMP01037,30049004,2025-12,1851.1,29,1847.68
IMP01037,30049004,2026-01,1850.5,24,1800.52
IMP01037,30049004,2026-02,1827.43,35,1805.12
IMP01037,30049004,2026-03,1841.26,37,1841.26
IMP01037,30049004,2026-04,1831.52,38,1811.98
IMP01037,30049004,2026-05,1872.75,30,1880.47
IMP01037,30049004,2026-06,1846.33,36,1804.99
IMP01037,30049004,2026-07,1839.69,30,1893.86
IMP01037,30049004,2026-08,1772.36,28,1772.36
IMP01037,30049004,2026-09,1838.46,27,1825.76
IMP01419,27090003,2023-11,8.13,1,7.54
IMP01419,27090003,2023-12,7.95,5,7.49
IMP01419,27090003,2024-01,7.73,3,7.41
IMP01419,27090003,2024-02,7.72,3,7.72
IMP01419,27090003,2024-03,7.73,6,6.9
IMP01419,27090003,2024-04,8.87,2,7.15
IMP01419,27090003,2024-05,8.06,4,7.55
IMP01419,27090003,2024-06,5.09,1,7.08
IMP01419,27090003,2024-07,7.38,5,7.1
IMP01419,27090003,2024-08,7.08,4,7.16
IMP01419,27090003,2024-09,7.44,3,6.73
IMP01419,27090003,2024-10,7.1,1,7.1
IMP01419,27090003,2024-12,7.46,2,7.12
IMP01419,27090003,2025-01,7.37,4,6.88
IMP01419,27090003,2025-02,6.69,2,6.3
IMP01419,27090003,2025-03,6.61,5,6.86
IMP01419,27090003,2025-04,6.33,1,6.05
IMP01419,27090003,2025-05,7.15,1,6.17
IMP01419,27090003,2025-06,6.64,2,6.23
IMP01419,27090003,2025-07,6.04,3,6.09
IMP01419,27090003,2025-09,6.96,4,6.31
IMP01419,27090003,2025-10,6.11,3,5.67
IMP01419,27090003,2025-11,6.14,5,6.03
IMP01419,27090003,2025-12,6.28,2,5.94
IMP01419,27090003,2026-01,5.42,1,5.8
IMP01419,27090003,2026-02,6.25,3,5.85
IMP01419,27090003,2026-04,6.73,1,5.95
IMP01419,27090003,2026-05,6.22,2,5.91
IMP01419,27090003,2026-06,6.18,2,5.77
IMP01419,27090003,2026-08,6.19,6,5.9
IMP01419,27090003,2026-09,6.19,1,5.65
IMP00959,27101202,2023-12,12.52,2,13.09
IMP00959,27101202,2024-01,12.18,3,12.18
IMP00959,27101202,2024-02,12.83,3,14.69
IMP00959,27101202,2024-04,12.7,4,13.22
IMP00959,27101202,2024-07,11.43,5,12.93
IMP00959,27101202,2024-08,11.48,3,13.46
IMP00959,27101202,2024-09,9.85,1,16.28
IMP00959,27101202,2024-10,10.95,1,12.29
IMP00959,27101202,2024-11,11.2,3,11.37
IMP00959,27101202,2025-01,11.58,1,11.7
IMP00959,27101202,2025-02,12.51,1,13.08
IMP00959,27101202,2025-03,10.33,3,13.47
IMP00959,27101202,2025-04,10.86,2,12.03
IMP00959,27101202,2025-05,9.69,2,15.35
IMP00959,27101202,2025-06,9.79,1,10.82
IMP00959,27101202,2025-07,10.5,3,10.58
IMP00959,27101202,2025-08,10.2,2,11.14
IMP00959,27101202,2025-09,10.25,3,11.24
IMP00959,27101202,2025-11,9.88,1,11.94
IMP00959,27101202,2025-12,9.55,1,10.99
IMP00959,27101202,2026-01,11.2,1,13.83
IMP00959,27101202,2026-02,9.24,2,9.73
IMP00959,27101202,2026-03,10.66,1,10.54
IMP00959,27101202,2026-04,9.82,1,12.32
IMP00959,27101202,2026-05,9.14,3,9.83
IMP00959,27101202,2026-06,8.63,2,9.2
IMP00959,27101202,2026-07,10.35,1,10.35
IMP00959,27101202,2026-09,9.21,3,9.26
IMP00643,30051004,2023-10,361.92,114,361.38
IMP00643,30051004,2023-11,366.45,107,364.6
IMP00643,30051004,2023-12,361.76,131,361.62
IMP00643,30051004,2024-01,371.21,144,371.21
IMP00643,30051004,2024-02,364.21,142,363.94
IMP00643,30051004,2024-03,366.56,145,363.31
IMP00643,30051004,2024-04,368.02,179,366.85
IMP00643,30051004,2024-05,367.59,165,367.35
IMP00643,30051004,2024-06,369.86,137,369.86
IMP00643,30051004,2024-07,366.85,117,366.16
IMP00643,30051004,2024-08,364.22,112,363.69
IMP00643,30051004,2024-09,361.56,111,361.22
IMP00643,30051004,2024-10,363.4,121,363.15
IMP00643,30051004,2024-11,363.15,116,362.88
IMP00643,30051004,2024-12,367.02,130,365.58
IMP00643,30051004,2025-01,373.45,131,373.32
IMP00643,30051004,2025-02,366.8,113,366.98
IMP00643,30051004,2025-03,369.91,172,370.5
IMP00643,30051004,2025-04,367.47,139,366.56
IMP00643,30051004,2025-05,367.48,156,367.25
IMP00643,30051004,2025-06,367.46,151,366.1
IMP00643,30051004,2025-07,364.84,126,364.86
IMP00643,30051004,2025-08,366.54,142,366.54
IMP00643,30051004,2025-09,369.31,123,369.23
IMP00643,30051004,2025-10,365.26,112,364.24
IMP00643,30051004,2025-11,367.47,136,366.1
IMP00643,30051004,2025-12,363.5,125,365.16
IMP00643,30051004,2026-01,369.7,131,368.34
IMP00643,30051004,2026-02,370.69,151,370.69
IMP00643,30051004,2026-03,368.38,150,367.48
IMP00643,30051004,2026-04,366.02,125,365.36
IMP00643,30051004,2026-05,364.73,123,364.07
IMP00643,30051004,2026-06,367.45,151,366.11
IMP00643,30051004,2026-07,364.76,116,365.42
IMP00643,30051004,2026-08,366.26,108,366.26
IMP00643,30051004,2026-09,366.8,116,366.22
IMP00552,85171301,2023-10,15267.72,11,15398.98
IMP00552,85171301,2023-11,14439.54,12,16229.08
IMP00552,85171301,2023-12,15566.52,11,15816.26
IMP00552,85171301,2024-01,15076.72,25,15355.04
IMP00552,85171301,2024-02,10740.55,9,15138.48
IMP00552,85171301,2024-03,14087.83,16,15121.63
IMP00552,85171301,2024-04,10412.03,21,14703.06
IMP00552,85171301,2024-05,13384.25,13,14533.81
IMP00552,85171301,2024-06,15076.55,13,14938.68
IMP00552,85171301,2024-07,11120.45,11,14637.24
IMP00552,85171301,2024-08,13920.47,13,15075.27
IMP00552,85171301,2024-09,12787.69,11,15336.6
IMP00552,85171301,2024-10,13364.91,8,14434.17
IMP00552,85171301,2024-11,12935.91,16,14433.31
IMP00552,85171301,2024-12,13320.14,16,14924.69
IMP00552,85171301,2025-01,13465.32,16,14715.56
IMP00552,85171301,2025-02,13477.46,12,14193.65
IMP00552,85171301,2025-03,12192.04,14,15197.59
IMP00552,85171301,2025-04,13298.83,17,14179.95
IMP00552,85171301,2025-05,14272.61,10,14343.97
IMP00552,85171301,2025-06,13870.42,9,14734.77
IMP00552,85171301,2025-07,12283.01,19,13161.98
IMP00552,85171301,2025-08,11500.02,10,13349.63
IMP00552,85171301,2025-09,12737.45,10,14049.47
IMP00552,85171301,2025-10,12960.96,18,13100.79
IMP00552,85171301,2025-11,12130.67,7,12894.65
IMP00552,85171301,2025-12,11918.18,13,12460.24
IMP00552,85171301,2026-01,11801.93,14,13216.78
IMP00552,85171301,2026-02,12313.34,15,12769.3
IMP00552,85171301,2026-03,11785.12,15,12974.79
IMP00552,85171301,2026-04,11967.43,9,12591.66
IMP00552,85171301,2026-05,12000.82,14,12810.59
IMP00552,85171301,2026-06,12655.09,12,12438.65
IMP00552,85171301,2026-07,12850.09,15,12685.11
IMP00552,85171301,2026-08,11883.85,12,12399.99
IMP00552,85171301,2026-09,11218.98,11,12653.22
IMP00184,27101901,2023-10,20.76,1,20.76
IMP00184,27101901,2023-11,23.29,1,18.12
IMP00184,27101901,2023-12,24.32,5,21.01
IMP00184,27101901,2024-01,22.82,2,17.65
IMP00184,27101901,2024-02,22.35,2,20.09
IMP00184,27101901,2024-03,24.3,3,22.89
IMP00184,27101901,2024-04,22.37,2,18.48
IMP00184,27101901,2024-05,20.66,3,19.06
IMP00184,27101901,2024-06,23.49,4,17.52
IMP00184,27101901,2024-07,22.6,1,21.81
IMP00184,27101901,2024-08,20.42,2,18.71
IMP00184,27101901,2024-09,17.17,1,16.09
IMP00184,27101901,2024-10,20.09,3,19.59
IMP00184,27101901,2024-11,24.15,1,19.62
IMP00184,27101901,2024-12,17.9,3,17.81
IMP00184,27101901,2025-01,20.55,4,14.71
IMP00184,27101901,2025-02,17.58,2,15.79
IMP00184,27101901,2025-03,19.2,2,18.06
IMP00184,27101901,2025-04,20.97,2,15.2
IMP00184,27101901,2025-05,21.01,4,20.55
IMP00184,27101901,2025-06,20.58,2,17.62
IMP00184,27101901,2025-08,17.79,2,13.66
IMP00184,27101901,2025-09,19.72,2,19.72
IMP00184,27101901,2025-10,21.17,1,14.68
IMP00184,27101901,2025-11,19.79,2,19.71
IMP00184,27101901,2025-12,17.24,4,13.27
IMP00184,27101901,2026-01,15.95,4,15.95
IMP00184,27101901,2026-02,19.73,6,14.77
IMP00184,27101901,2026-03,17.87,2,16.73
IMP00184,27101901,2026-04,18.64,1,15.25
IMP00184,27101901,2026-06,16.93,3,14.99
IMP00184,27101901,2026-08,17.13,4,16.81
IMP00225,87032304,2023-10,194.77,7,197.43
IMP00225,87032304,2023-11,197.61,2,196.41
IMP00225,87032304,2023-12,191.43,2,207.64
IMP00225,87032304,2024-01,190.84,12,191.57
IMP00225,87032304,2024-02,195.58,5,196.57
IMP00225,87032304,2024-03,186.08,5,187.81
IMP00225,87032304,2024-04,189.18,5,202.19
IMP00225,87032304,2024-05,186.94,9,188.79
IMP00225,87032304,2024-06,186.44,3,186.44
IMP00225,87032304,2024-07,186.66,5,189.83
IMP00225,87032304,2024-08,212.8,5,211.04
IMP00225,87032304,2024-09,187.41,4,193.56
IMP00225,87032304,2024-10,186.99,7,192.47
IMP00225,87032304,2024-11,198.26,6,198.26
IMP00225,87032304,2024-12,190.96,5,195.6
IMP00225,87032304,2025-01,198.34,10,201.9
IMP00225,87032304,2025-02,197.49,10,197.77
IMP00225,87032304,2025-03,193.24,8,191.99
IMP00225,87032304,2025-04,198.99,5,198.89
IMP00225,87032304,2025-05,190.77,3,218.58
IMP00225,87032304,2025-06,191.29,10,188.71
IMP00225,87032304,2025-07,184.2,5,206.14
IMP00225,87032304,2025-08,201.31,2,189.69
IMP00225,87032304,2025-09,194.57,7,199.81
IMP00225,87032304,2025-10,188.16,4,199.89
IMP00225,87032304,2025-11,186.12,6,173.67
IMP00225,87032304,2025-12,198.27,5,197.12
IMP00225,87032304,2026-01,192.22,5,200.12
IMP00225,87032304,2026-02,201.37,7,201.37
IMP00225,87032304,2026-03,192.55,11,194.49
IMP00225,87032304,2026-04,191.18,5,196.65
IMP00225,87032304,2026-05,190.6,5,190.6
IMP00225,87032304,2026-06,190.33,8,200.05
IMP00225,87032304,2026-07,189.34,7,189.34
IMP00225,87032304,2026-08,185.31,9,200.73
IMP00225,87032304,2026-09,191.83,8,194.66
IMP00067,27101204,2023-10,11.56,3,13.36
IMP00067,27101204,2023-11,13.08,3,13.08
IMP00067,27101204,2023-12,11.75,4,12.67
IMP00067,27101204,2024-01,12.11,3,13.39
IMP00067,27101204,2024-02,11.78,4,11.83
IMP00067,27101204,2024-03,12.44,7,13.02
IMP00067,27101204,2024-04,10.67,5,11.86
IMP00067,27101204,2024-07,10.44,3,12.34
IMP00067,27101204,2024-08,10.91,5,12.06
IMP00067,27101204,2024-09,14.55,3,13.01
IMP00067,27101204,2024-10,10.45,3,11.49
IMP00067,27101204,2024-11,10.92,5,10.92
IMP00067,27101204,2024-12,10.9,6,11.2
IMP00067,27101204,2025-01,10.19,3,11.52
IMP00067,27101204,2025-02,9.87,4,10.12
IMP00067,27101204,2025-03,9.53,3,12.51
IMP00067,27101204,2025-04,11.44,6,11.38
IMP00067,27101204,2025-05,9.63,4,11.54
IMP00067,27101204,2025-06,10.11,6,10.66
IMP00067,27101204,2025-07,10.77,5,11.43
IMP00067,27101204,2025-08,10.08,3,10.85
IMP00067,27101204,2025-09,9.92,2,10.16
IMP00067,27101204,2025-10,9.65,6,10.63
IMP00067,27101204,2025-11,9.62,3,10.38
IMP00067,27101204,2025-12,9.63,6,10.05
IMP00067,27101204,2026-01,9.54,4,10.52
IMP00067,27101204,2026-02,8.65,3,9.94
IMP00067,27101204,2026-03,8.93,5,9.77
IMP00067,27101204,2026-04,8.45,4,9.71
IMP00067,27101204,2026-05,9.04,8,9.57
IMP00067,27101204,2026-06,8.78,5,10.5
IMP00067,27101204,2026-07,9.27,5,9.8
IMP00067,27101204,2026-08,9.98,4,9.72
IMP00067,27101204,2026-09,8.57,1,9.83
IMP00950,24022001,2023-10,580.4,14,576.86
IMP00950,24022001,2023-11,658.74,14,589.79
IMP00950,24022001,2023-12,592.46,20,589.48
IMP00950,24022001,2024-01,611.68,14,582.22
IMP00950,24022001,2024-02,627.66,24,602.96
IMP00950,24022001,2024-03,558.52,13,611.88
IMP00950,24022001,2024-04,574.0,17,571.57
IMP00950,24022001,2024-05,590.12,18,587.56
IMP00950,24022001,2024-06,577.13,16,550.04
IMP00950,24022001,2024-07,588.33,22,600.24
IMP00950,24022001,2024-08,619.13,22,574.62
IMP00950,24022001,2024-09,653.47,12,621.78
IMP00950,24022001,2024-10,604.88,15,628.63
IMP00950,24022001,2024-11,579.28,14,581.04
IMP00950,24022001,2024-12,619.98,13,588.83
IMP00950,24022001,2025-01,551.83,13,598.7
IMP00950,24022001,2025-02,619.21,10,633.47
IMP00950,24022001,2025-03,582.15,17,566.72
IMP00950,24022001,2025-04,703.72,9,610.91
IMP00950,24022001,2025-05,657.73,20,634.82
IMP00950,24022001,2025-06,566.58,22,578.42
IMP00950,24022001,2025-07,579.78,18,567.35
IMP00950,24022001,2025-08,583.72,16,577.04
IMP00950,24022001,2025-09,608.46,28,613.49
IMP00950,24022001,2025-10,565.27,12,564.4
IMP00950,24022001,2025-11,652.39,10,572.93
IMP00950,24022001,2025-12,626.97,20,622.38
IMP00950,24022001,2026-01,593.48,18,589.19
IMP00950,24022001,2026-02,593.2,16,592.54
IMP00950,24022001,2026-03,588.73,11,595.58
IMP00950,24022001,2026-04,566.51,15,581.23
IMP00950,24022001,2026-05,605.28,20,598.16
IMP00950,24022001,2026-06,573.24,13,607.57
IMP00950,24022001,2026-07,584.04,18,583.95
IMP00950,24022001,2026-08,594.26,18,606.69
IMP00950,24022001,2026-09,572.83,10,584.75
IMP01256,40012204,2023-10,25.4,4,27.58
IMP01256,40012204,2023-11,24.4,8,25.38
IMP01256,40012204,2023-12,24.87,7,24.82
IMP01256,40012204,2024-01,25.98,6,27.15
IMP01256,40012204,2024-02,23.19,6,23.76
IMP01256,40012204,2024-03,25.45,14,25.32
IMP01256,40012204,2024-04,23.85,12,24.1
IMP01256,40012204,2024-05,24.06,2,24.55
IMP01256,40012204,2024-06,23.76,9,25.22
IMP01256,40012204,2024-07,24.29,9,24.54
IMP01256,40012204,2024-08,23.8,9,23.9
IMP01256,40012204,2024-09,24.7,8,25.08
IMP01256,40012204,2024-10,24.65,6,25.22
IMP01256,40012204,2024-11,24.47,13,24.79
IMP01256,40012204,2024-12,24.54,8,25.47
IMP01256,40012204,2025-01,23.79,6,25.22
IMP01256,40012204,2025-02,23.74,9,23.97
IMP01256,40012204,2025-03,24.93,11,25.58
IMP01256,40012204,2025-04,23.65,3,25.53
IMP01256,40012204,2025-05,24.68,4,26.41
IMP01256,40012204,2025-06,22.23,3,24.73
IMP01256,40012204,2025-07,23.93,6,25.26
IMP01256,40012204,2025-08,23.97,11,23.97
IMP01256,40012204,2025-09,25.05,7,26.87
IMP01256,40012204,2025-10,25.09,2,24.98
IMP01256,40012204,2025-11,24.17,12,24.61
IMP01256,40012204,2025-12,23.83,4,25.83
IMP01256,40012204,2026-01,26.6,5,25.99
IMP01256,40012204,2026-02,23.79,13,24.63
IMP01256,40012204,2026-03,25.2,4,25.72
IMP01256,40012204,2026-04,24.62,7,25.97
IMP01256,40012204,2026-05,25.52,5,26.3
IMP01256,40012204,2026-06,25.47,2,25.06
IMP01256,40012204,2026-07,26.1,2,26.63
IMP01256,40012204,2026-08,25.08,5,25.08
IMP01256,40012204,2026-09,23.98,5,23.98
IMP01211,85171301,2023-10,20326.29,7,15398.98
IMP01211,85171301,2023-11,20017.89,14,16229.08
IMP01211,85171301,2023-12,20147.73,12,15816.26
IMP01211,85171301,2024-01,21810.73,14,15355.04
IMP01211,85171301,2024-02,20560.39,17,15138.48
IMP01211,85171301,2024-03,22002.72,10,15121.63
IMP01211,85171301,2024-04,21106.91,12,14703.06
IMP01211,85171301,2024-05,20823.21,11,14533.81
IMP01211,85171301,2024-06,15095.82,6,14938.68
IMP01211,85171301,2024-07,21220.11,8,14637.24
IMP01211,85171301,2024-08,20857.87,7,15075.27
IMP01211,85171301,2024-09,20601.76,11,15336.6
IMP01211,85171301,2024-10,21006.87,10,14434.17
IMP01211,85171301,2024-11,9595.23,7,14433.31
IMP01211,85171301,2024-12,21733.31,13,14924.69
IMP01211,85171301,2025-01,18391.99,7,14715.56
IMP01211,85171301,2025-02,20954.48,6,14193.65
IMP01211,85171301,2025-03,20509.51,14,15197.59
IMP01211,85171301,2025-04,19584.75,21,14179.95
IMP01211,85171301,2025-05,19310.56,11,14343.97
IMP01211,85171301,2025-06,20302.62,9,14734.77
IMP01211,85171301,2025-07,20485.37,7,13161.98
IMP01211,85171301,2025-08,19744.48,13,13349.63
IMP01211,85171301,2025-09,18431.02,3,14049.47
IMP01211,85171301,2025-10,18785.93,7,13100.79
IMP01211,85171301,2025-11,20072.38,10,12894.65
IMP01211,85171301,2025-12,18298.8,7,12460.24
IMP01211,85171301,2026-01,18642.73,12,13216.78
IMP01211,85171301,2026-02,18586.56,13,12769.3
IMP01211,85171301,2026-03,19061.85,9,12974.79
IMP01211,85171301,2026-04,19542.19,7,12591.66
IMP01211,85171301,2026-05,16129.87,12,12810.59
IMP01211,85171301,2026-06,17071.01,8,12438.65
IMP01211,85171301,2026-07,17507.01,7,12685.11
IMP01211,85171301,2026-08,17520.95,8,12399.99
IMP01211,85171301,2026-09,16520.27,8,12653.22
IMP00275,27101201,2023-11,18.7,3,18.7
IMP00275,27101201,2024-01,24.97,4,17.59
IMP00275,27101201,2024-02,25.96,1,17.76
IMP00275,27101201,2024-04,21.33,4,17.62
IMP00275,27101201,2024-05,24.16,1,16.82
IMP00275,27101201,2024-09,16.43,2,16.14
IMP00275,27101201,2024-10,23.58,2,15.98
IMP00275,27101201,2024-11,20.99,2,16.09
IMP00275,27101201,2025-01,22.7,2,16.36
IMP00275,27101201,2025-02,19.88,2,15.16
IMP00275,27101201,2025-03,21.66,1,15.54
IMP00275,27101201,2025-04,20.47,2,14.81
IMP00275,27101201,2025-05,21.44,5,15.0
IMP00275,27101201,2025-07,21.78,1,14.48
IMP00275,27101201,2025-11,21.18,2,14.12
IMP00275,27101201,2025-12,16.75,2,14.09
IMP00275,27101201,2026-01,15.25,3,13.57
IMP00275,27101201,2026-02,19.98,3,13.82
IMP00275,27101201,2026-03,13.74,5,13.49
IMP00275,27101201,2026-04,16.7,1,13.11
IMP00275,27101201,2026-05,16.09,2,12.88
IMP00275,27101201,2026-06,18.5,3,13.26
IMP00275,27101201,2026-08,18.65,1,12.83
IMP00275,27101201,2026-09,19.91,1,12.3
IMP01001,90221401,2023-10,8513.21,11,9288.5
IMP01001,90221401,2023-11,16071.6,6,14615.23
IMP01001,90221401,2023-12,8565.22,13,14061.25
IMP01001,90221401,2024-01,8599.51,11,14553.43
IMP01001,90221401,2024-02,8898.3,11,15437.28
IMP01001,90221401,2024-03,11207.21,13,14277.5
IMP01001,90221401,2024-04,9938.37,12,14233.54
IMP01001,90221401,2024-05,9301.76,15,13950.73
IMP01001,90221401,2024-06,8820.95,12,14176.69
IMP01001,90221401,2024-07,8686.02,13,11600.57
IMP01001,90221401,2024-08,8686.16,11,14432.16
IMP01001,90221401,2024-09,8671.25,7,13656.55
IMP01001,90221401,2024-10,12221.11,7,13758.74
IMP01001,90221401,2024-11,18964.59,2,16369.41
IMP01001,90221401,2024-12,8520.46,12,15526.39
IMP01001,90221401,2025-01,8601.11,7,11508.07
IMP01001,90221401,2025-02,11246.33,11,14388.88
IMP01001,90221401,2025-03,9170.07,15,14247.69
IMP01001,90221401,2025-04,8208.55,9,15879.67
IMP01001,90221401,2025-05,18725.61,11,16001.72
IMP01001,90221401,2025-06,10178.47,13,15566.51
IMP01001,90221401,2025-07,12248.31,8,13776.17
IMP01001,90221401,2025-08,11684.32,9,14248.3
IMP01001,90221401,2025-09,8773.25,11,14735.25
IMP01001,90221401,2025-10,12235.94,7,14926.91
IMP01001,90221401,2025-11,8807.83,10,13571.34
IMP01001,90221401,2025-12,10345.31,12,13747.95
IMP01001,90221401,2026-01,8986.23,12,14590.39
IMP01001,90221401,2026-02,8914.77,10,14273.08
IMP01001,90221401,2026-03,8981.72,11,13341.8
IMP01001,90221401,2026-04,8860.64,11,14743.34
IMP01001,90221401,2026-05,8568.69,13,13446.65
IMP01001,90221401,2026-06,13916.0,2,15905.78
IMP01001,90221401,2026-07,8420.51,10,11471.12
IMP01001,90221401,2026-08,8990.34,13,11165.97
IMP01001,90221401,2026-09,8509.55,6,13246.72
IMP00788,27132003,2023-11,5.79,4,5.83
IMP00788,27132003,2023-12,6.25,4,5.86
IMP00788,27132003,2024-01,6.15,5,5.76
IMP00788,27132003,2024-02,6.19,7,6.19
IMP00788,27132003,2024-03,5.82,4,5.81
IMP00788,27132003,2024-04,5.73,6,5.7
IMP00788,27132003,2024-05,5.42,2,5.53
IMP00788,27132003,2024-06,5.54,1,5.57
IMP00788,27132003,2024-07,5.86,4,5.64
IMP00788,27132003,2024-08,5.49,6,5.51
IMP00788,27132003,2024-09,5.52,3,5.42
IMP00788,27132003,2024-10,5.6,1,5.63
IMP00788,27132003,2024-11,5.28,3,5.51
IMP00788,27132003,2024-12,5.47,5,5.45
IMP00788,27132003,2025-01,5.35,6,4.99
IMP00788,27132003,2025-02,5.5,2,5.37
IMP00788,27132003,2025-03,5.1,9,5.18
IMP00788,27132003,2025-04,4.97,4,5.11
IMP00788,27132003,2025-05,4.95,5,4.92
IMP00788,27132003,2025-06,4.98,3,4.97
IMP00788,27132003,2025-08,5.19,1,4.96
IMP00788,27132003,2025-09,4.81,2,4.84
IMP00788,27132003,2025-10,4.76,4,4.77
IMP00788,27132003,2025-11,4.86,4,4.67
IMP00788,27132003,2025-12,4.77,3,4.78
IMP00788,27132003,2026-01,4.49,9,4.62
IMP00788,27132003,2026-02,4.52,9,4.56
IMP00788,27132003,2026-03,4.56,6,4.56
IMP00788,27132003,2026-04,4.2,4,4.39
IMP00788,27132003,2026-05,4.59,3,4.49
IMP00788,27132003,2026-06,4.47,6,4.67
IMP00788,27132003,2026-07,4.12,4,4.23
IMP00788,27132003,2026-08,4.16,5,4.45
IMP00788,27132003,2026-09,4.04,3,4.23
IMP01011,40169904,2023-10,100.76,6,72.15
IMP01011,40169904,2023-11,82.45,6,71.77
IMP01011,40169904,2023-12,65.23,6,70.55
IMP01011,40169904,2024-01,81.78,6,71.58
IMP01011,40169904,2024-02,89.39,8,70.88
IMP01011,40169904,2024-03,64.78,3,68.8
IMP01011,40169904,2024-04,67.75,7,70.77
IMP01011,40169904,2024-05,67.91,7,71.07
IMP01011,40169904,2024-06,85.32,6,73.68
IMP01011,40169904,2024-07,93.27,4,72.45
IMP01011,40169904,2024-08,70.74,7,71.84
IMP01011,40169904,2024-09,68.63,9,70.35
IMP01011,40169904,2024-10,69.96,5,71.8
IMP01011,40169904,2024-11,81.59,4,73.08
IMP01011,40169904,2024-12,91.46,3,71.76
IMP01011,40169904,2025-01,83.58,6,75.08
IMP01011,40169904,2025-02,62.31,6,71.11
IMP01011,40169904,2025-03,96.48,6,75.37
IMP01011,40169904,2025-04,89.94,3,72.52
IMP01011,40169904,2025-05,86.78,3,73.49
IMP01011,40169904,2025-06,80.3,6,72.34
IMP01011,40169904,2025-07,96.73,5,72.08
IMP01011,40169904,2025-08,101.1,4,73.68
IMP01011,40169904,2025-09,83.04,6,74.39
IMP01011,40169904,2025-10,115.01,1,70.55
IMP01011,40169904,2025-11,95.58,5,72.36
IMP01011,40169904,2025-12,73.51,6,70.09
IMP01011,40169904,2026-01,82.43,4,73.22
IMP01011,40169904,2026-02,86.3,7,71.83
IMP01011,40169904,2026-03,81.27,4,71.44
IMP01011,40169904,2026-04,82.03,4,72.85
IMP01011,40169904,2026-05,93.21,6,73.52
IMP01011,40169904,2026-06,75.36,8,72.18
IMP01011,40169904,2026-07,61.45,2,72.07
IMP01011,40169904,2026-08,99.07,1,70.51
IMP01011,40169904,2026-09,90.58,5,72.38
IMP00548,90221402,2023-10,7505.32,8,7378.95
IMP00548,90221402,2023-11,7606.37,10,7927.33
IMP00548,90221402,2023-12,11110.01,8,10180.45
IMP00548,90221402,2024-01,7798.78,9,7980.26
IMP00548,90221402,2024-02,8650.43,6,7887.48
IMP00548,90221402,2024-03,7612.59,11,7456.02
IMP00548,90221402,2024-04,7828.54,17,7897.34
IMP00548,90221402,2024-05,7919.31,12,7817.53
IMP00548,90221402,2024-06,7655.86,14,7647.46
IMP00548,90221402,2024-07,9197.61,4,8034.04
IMP00548,90221402,2024-08,7738.97,8,8787.23
IMP00548,90221402,2024-09,12447.08,1,10344.37
IMP00548,90221402,2024-10,7962.15,7,9267.9
IMP00548,90221402,2024-11,7632.03,14,7758.63
IMP00548,90221402,2024-12,7413.9,9,7454.21
IMP00548,90221402,2025-01,8285.66,7,8210.7
IMP00548,90221402,2025-02,8456.47,5,8212.25
IMP00548,90221402,2025-03,7750.06,4,8088.87
IMP00548,90221402,2025-04,7945.51,7,8857.01
IMP00548,90221402,2025-05,7299.25,9,7594.39
IMP00548,90221402,2025-06,7052.2,8,8002.58
IMP00548,90221402,2025-07,9157.22,6,9129.09
IMP00548,90221402,2025-08,7468.69,7,7965.89
IMP00548,90221402,2025-09,7554.0,7,7736.2
IMP00548,90221402,2025-10,8412.54,9,9608.56
IMP00548,90221402,2025-11,7432.74,8,9390.53
IMP00548,90221402,2025-12,7706.03,7,7692.04
IMP00548,90221402,2026-01,7604.86,11,7906.84
IMP00548,90221402,2026-02,7670.87,9,7838.83
IMP00548,90221402,2026-03,7652.77,9,8276.69
IMP00548,90221402,2026-04,7781.19,11,7749.67
IMP00548,90221402,2026-05,7898.6,6,7699.71
IMP00548,90221402,2026-06,9787.75,13,10024.09
IMP00548,90221402,2026-07,7657.27,10,7770.44
IMP00548,90221402,2026-08,7708.69,9,7720.23
IMP00548,90221402,2026-09,7524.75,9,7952.98
IMP00802,85171301,2023-10,19957.41,3,15398.98
IMP00802,85171301,2023-11,20397.67,17,16229.08
IMP00802,85171301,2023-12,19745.94,7,15816.26
IMP00802,85171301,2024-01,21003.46,8,15355.04
IMP00802,85171301,2024-02,9737.73,8,15138.48
IMP00802,85171301,2024-03,19566.79,11,15121.63
IMP00802,85171301,2024-04,21079.15,7,14703.06
IMP00802,85171301,2024-05,19529.18,11,14533.81
IMP00802,85171301,2024-06,9593.25,11,14938.68
IMP00802,85171301,2024-07,18384.43,9,14637.24
IMP00802,85171301,2024-08,19487.36,10,15075.27
IMP00802,85171301,2024-09,19950.18,10,15336.6
IMP00802,85171301,2024-10,17457.57,8,14434.17
IMP00802,85171301,2024-11,18740.05,8,14433.31
IMP00802,85171301,2024-12,18466.45,13,14924.69
IMP00802,85171301,2025-01,19431.49,6,14715.56
IMP00802,85171301,2025-02,19135.39,10,14193.65
IMP00802,85171301,2025-03,18761.9,16,15197.59
IMP00802,85171301,2025-04,18628.2,11,14179.95
IMP00802,85171301,2025-05,17817.49,11,14343.97
IMP00802,85171301,2025-06,16022.51,8,14734.77
IMP00802,85171301,2025-07,18091.67,11,13161.98
IMP00802,85171301,2025-08,18205.83,12,13349.63
IMP00802,85171301,2025-09,18385.53,10,14049.47
IMP00802,85171301,2025-10,19553.71,9,13100.79
IMP00802,85171301,2025-11,12075.54,4,12894.65
IMP00802,85171301,2025-12,12478.63,8,12460.24
IMP00802,85171301,2026-01,17906.05,7,13216.78
IMP00802,85171301,2026-02,16248.82,9,12769.3
IMP00802,85171301,2026-03,17306.18,7,12974.79
IMP00802,85171301,2026-04,15969.8,9,12591.66
IMP00802,85171301,2026-05,16971.09,12,12810.59
IMP00802,85171301,2026-06,16984.15,10,12438.65
IMP00802,85171301,2026-07,16337.63,11,12685.11
IMP00802,85171301,2026-08,17147.76,8,12399.99
IMP00802,85171301,2026-09,16015.04,11,12653.22
IMP00401,27111201,2023-10,15.4,4,15.25
IMP00401,27111201,2023-11,14.81,4,14.93
IMP00401,27111201,2023-12,14.49,5,14.65
IMP00401,27111201,2024-01,15.46,3,15.09
IMP00401,27111201,2024-02,14.7,6,14.32
IMP00401,27111201,2024-03,12.85,5,13.86
IMP00401,27111201,2024-04,14.29,2,14.92
IMP00401,27111201,2024-05,14.21,5,13.95
IMP00401,27111201,2024-07,14.15,4,13.78
IMP00401,27111201,2024-08,13.93,3,13.03
IMP00401,27111201,2024-09,14.2,3,14.15
IMP00401,27111201,2024-10,13.1,3,13.02
IMP00401,27111201,2024-11,14.57,1,13.4
IMP00401,27111201,2024-12,13.11,3,13.12
IMP00401,27111201,2025-01,13.0,2,12.78
IMP00401,27111201,2025-02,12.84,2,12.49
IMP00401,27111201,2025-03,13.44,1,12.98
IMP00401,27111201,2025-04,13.71,2,12.54
IMP00401,27111201,2025-05,11.92,3,12.53
IMP00401,27111201,2025-06,12.38,3,12.36
IMP00401,27111201,2025-07,12.09,7,11.99
IMP00401,27111201,2025-08,13.24,2,11.81
IMP00401,27111201,2025-09,12.63,4,12.73
IMP00401,27111201,2025-10,12.2,1,11.59
IMP00401,27111201,2025-11,12.19,5,11.75
IMP00401,27111201,2025-12,11.48,3,11.49
IMP00401,27111201,2026-01,10.66,3,11.03
IMP00401,27111201,2026-02,11.94,3,12.0
IMP00401,27111201,2026-03,6.29,1,10.56
IMP00401,27111201,2026-04,11.15,4,11.22
IMP00401,27111201,2026-05,9.88,1,10.6
IMP00401,27111201,2026-06,10.94,3,10.45
IMP00401,27111201,2026-08,10.63,6,10.16
IMP00401,27111201,2026-09,10.31,3,10.32
IMP01331,85171301,2023-10,15080.47,13,15398.98
IMP01331,85171301,2023-11,13561.87,6,16229.08
IMP01331,85171301,2023-12,13887.6,5,15816.26
IMP01331,85171301,2024-01,13269.95,18,15355.04
IMP01331,85171301,2024-02,14217.09,6,15138.48
IMP01331,85171301,2024-03,14624.11,13,15121.63
IMP01331,85171301,2024-04,13449.22,14,14703.06
IMP01331,85171301,2024-05,12747.2,7,14533.81
IMP01331,85171301,2024-06,13469.29,6,14938.68
IMP01331,85171301,2024-07,13409.12,13,14637.24
IMP01331,85171301,2024-08,13323.74,12,15075.27
IMP01331,85171301,2024-09,13822.19,12,15336.6
IMP01331,85171301,2024-10,9321.1,6,14434.17
IMP01331,85171301,2024-11,13376.15,13,14433.31
IMP01331,85171301,2024-12,12538.27,9,14924.69
IMP01331,85171301,2025-01,13256.61,7,14715.56
IMP01331,85171301,2025-02,12920.49,10,14193.65
IMP01331,85171301,2025-03,9277.08,14,15197.59
IMP01331,85171301,2025-04,12928.2,15,14179.95
IMP01331,85171301,2025-05,12636.77,20,14343.97
IMP01331,85171301,2025-06,11918.56,14,14734.77
IMP01331,85171301,2025-07,11678.98,10,13161.98
IMP01331,85171301,2025-08,5762.55,8,13349.63
IMP01331,85171301,2025-09,12521.43,9,14049.47
IMP01331,85171301,2025-10,5731.02,10,13100.79
IMP01331,85171301,2025-11,5492.02,9,12894.65
IMP01331,85171301,2025-12,12631.83,10,12460.24
IMP01331,85171301,2026-01,12031.8,10,13216.78
IMP01331,85171301,2026-02,11867.41,18,12769.3
IMP01331,85171301,2026-03,12135.88,16,12974.79
IMP01331,85171301,2026-04,11555.74,13,12591.66
IMP01331,85171301,2026-05,11877.85,9,12810.59
IMP01331,85171301,2026-06,10883.37,21,12438.65
IMP01331,85171301,2026-07,5354.49,9,12685.11
IMP01331,85171301,2026-08,11323.28,12,12399.99
IMP01331,85171301,2026-09,11484.82,8,12653.22
IMP00280,90221404,2023-10,8059.85,13,8466.48
IMP00280,90221404,2023-11,8422.23,10,8870.18
IMP00280,90221404,2023-12,8167.82,17,8182.88
IMP00280,90221404,2024-01,8325.66,9,8425.97
IMP00280,90221404,2024-02,7874.91,5,7874.91
IMP00280,90221404,2024-03,8049.84,11,8311.16
IMP00280,90221404,2024-04,8273.7,16,8191.09
IMP00280,90221404,2024-05,8346.24,9,8139.81
IMP00280,90221404,2024-06,8390.73,12,8578.6
IMP00280,90221404,2024-07,8561.55,12,8561.55
IMP00280,90221404,2024-08,8162.11,11,8260.07
IMP00280,90221404,2024-09,8359.8,11,8647.87
IMP00280,90221404,2024-10,8255.81,10,8370.32
IMP00280,90221404,2024-11,8097.31,9,8275.15
IMP00280,90221404,2024-12,8588.16,14,8724.62
IMP00280,90221404,2025-01,7930.69,10,8490.69
IMP00280,90221404,2025-02,8285.42,8,8306.72
IMP00280,90221404,2025-03,8520.49,11,8547.13
IMP00280,90221404,2025-04,8370.35,14,8486.44
IMP00280,90221404,2025-05,8254.94,11,8368.25
IMP00280,90221404,2025-06,8264.25,13,8732.12
IMP00280,90221404,2025-07,8260.12,13,8173.76
IMP00280,90221404,2025-08,8527.35,13,8527.35
IMP00280,90221404,2025-09,8210.1,10,8210.1
IMP00280,90221404,2025-10,8387.51,7,8747.87
IMP00280,90221404,2025-11,8032.76,12,8032.76
IMP00280,90221404,2025-12,8246.01,10,8246.01
IMP00280,90221404,2026-01,8074.24,9,7976.95
IMP00280,90221404,2026-02,8116.41,10,8532.36
IMP00280,90221404,2026-03,8196.01,16,8546.73
IMP00280,90221404,2026-04,8367.86,13,8334.19
IMP00280,90221404,2026-05,8285.15,13,8575.08
IMP00280,90221404,2026-06,8424.98,10,8652.08
IMP00280,90221404,2026-07,8235.26,12,8457.1
IMP00280,90221404,2026-08,8478.2,9,8960.59
IMP00280,90221404,2026-09,8108.58,5,8108.58
IMP00887,27101904,2023-10,11.05,1,12.8
IMP00887,27101904,2023-12,13.64,1,13.64
IMP00887,27101904,2024-01,11.82,2,12.42
IMP00887,27101904,2024-02,11.4,4,11.64
IMP00887,27101904,2024-03,14.61,1,12.76
IMP00887,27101904,2024-04,13.16,4,13.16
IMP00887,27101904,2024-05,16.19,1,13.94
IMP00887,27101904,2024-06,11.47,3,11.98
IMP00887,27101904,2024-07,11.28,1,11.28
IMP00887,27101904,2024-08,10.86,5,10.66
IMP00887,27101904,2024-09,9.94,1,14.78
IMP00887,27101904,2024-10,14.01,2,14.19
IMP00887,27101904,2024-11,13.22,2,12.1
IMP00887,27101904,2024-12,11.33,1,13.7
IMP00887,27101904,2025-01,9.34,3,10.5
IMP00887,27101904,2025-02,10.91,2,11.3
IMP00887,27101904,2025-03,11.22,3,11.56
IMP00887,27101904,2025-04,10.98,3,11.31
IMP00887,27101904,2025-05,12.43,1,10.93
IMP00887,27101904,2025-06,13.33,3,10.8
IMP00887,27101904,2025-07,11.6,4,10.92
IMP00887,27101904,2025-08,9.5,1,9.97
IMP00887,27101904,2025-09,13.46,2,11.61
IMP00887,27101904,2025-10,9.44,2,10.66
IMP00887,27101904,2025-12,9.81,2,9.62
IMP00887,27101904,2026-01,8.93,2,8.8
IMP00887,27101904,2026-02,8.1,2,9.62
IMP00887,27101904,2026-03,10.38,2,9.72
IMP00887,27101904,2026-04,11.47,1,10.32
IMP00887,27101904,2026-05,10.69,2,8.73
IMP00887,27101904,2026-06,10.01,1,11.34
IMP00887,27101904,2026-07,10.95,3,10.17
IMP00887,27101904,2026-08,8.84,1,9.94
IMP00887,27101904,2026-09,8.76,4,9.1
IMP00306,39021002,2023-10,23.74,45,23.01
IMP00306,39021002,2023-11,24.91,55,24.75
IMP00306,39021002,2023-12,24.52,62,23.8
IMP00306,39021002,2024-01,23.46,50,22.73
IMP00306,39021002,2024-02,23.43,45,23.33
IMP00306,39021002,2024-03,23.72,53,23.46
IMP00306,39021002,2024-04,22.62,45,22.48
IMP00306,39021002,2024-05,23.33,57,23.06
IMP00306,39021002,2024-06,24.11,50,23.71
IMP00306,39021002,2024-07,22.35,46,21.79
IMP00306,39021002,2024-08,22.8,42,22.65
IMP00306,39021002,2024-09,23.95,43,23.18
IMP00306,39021002,2024-10,21.72,34,21.72
IMP00306,39021002,2024-11,20.74,46,20.74
IMP00306,39021002,2024-12,22.27,48,21.74
IMP00306,39021002,2025-01,21.36,52,20.68
IMP00306,39021002,2025-02,21.54,34,21.35
IMP00306,39021002,2025-03,21.86,52,21.29
IMP00306,39021002,2025-04,21.52,59,21.51
IMP00306,39021002,2025-05,20.23,44,20.21
IMP00306,39021002,2025-06,21.15,53,21.07
IMP00306,39021002,2025-07,19.94,45,19.94
IMP00306,39021002,2025-08,20.32,42,19.78
IMP00306,39021002,2025-09,20.57,37,20.42
IMP00306,39021002,2025-10,19.87,39,19.37
IMP00306,39021002,2025-11,19.12,47,18.95
IMP00306,39021002,2025-12,20.46,48,19.9
IMP00306,39021002,2026-01,19.25,57,19.46
IMP00306,39021002,2026-02,20.46,40,19.74
IMP00306,39021002,2026-03,19.1,62,18.85
IMP00306,39021002,2026-04,19.63,42,19.39
IMP00306,39021002,2026-05,18.25,47,18.25
IMP00306,39021002,2026-06,18.69,45,18.63
IMP00306,39021002,2026-07,19.05,44,18.78
IMP00306,39021002,2026-08,18.37,46,18.37
IMP00306,39021002,2026-09,19.56,43,18.34
IMP00351,85171303,2023-10,4712.22,11,4637.68
IMP00351,85171303,2023-11,4832.88,9,4575.32
IMP00351,85171303,2023-12,4546.84,4,4503.32
IMP00351,85171303,2024-01,4579.69,3,4428.98
IMP00351,85171303,2024-02,4589.83,12,4307.09
IMP00351,85171303,2024-03,4478.07,10,4424.77
IMP00351,85171303,2024-04,4549.87,10,4238.51
IMP00351,85171303,2024-05,4639.77,7,4449.9
IMP00351,85171303,2024-06,4429.78,5,4211.94
IMP00351,85171303,2024-07,4513.43,11,4282.39
IMP00351,85171303,2024-08,4348.98,5,4223.65
IMP00351,85171303,2024-09,4249.92,7,4186.7
IMP00351,85171303,2024-10,4536.36,6,4328.39
IMP00351,85171303,2024-11,4534.57,8,4138.51
IMP00351,85171303,2024-12,4285.28,7,4052.58
IMP00351,85171303,2025-01,4288.69,10,4191.27
IMP00351,85171303,2025-02,4223.62,11,4199.36
IMP00351,85171303,2025-03,4328.32,12,4195.61
IMP00351,85171303,2025-04,4189.63,4,3979.13
IMP00351,85171303,2025-05,4156.29,13,4046.6
IMP00351,85171303,2025-06,4215.39,11,4058.17
IMP00351,85171303,2025-07,4300.39,7,4045.26
IMP00351,85171303,2025-08,4069.38,9,4005.75
IMP00351,85171303,2025-09,4183.47,14,3869.26
IMP00351,85171303,2025-10,4093.86,7,4094.71
IMP00351,85171303,2025-11,4195.64,7,4141.47
IMP00351,85171303,2025-12,4189.27,5,4075.18
IMP00351,85171303,2026-01,3756.74,7,4037.41
IMP00351,85171303,2026-02,3815.68,13,3829.83
IMP00351,85171303,2026-03,4006.09,10,4155.96
IMP00351,85171303,2026-04,3987.87,13,3901.87
IMP00351,85171303,2026-05,3892.96,11,4087.12
IMP00351,85171303,2026-06,3856.19,14,4027.48
IMP00351,85171303,2026-07,3808.43,15,3814.78
IMP00351,85171303,2026-08,3855.42,9,4073.22
IMP00351,85171303,2026-09,3958.17,8,3884.14
IMP01144,90273003,2023-10,16000.99,10,15611.44
IMP01144,90273003,2023-11,16503.59,9,14629.9
IMP01144,90273003,2023-12,14988.4,15,15484.85
IMP01144,90273003,2024-01,15147.35,14,15256.48
IMP01144,90273003,2024-02,16643.43,7,16331.78
IMP01144,90273003,2024-03,14647.41,9,15080.11
IMP01144,90273003,2024-04,17785.52,17,16132.81
IMP01144,90273003,2024-05,16939.07,9,16201.38
IMP01144,90273003,2024-06,16364.78,12,15283.31
IMP01144,90273003,2024-07,15499.57,5,16494.9
IMP01144,90273003,2024-08,16045.42,12,16043.51
IMP01144,90273003,2024-09,18651.98,6,16505.52
IMP01144,90273003,2024-10,16065.47,10,15985.89
IMP01144,90273003,2024-11,15838.79,8,15838.79
IMP01144,90273003,2024-12,17561.75,18,17440.46
IMP01144,90273003,2025-01,16690.34,14,16690.34
IMP01144,90273003,2025-02,15538.78,8,16485.72
IMP01144,90273003,2025-03,15405.89,17,15934.09
IMP01144,90273003,2025-04,17350.85,15,16558.51
IMP01144,90273003,2025-05,16119.08,9,16236.68
IMP01144,90273003,2025-06,15055.94,8,14805.81
IMP01144,90273003,2025-07,14895.46,10,14896.0
IMP01144,90273003,2025-08,18380.02,10,18380.02
IMP01144,90273003,2025-09,16681.36,10,17734.83
IMP01144,90273003,2025-10,16974.81,18,16196.57
IMP01144,90273003,2025-11,16014.85,7,16461.13
IMP01144,90273003,2025-12,15083.42,4,15302.14
IMP01144,90273003,2026-01,15564.9,7,16041.33
IMP01144,90273003,2026-02,15304.46,14,15315.24
IMP01144,90273003,2026-03,15966.05,12,15720.35
IMP01144,90273003,2026-04,15673.96,15,16085.27
IMP01144,90273003,2026-05,15944.02,12,16186.66
IMP01144,90273003,2026-06,15294.17,13,15361.18
IMP01144,90273003,2026-07,15592.95,12,16121.49
IMP01144,90273003,2026-08,17718.64,7,17188.98
IMP01144,90273003,2026-09,14905.56,8,16857.01
IMP00591,85171302,2023-10,5499.77,5,5953.88
IMP00591,85171302,2023-11,4971.84,7,5766.83
IMP00591,85171302,2023-12,4910.91,12,5765.18
IMP00591,85171302,2024-01,5226.59,6,5808.13
IMP00591,85171302,2024-02,5173.18,6,5978.09
IMP00591,85171302,2024-03,4968.8,14,5803.24
IMP00591,85171302,2024-04,4871.35,13,5587.0
IMP00591,85171302,2024-05,5027.4,11,5647.02
IMP00591,85171302,2024-06,4815.38,9,5665.85
IMP00591,85171302,2024-07,4699.96,10,5436.24
IMP00591,85171302,2024-08,4787.03,6,5500.9
IMP00591,85171302,2024-09,4887.15,5,5285.16
IMP00591,85171302,2024-10,4549.16,6,5599.29
IMP00591,85171302,2024-11,5005.39,7,5469.28
IMP00591,85171302,2024-12,4797.52,13,5263.7
IMP00591,85171302,2025-01,4744.57,7,5464.13
IMP00591,85171302,2025-02,4754.98,12,5286.71
IMP00591,85171302,2025-03,4558.33,7,5223.79
IMP00591,85171302,2025-04,4582.39,10,5316.53
IMP00591,85171302,2025-05,4519.39,7,5233.36
IMP00591,85171302,2025-06,4337.52,7,5077.84
IMP00591,85171302,2025-07,4428.29,5,5313.69
IMP00591,85171302,2025-08,4518.24,5,5102.45
IMP00591,85171302,2025-09,4484.26,12,5024.99
IMP00591,85171302,2025-10,4172.05,5,4963.06
IMP00591,85171302,2025-11,4405.07,10,5042.96
IMP00591,85171302,2025-12,4441.06,6,4931.86
IMP00591,85171302,2026-01,4285.4,8,5067.34
IMP00591,85171302,2026-02,4339.98,21,4921.56
IMP00591,85171302,2026-03,4325.72,15,4765.6
IMP00591,85171302,2026-04,4141.42,10,4935.62
IMP00591,85171302,2026-05,3994.02,7,4903.41
IMP00591,85171302,2026-06,4147.81,6,4791.71
IMP00591,85171302,2026-07,4082.18,11,4649.8
IMP00591,85171302,2026-08,4064.84,10,4961.65
IMP00591,85171302,2026-09,4003.61,5,4820.35
IMP00433,30021503,2023-10,17220.67,16,16870.59
IMP00433,30021503,2023-11,17140.42,18,17046.8
IMP00433,30021503,2023-12,17544.36,24,16838.33
IMP00433,30021503,2024-01,17464.69,26,16742.25
IMP00433,30021503,2024-02,17195.99,25,16579.11
IMP00433,30021503,2024-03,17634.0,28,16961.76
IMP00433,30021503,2024-04,17230.49,30,16109.21
IMP00433,30021503,2024-05,17656.23,29,16954.74
IMP00433,30021503,2024-06,18179.06,26,17343.88
IMP00433,30021503,2024-07,17302.77,18,16842.53
IMP00433,30021503,2024-08,17370.69,25,16645.62
IMP00433,30021503,2024-09,17588.1,16,17166.85
IMP00433,30021503,2024-10,16988.65,22,16672.66
IMP00433,30021503,2024-11,16368.99,21,16287.26
IMP00433,30021503,2024-12,18201.33,25,17497.16
IMP00433,30021503,2025-01,17616.14,29,17443.6
IMP00433,30021503,2025-02,17132.91,18,15945.34
IMP00433,30021503,2025-03,17571.58,22,17027.63
IMP00433,30021503,2025-04,18159.38,26,17446.96
IMP00433,30021503,2025-05,17285.78,22,17142.74
IMP00433,30021503,2025-06,17370.58,25,16494.04
IMP00433,30021503,2025-07,17680.13,30,16186.06
IMP00433,30021503,2025-08,17885.84,26,17510.42
IMP00433,30021503,2025-09,17569.72,21,17239.03
IMP00433,30021503,2025-10,17466.96,24,16161.32
IMP00433,30021503,2025-11,17160.99,17,17024.17
IMP00433,30021503,2025-12,17226.93,18,16648.43
IMP00433,30021503,2026-01,17685.91,17,17312.7
IMP00433,30021503,2026-02,17279.72,22,17148.09
IMP00433,30021503,2026-03,16525.01,28,15303.36
IMP00433,30021503,2026-04,16480.95,21,16480.95
IMP00433,30021503,2026-05,17424.19,19,16740.49
IMP00433,30021503,2026-06,17349.07,22,17085.07
IMP00433,30021503,2026-07,17788.35,18,17228.57
IMP00433,30021503,2026-08,17549.19,21,17468.51
IMP00433,30021503,2026-09,17932.45,17,16443.45
IMP00089,85171301,2023-10,23160.67,7,15398.98
IMP00089,85171301,2023-11,22830.87,9,16229.08
IMP00089,85171301,2023-12,21943.49,5,15816.26
IMP00089,85171301,2024-01,10217.94,5,15355.04
IMP00089,85171301,2024-02,22092.56,5,15138.48
IMP00089,85171301,2024-03,22494.14,4,15121.63
IMP00089,85171301,2024-04,22021.38,11,14703.06
IMP00089,85171301,2024-05,10063.77,9,14533.81
IMP00089,85171301,2024-06,21050.03,6,14938.68
IMP00089,85171301,2024-07,21083.33,8,14637.24
IMP00089,85171301,2024-08,9830.12,7,15075.27
IMP00089,85171301,2024-09,21493.83,8,15336.6
IMP00089,85171301,2024-10,19785.04,5,14434.17
IMP00089,85171301,2024-11,19525.48,5,14433.31
IMP00089,85171301,2024-12,21114.0,9,14924.69
IMP00089,85171301,2025-01,19241.1,7,14715.56
IMP00089,85171301,2025-02,20038.96,7,14193.65
IMP00089,85171301,2025-03,20693.06,5,15197.59
IMP00089,85171301,2025-04,19280.83,10,14179.95
IMP00089,85171301,2025-05,19539.06,9,14343.97
IMP00089,85171301,2025-06,20003.95,6,14734.77
IMP00089,85171301,2025-07,18548.67,7,13161.98
IMP00089,85171301,2025-08,18549.59,6,13349.63
IMP00089,85171301,2025-09,18634.98,3,14049.47
IMP00089,85171301,2025-10,16219.67,7,13100.79
IMP00089,85171301,2025-11,18537.72,4,12894.65
IMP00089,85171301,2025-12,9278.47,5,12460.24
IMP00089,85171301,2026-01,19479.04,6,13216.78
IMP00089,85171301,2026-02,15075.41,2,12769.3
IMP00089,85171301,2026-03,18412.34,7,12974.79
IMP00089,85171301,2026-04,18321.96,5,12591.66
IMP00089,85171301,2026-05,18342.79,6,12810.59
IMP00089,85171301,2026-06,16957.35,9,12438.65
IMP00089,85171301,2026-07,18332.84,7,12685.11
IMP00089,85171301,2026-08,10443.85,9,12399.99
IMP00089,85171301,2026-09,17292.58,7,12653.22
IMP01161,72193301,2023-10,66.72,7,70.65
IMP01161,72193301,2023-11,71.57,3,72.0
IMP01161,72193301,2023-12,62.83,8,74.31
IMP01161,72193301,2024-01,62.67,12,66.52
IMP01161,72193301,2024-02,64.33,9,66.18
IMP01161,72193301,2024-03,62.47,16,66.33
IMP01161,72193301,2024-04,63.93,8,69.0
IMP01161,72193301,2024-05,62.26,6,67.79
IMP01161,72193301,2024-06,61.63,16,65.25
IMP01161,72193301,2024-07,60.47,12,64.44
IMP01161,72193301,2024-08,62.19,7,64.64
IMP01161,72193301,2024-09,59.8,8,63.04
IMP01161,72193301,2024-10,59.53,12,62.38
IMP01161,72193301,2024-11,60.56,9,63.8
IMP01161,72193301,2024-12,60.88,5,64.19
IMP01161,72193301,2025-01,60.75,9,66.08
IMP01161,72193301,2025-02,57.36,7,62.92
IMP01161,72193301,2025-03,57.93,11,64.52
IMP01161,72193301,2025-04,58.62,12,61.64
IMP01161,72193301,2025-05,54.11,8,59.39
IMP01161,72193301,2025-06,58.63,16,59.04
IMP01161,72193301,2025-07,56.93,5,58.79
IMP01161,72193301,2025-08,55.98,6,62.62
IMP01161,72193301,2025-09,53.24,7,63.41
IMP01161,72193301,2025-10,53.39,12,58.61
IMP01161,72193301,2025-11,56.58,9,59.56
IMP01161,72193301,2025-12,54.89,6,58.64
IMP01161,72193301,2026-01,56.16,8,56.54
IMP01161,72193301,2026-02,54.16,15,56.19
IMP01161,72193301,2026-03,53.54,13,57.38
IMP01161,72193301,2026-04,53.41,8,58.01
IMP01161,72193301,2026-05,52.0,11,57.77
IMP01161,72193301,2026-06,52.7,16,55.19
IMP01161,72193301,2026-07,52.23,9,52.65
IMP01161,72193301,2026-08,54.97,9,55.7
IMP01161,72193301,2026-09,49.83,6,56.11
IMP01426,33042003,2023-10,699.57,13,699.55
IMP01426,33042003,2023-11,700.58,23,702.26
IMP01426,33042003,2023-12,714.92,17,714.92
IMP01426,33042003,2024-01,694.75,19,694.75
IMP01426,33042003,2024-02,699.02,24,703.97
IMP01426,33042003,2024-03,700.99,23,700.93
IMP01426,33042003,2024-04,722.0,28,722.0
IMP01426,33042003,2024-05,686.7,25,680.46
IMP01426,33042003,2024-06,716.78,24,707.18
IMP01426,33042003,2024-07,688.39,27,687.8
IMP01426,33042003,2024-08,697.29,16,704.0
IMP01426,33042003,2024-09,707.98,12,706.84
IMP01426,33042003,2024-10,714.41,22,708.96
IMP01426,33042003,2024-11,699.03,17,695.24
IMP01426,33042003,2024-12,695.36,24,687.79
IMP01426,33042003,2025-01,721.34,21,726.29
IMP01426,33042003,2025-02,723.35,24,726.13
IMP01426,33042003,2025-03,695.99,28,693.72
IMP01426,33042003,2025-04,715.49,24,715.81
IMP01426,33042003,2025-05,693.1,31,702.42
IMP01426,33042003,2025-06,717.65,16,724.87
IMP01426,33042003,2025-07,713.13,23,713.13
IMP01426,33042003,2025-08,694.19,23,694.19
IMP01426,33042003,2025-09,707.22,20,709.42
IMP01426,33042003,2025-10,692.35,17,694.24
IMP01426,33042003,2025-11,694.11,20,701.92
IMP01426,33042003,2025-12,698.17,26,700.32
IMP01426,33042003,2026-01,712.83,28,712.83
IMP01426,33042003,2026-02,693.53,19,688.75
IMP01426,33042003,2026-03,713.37,20,692.44
IMP01426,33042003,2026-04,700.58,30,701.66
IMP01426,33042003,2026-05,721.11,23,718.45
IMP01426,33042003,2026-06,714.63,22,706.04
IMP01426,33042003,2026-07,717.58,17,717.58
IMP01426,33042003,2026-08,721.9,13,723.88
IMP01426,33042003,2026-09,712.55,30,711.52
IMP00434,27132001,2023-10,9.29,3,9.29
IMP00434,27132001,2023-12,9.6,3,10.08
IMP00434,27132001,2024-03,9.48,2,9.73
IMP00434,27132001,2024-04,9.43,4,9.5
IMP00434,27132001,2024-05,8.34,1,9.86
IMP00434,27132001,2024-06,8.45,2,9.77
IMP00434,27132001,2024-07,8.57,1,9.47
IMP00434,27132001,2024-09,8.33,1,11.13
IMP00434,27132001,2024-12,8.05,4,8.18
IMP00434,27132001,2025-01,8.96,1,8.58
IMP00434,27132001,2025-02,8.45,2,10.0
IMP00434,27132001,2025-03,7.95,2,8.45
IMP00434,27132001,2025-05,8.39,2,8.88
IMP00434,27132001,2025-06,7.88,1,8.19
IMP00434,27132001,2025-07,7.76,1,9.26
IMP00434,27132001,2025-08,7.5,3,8.76
IMP00434,27132001,2025-09,7.71,2,8.03
IMP00434,27132001,2025-10,7.05,1,9.58
IMP00434,27132001,2025-11,7.22,3,7.89
IMP00434,27132001,2025-12,7.78,3,8.03
IMP00434,27132001,2026-01,7.38,2,7.99
IMP00434,27132001,2026-02,7.29,2,7.6
IMP00434,27132001,2026-03,7.47,2,8.08
IMP00434,27132001,2026-04,6.67,3,7.3
IMP00434,27132001,2026-07,7.11,1,8.09
IMP00434,27132001,2026-08,7.41,1,7.34
IMP00490,85171301,2023-10,19184.12,12,15398.98
IMP00490,85171301,2023-11,21076.48,7,16229.08
IMP00490,85171301,2023-12,13804.77,2,15816.26
IMP00490,85171301,2024-01,16216.86,9,15355.04
IMP00490,85171301,2024-02,13569.01,7,15138.48
IMP00490,85171301,2024-03,13849.64,7,15121.63
IMP00490,85171301,2024-04,14798.4,4,14703.06
IMP00490,85171301,2024-05,20705.38,7,14533.81
IMP00490,85171301,2024-06,13945.74,7,14938.68
IMP00490,85171301,2024-07,14765.42,6,14637.24
IMP00490,85171301,2024-08,18425.43,3,15075.27
IMP00490,85171301,2024-09,6590.93,8,15336.6
IMP00490,85171301,2024-10,14389.22,5,14434.17
IMP00490,85171301,2024-11,13220.11,6,14433.31
IMP00490,85171301,2024-12,19182.55,6,14924.69
IMP00490,85171301,2025-01,16387.07,4,14715.56
IMP00490,85171301,2025-02,9150.25,6,14193.65
IMP00490,85171301,2025-03,13576.4,6,15197.59
IMP00490,85171301,2025-04,19777.82,5,14179.95
IMP00490,85171301,2025-05,13838.72,8,14343.97
IMP00490,85171301,2025-06,12307.15,11,14734.77
IMP00490,85171301,2025-07,13392.46,5,13161.98
IMP00490,85171301,2025-08,5862.77,2,13349.63
IMP00490,85171301,2025-09,10511.02,4,14049.47
IMP00490,85171301,2025-10,11166.02,6,13100.79
IMP00490,85171301,2025-11,12868.02,9,12894.65
IMP00490,85171301,2025-12,11671.01,7,12460.24
IMP00490,85171301,2026-01,17646.91,5,13216.78
IMP00490,85171301,2026-02,12337.11,9,12769.3
IMP00490,85171301,2026-03,14343.88,13,12974.79
IMP00490,85171301,2026-04,15357.21,4,12591.66
IMP00490,85171301,2026-05,12583.58,14,12810.59
IMP00490,85171301,2026-06,13005.86,6,12438.65
IMP00490,85171301,2026-07,14898.62,6,12685.11
IMP00490,85171301,2026-08,12401.97,8,12399.99
IMP00490,85171301,2026-09,13795.16,10,12653.22
IMP00873,85171301,2023-10,11000.43,4,15398.98
IMP00873,85171301,2023-11,22216.83,4,16229.08
IMP00873,85171301,2023-12,16197.14,4,15816.26
IMP00873,85171301,2024-01,19334.5,6,15355.04
IMP00873,85171301,2024-02,10516.07,3,15138.48
IMP00873,85171301,2024-03,20783.62,4,15121.63
IMP00873,85171301,2024-04,23029.01,3,14703.06
IMP00873,85171301,2024-05,13972.78,11,14533.81
IMP00873,85171301,2024-06,10914.51,5,14938.68
IMP00873,85171301,2024-07,22293.04,8,14637.24
IMP00873,85171301,2024-08,13987.37,3,15075.27
IMP00873,85171301,2024-09,9695.7,3,15336.6
IMP00873,85171301,2024-10,10439.38,3,14434.17
IMP00873,85171301,2024-11,8869.4,4,14433.31
IMP00873,85171301,2024-12,14753.98,5,14924.69
IMP00873,85171301,2025-01,20577.38,6,14715.56
IMP00873,85171301,2025-02,16082.26,8,14193.65
IMP00873,85171301,2025-03,20407.18,4,15197.59
IMP00873,85171301,2025-04,14379.07,4,14179.95
IMP00873,85171301,2025-05,13011.87,8,14343.97
IMP00873,85171301,2025-06,21448.91,2,14734.77
IMP00873,85171301,2025-07,17300.93,2,13161.98
IMP00873,85171301,2025-08,9027.23,5,13349.63
IMP00873,85171301,2025-09,14179.6,5,14049.47
IMP00873,85171301,2025-10,12519.54,5,13100.79
IMP00873,85171301,2025-11,10843.14,2,12894.65
IMP00873,85171301,2025-12,18915.77,5,12460.24
IMP00873,85171301,2026-01,12234.04,3,13216.78
IMP00873,85171301,2026-02,8965.64,5,12769.3
IMP00873,85171301,2026-03,19562.23,9,12974.79
IMP00873,85171301,2026-04,17026.04,9,12591.66
IMP00873,85171301,2026-05,11852.41,9,12810.59
IMP00873,85171301,2026-06,17233.9,8,12438.65
IMP00873,85171301,2026-07,18758.22,5,12685.11
IMP00873,85171301,2026-08,8960.34,3,12399.99
IMP00873,85171301,2026-09,10613.77,4,12653.22
IMP00892,85171303,2023-10,5716.15,10,4637.68
IMP00892,85171303,2023-11,5490.14,11,4575.32
IMP00892,85171303,2023-12,5462.77,7,4503.32
IMP00892,85171303,2024-01,5359.83,10,4428.98
IMP00892,85171303,2024-02,5409.68,18,4307.09
IMP00892,85171303,2024-03,5386.26,9,4424.77
IMP00892,85171303,2024-04,5400.96,13,4238.51
IMP00892,85171303,2024-05,5394.72,13,4449.9
IMP00892,85171303,2024-06,5348.27,17,4211.94
IMP00892,85171303,2024-07,5186.24,16,4282.39
IMP00892,85171303,2024-08,5496.9,8,4223.65
IMP00892,85171303,2024-09,5147.56,6,4186.7
IMP00892,85171303,2024-10,4938.43,8,4328.39
IMP00892,85171303,2024-11,5013.98,9,4138.51
IMP00892,85171303,2024-12,4817.14,15,4052.58
IMP00892,85171303,2025-01,4993.94,16,4191.27
IMP00892,85171303,2025-02,5044.37,15,4199.36
IMP00892,85171303,2025-03,5067.35,19,4195.61
IMP00892,85171303,2025-04,5135.85,14,3979.13
IMP00892,85171303,2025-05,4749.73,19,4046.6
IMP00892,85171303,2025-06,5014.94,21,4058.17
IMP00892,85171303,2025-07,4782.22,12,4045.26
IMP00892,85171303,2025-08,4837.1,15,4005.75
IMP00892,85171303,2025-09,4780.72,14,3869.26
IMP00892,85171303,2025-10,4829.22,11,4094.71
IMP00892,85171303,2025-11,4798.43,14,4141.47
IMP00892,85171303,2025-12,4763.67,9,4075.18
IMP00892,85171303,2026-01,4513.28,15,4037.41
IMP00892,85171303,2026-02,4463.29,18,3829.83
IMP00892,85171303,2026-03,4646.6,14,4155.96
IMP00892,85171303,2026-04,4616.19,17,3901.87
IMP00892,85171303,2026-05,4614.2,17,4087.12
IMP00892,85171303,2026-06,4366.09,10,4027.48
IMP00892,85171303,2026-07,4489.83,14,3814.78
IMP00892,85171303,2026-08,4587.64,10,4073.22
IMP00892,85171303,2026-09,4386.1,12,3884.14
IMP01141,39241004,2023-10,87.01,1,57.17
IMP01141,39241004,2023-11,77.66,3,57.88
IMP01141,39241004,2023-12,86.41,5,59.87
IMP01141,39241004,2024-01,78.62,6,66.85
IMP01141,39241004,2024-02,76.52,5,60.07
IMP01141,39241004,2024-03,80.38,11,64.55
IMP01141,39241004,2024-04,77.18,7,60.45
IMP01141,39241004,2024-05,74.19,2,58.21
IMP01141,39241004,2024-06,80.79,6,64.02
IMP01141,39241004,2024-07,77.92,6,63.54
IMP01141,39241004,2024-08,82.34,2,56.42
IMP01141,39241004,2024-09,74.5,5,59.92
IMP01141,39241004,2024-10,72.75,9,55.01
IMP01141,39241004,2024-11,67.16,3,54.77
IMP01141,39241004,2024-12,71.42,3,59.6
IMP01141,39241004,2025-01,73.13,6,62.37
IMP01141,39241004,2025-02,69.21,5,58.46
IMP01141,39241004,2025-03,70.92,3,54.87
IMP01141,39241004,2025-04,71.77,3,56.27
IMP01141,39241004,2025-05,72.23,7,60.25
IMP01141,39241004,2025-06,71.49,4,49.12
IMP01141,39241004,2025-07,73.05,7,51.32
IMP01141,39241004,2025-08,66.64,3,49.21
IMP01141,39241004,2025-09,62.11,3,60.78
IMP01141,39241004,2025-10,70.25,3,50.84
IMP01141,39241004,2025-11,67.08,5,54.76
IMP01141,39241004,2025-12,64.91,2,49.47
IMP01141,39241004,2026-01,68.24,6,58.37
IMP01141,39241004,2026-02,65.12,3,46.46
IMP01141,39241004,2026-03,62.55,5,47.97
IMP01141,39241004,2026-04,65.56,6,48.84
IMP01141,39241004,2026-05,62.32,6,50.8
IMP01141,39241004,2026-06,63.35,6,57.5
IMP01141,39241004,2026-07,58.56,5,45.02
IMP01141,39241004,2026-08,57.07,1,45.76
IMP01141,39241004,2026-09,63.98,3,46.97
IMP00103,27111201,2023-10,18.35,1,15.25
IMP00103,27111201,2023-11,13.82,4,14.93
IMP00103,27111201,2023-12,13.37,3,14.65
IMP00103,27111201,2024-01,12.95,1,15.09
IMP00103,27111201,2024-02,13.85,4,14.32
IMP00103,27111201,2024-03,13.49,6,13.86
IMP00103,27111201,2024-04,13.43,6,14.92
IMP00103,27111201,2024-05,13.11,6,13.95
IMP00103,27111201,2024-06,13.0,9,13.73
IMP00103,27111201,2024-07,12.11,8,13.78
IMP00103,27111201,2024-08,12.26,14,13.03
IMP00103,27111201,2024-09,13.59,2,14.15
IMP00103,27111201,2024-10,12.03,3,13.02
IMP00103,27111201,2024-11,12.83,3,13.4
IMP00103,27111201,2024-12,13.42,2,13.12
IMP00103,27111201,2025-01,12.7,7,12.78
IMP00103,27111201,2025-02,12.09,7,12.49
IMP00103,27111201,2025-03,11.36,4,12.98
IMP00103,27111201,2025-04,11.13,5,12.54
IMP00103,27111201,2025-05,12.04,3,12.53
IMP00103,27111201,2025-06,11.91,4,12.36
IMP00103,27111201,2025-07,11.07,6,11.99
IMP00103,27111201,2025-08,11.36,5,11.81
IMP00103,27111201,2025-09,10.88,2,12.73
IMP00103,27111201,2025-10,11.2,5,11.59
IMP00103,27111201,2025-11,10.24,5,11.75
IMP00103,27111201,2025-12,11.32,4,11.49
IMP00103,27111201,2026-01,11.34,3,11.03
IMP00103,27111201,2026-02,10.26,3,12.0
IMP00103,27111201,2026-03,10.34,6,10.56
IMP00103,27111201,2026-04,10.58,6,11.22
IMP00103,27111201,2026-05,10.24,7,10.6
IMP00103,27111201,2026-06,10.01,9,10.45
IMP00103,27111201,2026-07,10.12,5,10.58
IMP00103,27111201,2026-08,9.53,6,10.16
IMP00103,27111201,2026-09,9.19,3,10.32
IMP01041,85171301,2023-10,19702.24,8,15398.98
IMP01041,85171301,2023-11,20904.69,6,16229.08
IMP01041,85171301,2023-12,21416.7,1,15816.26
IMP01041,85171301,2024-01,13626.42,6,15355.04
IMP01041,85171301,2024-02,20201.02,4,15138.48
IMP01041,85171301,2024-03,19272.6,12,15121.63
IMP01041,85171301,2024-04,18616.85,5,14703.06
IMP01041,85171301,2024-05,8921.21,8,14533.81
IMP01041,85171301,2024-06,19521.48,6,14938.68
IMP01041,85171301,2024-07,18537.77,8,14637.24
IMP01041,85171301,2024-08,18132.55,5,15075.27
IMP01041,85171301,2024-09,17457.58,13,15336.6
IMP01041,85171301,2024-10,13279.65,2,14434.17
IMP01041,85171301,2024-11,12410.47,6,14433.31
IMP01041,85171301,2024-12,18372.46,7,14924.69
IMP01041,85171301,2025-01,17758.76,7,14715.56
IMP01041,85171301,2025-02,17846.68,8,14193.65
IMP01041,85171301,2025-03,17012.35,8,15197.59
IMP01041,85171301,2025-04,17548.91,5,14179.95
IMP01041,85171301,2025-05,17270.11,10,14343.97
IMP01041,85171301,2025-06,12023.58,4,14734.77
IMP01041,85171301,2025-07,17348.57,7,13161.98
IMP01041,85171301,2025-08,7633.98,6,13349.63
IMP01041,85171301,2025-09,18169.18,3,14049.47
IMP01041,85171301,2025-10,17078.6,5,13100.79
IMP01041,85171301,2025-11,17873.44,4,12894.65
IMP01041,85171301,2025-12,17201.52,8,12460.24
IMP01041,85171301,2026-01,12133.55,4,13216.78
IMP01041,85171301,2026-02,17759.09,5,12769.3
IMP01041,85171301,2026-03,16953.32,9,12974.79
IMP01041,85171301,2026-04,15897.73,4,12591.66
IMP01041,85171301,2026-05,7696.78,5,12810.59
IMP01041,85171301,2026-06,16543.63,4,12438.65
IMP01041,85171301,2026-07,15376.93,8,12685.11
IMP01041,85171301,2026-08,15725.04,7,12399.99
IMP01041,85171301,2026-09,15459.9,4,12653.22
IMP00684,61091002,2023-10,231.1,4,231.1
IMP00684,61091002,2023-11,271.62,2,271.62
IMP00684,61091002,2023-12,225.51,3,247.58
IMP00684,61091002,2024-01,224.59,4,242.38
IMP00684,61091002,2024-02,242.02,4,238.78
IMP00684,61091002,2024-03,215.95,1,223.64
IMP00684,61091002,2024-04,245.89,8,239.97
IMP00684,61091002,2024-05,209.85,3,230.88
IMP00684,61091002,2024-06,236.48,2,237.64
IMP00684,61091002,2024-07,260.18,2,246.73
IMP00684,61091002,2024-08,259.5,2,229.39
IMP00684,61091002,2024-09,232.86,4,246.04
IMP00684,61091002,2024-10,241.56,4,236.55
IMP00684,61091002,2024-11,255.4,4,248.68
IMP00684,61091002,2024-12,243.11,5,240.93
IMP00684,61091002,2025-02,263.0,5,257.94
IMP00684,61091002,2025-03,228.76,8,229.57
IMP00684,61091002,2025-04,235.19,4,235.44
IMP00684,61091002,2025-05,260.57,3,247.63
IMP00684,61091002,2025-06,253.88,4,237.84
IMP00684,61091002,2025-07,247.64,6,239.82
IMP00684,61091002,2025-08,231.5,4,240.56
IMP00684,61091002,2025-09,232.48,7,236.29
IMP00684,61091002,2025-10,237.18,3,233.83
IMP00684,61091002,2025-11,216.28,1,223.28
IMP00684,61091002,2025-12,240.29,4,242.85
IMP00684,61091002,2026-01,157.01,3,222.47
IMP00684,61091002,2026-02,185.79,4,226.35
IMP00684,61091002,2026-03,162.12,3,233.21
IMP00684,61091002,2026-04,158.82,4,228.08
IMP00684,61091002,2026-05,160.24,4,223.21
IMP00684,61091002,2026-06,183.86,9,223.88
IMP00684,61091002,2026-07,161.56,2,233.56
IMP00684,61091002,2026-08,168.93,4,232.53
IMP00684,61091002,2026-09,167.75,5,226.16
IMP00673,40151904,2023-10,232.27,4,186.73
IMP00673,40151904,2023-11,214.95,7,186.5
IMP00673,40151904,2023-12,217.1,6,194.11
IMP00673,40151904,2024-01,199.62,2,153.71
IMP00673,40151904,2024-02,214.66,4,206.39
IMP00673,40151904,2024-03,213.72,5,203.2
IMP00673,40151904,2024-04,223.04,3,194.32
IMP00673,40151904,2024-05,209.65,4,166.72
IMP00673,40151904,2024-07,205.29,3,164.76
IMP00673,40151904,2024-08,225.48,3,203.77
IMP00673,40151904,2024-09,210.99,7,152.73
IMP00673,40151904,2024-10,211.71,5,207.1
IMP00673,40151904,2024-11,220.03,5,202.95
IMP00673,40151904,2024-12,212.82,8,162.54
IMP00673,40151904,2025-01,217.52,1,165.65
IMP00673,40151904,2025-02,210.54,5,163.4
IMP00673,40151904,2025-03,225.84,2,188.91
IMP00673,40151904,2025-04,219.64,3,163.48
IMP00673,40151904,2025-05,216.2,4,155.3
IMP00673,40151904,2025-06,210.95,3,174.13
IMP00673,40151904,2025-07,218.95,8,189.62
IMP00673,40151904,2025-08,190.89,3,179.98
IMP00673,40151904,2025-09,217.51,4,191.07
IMP00673,40151904,2025-10,205.64,5,182.03
IMP00673,40151904,2025-11,215.45,6,187.9
IMP00673,40151904,2025-12,151.76,3,148.24
IMP00673,40151904,2026-02,130.97,1,152.38
IMP00673,40151904,2026-03,139.81,5,146.05
IMP00673,40151904,2026-04,143.28,5,169.64
IMP00673,40151904,2026-05,133.79,6,135.91
IMP00673,40151904,2026-06,142.48,2,149.82
IMP00673,40151904,2026-07,139.37,6,147.32
IMP00673,40151904,2026-08,135.12,6,152.19
IMP00673,40151904,2026-09,125.85,2,166.76
