trader_ref,ahtn8,month,uv_lcu_per_kg,n_lines,ref_median
TRD0262,72139100,2023-10,64.97,5,65.84
TRD0262,72139100,2023-11,68.06,1,66.17
TRD0262,72139100,2023-12,70.28,2,66.45
TRD0262,72139100,2024-01,70.1,1,66.68
TRD0262,72139100,2024-02,69.38,5,66.8
TRD0262,72139100,2024-03,69.35,1,66.83
TRD0262,72139100,2024-04,66.04,3,66.74
TRD0262,72139100,2024-05,63.51,2,66.56
TRD0262,72139100,2024-06,61.51,5,66.3
TRD0262,72139100,2024-07,60.75,1,65.98
TRD0262,72139100,2024-08,61.38,4,65.66
TRD0262,72139100,2024-09,63.3,1,65.35
TRD0262,72139100,2024-10,63.34,26,63.78
TRD0262,72139100,2024-11,68.09,19,68.09
TRD0262,72139100,2024-12,69.64,22,69.86
TRD0262,72139100,2025-01,69.05,13,69.19
TRD0262,72139100,2025-02,67.41,23,67.53
TRD0262,72139100,2025-03,67.8,16,68.07
TRD0262,72139100,2025-04,64.14,20,64.14
TRD0262,72139100,2025-05,64.47,6,65.0
TRD0262,72139100,2025-06,61.79,18,61.81
TRD0262,72139100,2025-07,59.78,17,59.9
TRD0262,72139100,2025-08,62.32,24,62.4
TRD0262,72139100,2025-09,63.86,11,63.61
TRD0262,72139100,2025-10,66.21,23,66.71
TRD0262,72139100,2025-11,70.28,18,70.74
TRD0262,72139100,2025-12,71.91,19,72.09
TRD0262,72139100,2026-01,69.47,15,69.47
TRD0262,72139100,2026-02,69.57,8,69.85
TRD0262,72139100,2026-03,46.2,17,46.36
TRD0262,72139100,2026-04,44.55,12,44.65
TRD0262,72139100,2026-05,42.27,19,42.57
TRD0262,72139100,2026-06,41.86,13,41.9
TRD0262,72139100,2026-07,39.5,21,39.5
TRD0262,72139100,2026-08,40.64,18,40.64
TRD0262,72139100,2026-09,42.1,9,42.12
TRD0474,72083900,2023-10,68.81,3,60.89
TRD0474,72083900,2023-11,71.33,4,61.19
TRD0474,72083900,2023-12,74.54,1,61.45
TRD0474,72083900,2024-01,75.43,3,61.66
TRD0474,72083900,2024-02,72.48,1,61.78
TRD0474,72083900,2024-03,69.76,2,61.8
TRD0474,72083900,2024-04,67.98,4,61.72
TRD0474,72083900,2024-05,65.32,5,61.55
TRD0474,72083900,2024-06,64.08,4,61.31
TRD0474,72083900,2024-07,63.69,4,61.02
TRD0474,72083900,2024-08,64.59,1,60.71
TRD0474,72083900,2024-09,66.84,5,60.43
TRD0474,72083900,2024-10,67.82,10,67.42
TRD0474,72083900,2024-11,71.08,12,70.14
TRD0474,72083900,2024-12,70.25,8,67.29
TRD0474,72083900,2025-01,73.22,12,72.71
TRD0474,72083900,2025-02,71.0,5,67.53
TRD0474,72083900,2025-03,67.39,7,67.39
TRD0474,72083900,2025-04,66.31,10,66.29
TRD0474,72083900,2025-05,64.09,7,63.28
TRD0474,72083900,2025-06,62.38,5,62.07
TRD0474,72083900,2025-07,62.8,4,62.8
TRD0474,72083900,2025-08,63.99,7,65.82
TRD0474,72083900,2025-09,66.57,5,66.44
TRD0474,72083900,2025-10,70.62,4,69.68
TRD0474,72083900,2025-11,72.39,5,71.94
TRD0474,72083900,2025-12,73.33,5,69.61
TRD0474,72083900,2026-01,75.03,2,67.0
TRD0474,72083900,2026-02,72.46,10,71.53
TRD0474,72083900,2026-03,71.41,6,71.41
TRD0474,72083900,2026-04,64.93,12,64.98
TRD0474,72083900,2026-05,63.12,7,63.12
TRD0474,72083900,2026-06,62.33,9,62.23
TRD0474,72083900,2026-07,61.55,4,62.33
TRD0474,72083900,2026-08,63.89,3,63.89
TRD0474,72083900,2026-09,65.53,6,66.07
TRD0243,85414300,2023-10,403.28,3,405.92
TRD0243,85414300,2023-11,382.41,4,407.91
TRD0243,85414300,2023-12,367.4,3,409.69
TRD0243,85414300,2024-01,376.26,2,411.04
TRD0243,85414300,2024-02,350.07,1,411.84
TRD0243,85414300,2024-03,342.09,2,411.98
TRD0243,85414300,2024-04,356.22,3,411.46
TRD0243,85414300,2024-05,358.62,3,410.32
TRD0243,85414300,2024-06,361.85,3,408.7
TRD0243,85414300,2024-07,389.8,1,406.78
TRD0243,85414300,2024-08,388.03,1,404.76
TRD0243,85414300,2024-09,393.4,5,402.87
TRD0243,85414300,2024-10,388.68,8,389.02
TRD0243,85414300,2024-11,373.53,6,376.33
TRD0243,85414300,2024-12,364.94,2,366.91
TRD0243,85414300,2025-01,354.8,4,388.63
TRD0243,85414300,2025-02,341.04,4,343.8
TRD0243,85414300,2025-03,330.8,2,427.82
TRD0243,85414300,2025-04,339.43,5,345.94
TRD0243,85414300,2025-05,358.42,7,362.87
TRD0243,85414300,2025-06,376.05,6,376.75
TRD0243,85414300,2025-07,394.03,9,391.89
TRD0243,85414300,2025-08,394.15,2,387.49
TRD0243,85414300,2025-09,397.29,4,397.96
TRD0243,85414300,2025-10,404.93,4,406.82
TRD0243,85414300,2025-11,385.18,4,402.33
TRD0243,85414300,2025-12,372.0,9,372.78
TRD0243,85414300,2026-01,367.9,4,378.29
TRD0243,85414300,2026-02,350.78,4,351.19
TRD0243,85414300,2026-03,343.09,12,347.28
TRD0243,85414300,2026-04,337.1,5,339.64
TRD0243,85414300,2026-05,353.54,6,361.12
TRD0243,85414300,2026-06,364.71,5,374.2
TRD0243,85414300,2026-07,373.46,8,373.35
TRD0243,85414300,2026-08,389.76,3,389.76
TRD0243,85414300,2026-09,390.23,6,398.91
TRD0354,17011400,2023-10,46.85,3,49.12
TRD0354,17011400,2023-11,48.6,1,49.36
TRD0354,17011400,2023-12,50.99,3,49.57
TRD0354,17011400,2024-01,52.78,3,49.74
TRD0354,17011400,2024-02,55.36,1,49.83
TRD0354,17011400,2024-03,55.11,4,49.85
TRD0354,17011400,2024-04,53.96,5,49.79
TRD0354,17011400,2024-05,53.87,3,49.65
TRD0354,17011400,2024-06,51.62,5,49.45
TRD0354,17011400,2024-07,49.18,4,49.22
TRD0354,17011400,2024-08,46.54,3,48.98
TRD0354,17011400,2024-09,46.73,4,48.75
TRD0354,17011400,2024-10,47.08,5,47.31
TRD0354,17011400,2024-11,47.35,6,46.88
TRD0354,17011400,2024-12,49.74,2,49.74
TRD0354,17011400,2025-01,48.32,1,47.48
TRD0354,17011400,2025-02,53.45,1,50.35
TRD0354,17011400,2025-03,53.8,8,53.8
TRD0354,17011400,2025-04,55.09,1,48.83
TRD0354,17011400,2025-05,53.62,6,53.62
TRD0354,17011400,2025-06,51.48,1,51.48
TRD0354,17011400,2025-07,48.88,2,48.34
TRD0354,17011400,2025-08,48.3,7,48.3
TRD0354,17011400,2025-09,47.74,2,45.9
TRD0354,17011400,2025-10,48.45,5,48.54
TRD0354,17011400,2025-11,47.22,2,46.59
TRD0354,17011400,2025-12,49.84,3,49.69
TRD0354,17011400,2026-01,55.12,2,55.81
TRD0354,17011400,2026-02,52.92,5,52.92
TRD0354,17011400,2026-03,54.3,1,54.3
TRD0354,17011400,2026-04,54.43,4,52.41
TRD0354,17011400,2026-05,53.67,7,53.35
TRD0354,17011400,2026-06,50.02,2,49.45
TRD0354,17011400,2026-07,49.91,5,49.41
TRD0354,17011400,2026-08,46.89,6,47.06
TRD0354,17011400,2026-09,46.46,2,46.46
TRD0568,72083900,2023-10,68.0,1,60.89
TRD0568,72083900,2023-11,67.81,5,61.19
TRD0568,72083900,2023-12,66.89,5,61.45
TRD0568,72083900,2024-01,65.76,2,61.66
TRD0568,72083900,2024-02,62.09,3,61.78
TRD0568,72083900,2024-03,61.19,3,61.8
TRD0568,72083900,2024-04,60.9,4,61.72
TRD0568,72083900,2024-05,59.95,2,61.55
TRD0568,72083900,2024-06,60.87,4,61.31
TRD0568,72083900,2024-07,63.38,4,61.02
TRD0568,72083900,2024-08,63.02,2,60.71
TRD0568,72083900,2024-09,66.93,2,60.43
TRD0568,72083900,2024-10,68.81,1,67.42
TRD0568,72083900,2024-11,67.01,4,70.14
TRD0568,72083900,2024-12,65.55,7,67.29
TRD0568,72083900,2025-01,63.44,3,72.71
TRD0568,72083900,2025-02,62.89,3,67.53
TRD0568,72083900,2025-03,59.05,1,67.39
TRD0568,72083900,2025-04,60.38,2,66.29
TRD0568,72083900,2025-05,58.23,2,63.28
TRD0568,72083900,2025-06,57.36,1,62.07
TRD0568,72083900,2025-08,66.12,6,65.82
TRD0568,72083900,2025-09,66.98,2,66.44
TRD0568,72083900,2025-10,68.72,1,69.68
TRD0568,72083900,2025-11,72.89,3,71.94
TRD0568,72083900,2025-12,70.1,2,69.61
TRD0568,72083900,2026-01,64.52,1,67.0
TRD0568,72083900,2026-04,58.15,1,64.98
TRD0568,72083900,2026-05,54.02,1,63.12
TRD0568,72083900,2026-06,57.01,1,62.23
TRD0568,72083900,2026-07,61.8,4,62.33
TRD0568,72083900,2026-08,66.25,1,63.89
TRD0568,72083900,2026-09,67.34,3,66.07
TRD0504,08106000,2023-10,272.85,2,318.6
TRD0504,08106000,2023-11,261.81,2,320.16
TRD0504,08106000,2023-12,262.51,2,321.56
TRD0504,08106000,2024-01,261.03,1,322.62
TRD0504,08106000,2024-02,271.76,5,323.24
TRD0504,08106000,2024-03,278.67,1,323.36
TRD0504,08106000,2024-04,290.83,2,322.95
TRD0504,08106000,2024-05,302.05,1,322.06
TRD0504,08106000,2024-06,302.4,1,320.79
TRD0504,08106000,2024-07,297.72,5,319.27
TRD0504,08106000,2024-08,291.47,4,317.69
TRD0504,08106000,2024-09,282.37,3,316.2
TRD0504,08106000,2024-10,268.64,8,264.13
TRD0504,08106000,2024-11,260.02,4,260.02
TRD0504,08106000,2024-12,245.45,4,250.79
TRD0504,08106000,2025-01,254.63,15,256.76
TRD0504,08106000,2025-02,260.87,7,278.1
TRD0504,08106000,2025-03,270.91,8,270.91
TRD0504,08106000,2025-04,286.08,7,285.95
TRD0504,08106000,2025-05,294.37,6,292.33
TRD0504,08106000,2025-06,303.44,10,302.9
TRD0504,08106000,2025-07,299.96,9,297.72
TRD0504,08106000,2025-08,301.0,2,295.49
TRD0504,08106000,2025-09,284.07,7,292.47
TRD0504,08106000,2025-10,272.75,3,266.96
TRD0504,08106000,2025-11,266.82,3,274.99
TRD0504,08106000,2025-12,264.49,13,264.49
TRD0504,08106000,2026-01,262.93,6,274.72
TRD0504,08106000,2026-02,267.46,5,271.49
TRD0504,08106000,2026-03,199.95,5,209.86
TRD0504,08106000,2026-04,200.72,6,205.75
TRD0504,08106000,2026-05,209.51,2,209.51
TRD0504,08106000,2026-06,200.6,8,201.1
TRD0504,08106000,2026-07,204.43,4,213.23
TRD0504,08106000,2026-08,206.71,5,207.41
TRD0504,08106000,2026-09,191.02,2,197.93
TRD0252,72044900,2023-10,42.55,4,42.95
TRD0252,72044900,2023-11,41.04,3,43.16
TRD0252,72044900,2023-12,40.58,5,43.35
TRD0252,72044900,2024-01,40.15,3,43.49
TRD0252,72044900,2024-02,40.55,5,43.58
TRD0252,72044900,2024-03,40.44,4,43.59
TRD0252,72044900,2024-04,43.75,1,43.54
TRD0252,72044900,2024-05,44.56,4,43.42
TRD0252,72044900,2024-06,45.07,3,43.25
TRD0252,72044900,2024-07,46.64,5,43.04
TRD0252,72044900,2024-08,46.57,2,42.83
TRD0252,72044900,2024-09,45.74,5,42.63
TRD0252,72044900,2024-10,43.06,4,43.05
TRD0252,72044900,2024-11,39.57,2,39.62
TRD0252,72044900,2025-01,41.33,1,41.33
TRD0252,72044900,2025-02,38.44,3,36.8
TRD0252,72044900,2025-05,46.03,1,46.03
TRD0252,72044900,2025-06,48.17,1,43.89
TRD0252,72044900,2025-07,46.38,1,37.01
TRD0252,72044900,2025-08,44.02,1,44.02
TRD0252,72044900,2025-09,45.75,1,50.77
TRD0252,72044900,2025-11,42.33,2,42.33
TRD0252,72044900,2025-12,42.92,2,42.92
TRD0252,72044900,2026-01,40.08,1,40.08
TRD0252,72044900,2026-02,40.68,1,37.06
TRD0252,72044900,2026-03,39.39,1,39.39
TRD0252,72044900,2026-05,44.18,3,44.18
TRD0252,72044900,2026-06,46.06,1,37.74
TRD0252,72044900,2026-07,46.98,1,47.55
TRD0252,72044900,2026-08,45.96,1,45.96
TRD0252,72044900,2026-09,44.48,2,42.31
TRD0054,87038090,2023-10,2775.13,4,2867.4
TRD0054,87038090,2023-11,2837.28,2,2881.47
TRD0054,87038090,2023-12,2947.68,5,2894.0
TRD0054,87038090,2024-01,3137.18,2,2903.59
TRD0054,87038090,2024-02,3202.92,1,2909.2
TRD0054,87038090,2024-03,3197.74,5,2910.21
TRD0054,87038090,2024-04,3282.47,3,2906.51
TRD0054,87038090,2024-05,3132.86,2,2898.5
TRD0054,87038090,2024-06,3020.49,4,2887.07
TRD0054,87038090,2024-07,2856.79,2,2873.47
TRD0054,87038090,2024-08,2742.93,5,2859.2
TRD0054,87038090,2024-09,2699.74,2,2845.84
TRD0054,87038090,2024-10,2756.78,2,2796.15
TRD0054,87038090,2024-11,2748.9,1,2352.51
TRD0054,87038090,2024-12,2911.75,4,2916.75
TRD0054,87038090,2025-02,3133.51,2,2865.25
TRD0054,87038090,2025-03,3112.25,1,2825.38
TRD0054,87038090,2025-06,2939.89,3,2939.89
TRD0054,87038090,2025-07,2733.29,1,2414.84
TRD0054,87038090,2025-12,2907.22,1,3122.16
TRD0054,87038090,2026-01,3030.99,2,3047.42
TRD0054,87038090,2026-02,3242.04,4,3133.08
TRD0054,87038090,2026-03,3131.0,1,2841.84
TRD0054,87038090,2026-06,2917.38,2,2823.86
TRD0054,87038090,2026-08,2600.27,1,2668.24
TRD0054,87038090,2026-09,2614.07,1,2766.72
TRD0353,39021000,2023-10,141.73,5,123.19
TRD0353,39021000,2023-11,148.2,5,123.8
TRD0353,39021000,2023-12,147.25,3,124.33
TRD0353,39021000,2024-01,150.12,1,124.75
TRD0353,39021000,2024-02,144.05,2,124.99
TRD0353,39021000,2024-03,137.99,5,125.03
TRD0353,39021000,2024-04,133.25,5,124.87
TRD0353,39021000,2024-05,127.12,3,124.53
TRD0353,39021000,2024-06,127.72,1,124.04
TRD0353,39021000,2024-07,126.64,1,123.45
TRD0353,39021000,2024-08,130.1,1,122.84
TRD0353,39021000,2024-09,134.27,5,122.27
TRD0353,39021000,2024-10,143.84,5,140.21
TRD0353,39021000,2024-12,144.01,3,144.01
TRD0353,39021000,2025-01,144.24,1,113.51
TRD0353,39021000,2025-02,149.22,1,149.22
TRD0353,39021000,2025-03,140.96,4,138.2
TRD0353,39021000,2025-04,127.89,1,127.89
TRD0353,39021000,2025-05,129.75,3,130.28
TRD0353,39021000,2025-06,125.21,2,123.51
TRD0353,39021000,2025-07,125.26,4,122.74
TRD0353,39021000,2025-08,139.51,1,139.51
TRD0353,39021000,2025-09,139.3,3,139.3
TRD0353,39021000,2025-10,143.67,1,115.74
TRD0353,39021000,2025-11,150.13,5,150.13
TRD0353,39021000,2025-12,144.32,8,143.91
TRD0353,39021000,2026-01,145.82,3,148.93
TRD0353,39021000,2026-02,151.93,2,151.93
TRD0353,39021000,2026-03,131.28,2,131.28
TRD0353,39021000,2026-04,123.72,3,123.24
TRD0353,39021000,2026-05,127.97,2,127.97
TRD0353,39021000,2026-06,123.6,4,123.6
TRD0353,39021000,2026-07,129.18,5,131.69
TRD0353,39021000,2026-08,125.77,2,117.18
TRD0353,39021000,2026-09,135.07,1,111.26
TRD0263,94069090,2023-10,196.88,3,202.96
TRD0263,94069090,2023-11,184.57,4,203.96
TRD0263,94069090,2023-12,185.73,5,204.84
TRD0263,94069090,2024-01,184.64,5,205.52
TRD0263,94069090,2024-02,189.45,2,205.92
TRD0263,94069090,2024-03,190.43,3,205.99
TRD0263,94069090,2024-04,199.07,5,205.73
TRD0263,94069090,2024-05,207.84,3,205.16
TRD0263,94069090,2024-06,216.66,4,204.35
TRD0263,94069090,2024-07,210.12,5,203.39
TRD0263,94069090,2024-08,208.22,5,202.38
TRD0263,94069090,2024-09,199.11,5,201.43
TRD0263,94069090,2024-11,192.57,3,201.52
TRD0263,94069090,2024-12,178.3,5,202.24
TRD0263,94069090,2025-01,181.48,2,212.55
TRD0263,94069090,2025-02,183.46,12,195.73
TRD0263,94069090,2025-03,183.82,2,198.24
TRD0263,94069090,2025-04,194.66,5,192.96
TRD0263,94069090,2025-05,201.38,4,200.27
TRD0263,94069090,2025-06,217.22,2,217.57
TRD0263,94069090,2025-07,216.52,4,218.11
TRD0263,94069090,2025-08,206.98,4,207.63
TRD0263,94069090,2025-09,206.3,6,220.52
TRD0263,94069090,2025-10,194.39,7,215.93
TRD0263,94069090,2025-11,196.68,2,208.43
TRD0263,94069090,2025-12,188.38,5,212.83
TRD0263,94069090,2026-01,179.44,5,222.83
TRD0263,94069090,2026-02,179.14,3,201.79
TRD0263,94069090,2026-03,194.43,7,200.2
TRD0263,94069090,2026-04,193.29,7,196.28
TRD0263,94069090,2026-05,214.53,1,361.05
TRD0263,94069090,2026-06,207.64,6,206.5
TRD0263,94069090,2026-07,206.33,4,214.03
TRD0263,94069090,2026-08,196.75,1,217.32
TRD0263,94069090,2026-09,202.43,1,235.1
TRD0425,52010000,2023-10,168.48,1,182.66
TRD0425,52010000,2023-11,176.71,4,183.56
TRD0425,52010000,2023-12,183.22,4,184.36
TRD0425,52010000,2024-01,182.52,5,184.97
TRD0425,52010000,2024-02,183.53,1,185.33
TRD0425,52010000,2024-03,174.8,3,185.39
TRD0425,52010000,2024-04,169.08,5,185.16
TRD0425,52010000,2024-05,158.63,2,184.65
TRD0425,52010000,2024-06,154.97,2,183.92
TRD0425,52010000,2024-07,151.63,4,183.05
TRD0425,52010000,2024-08,158.84,5,182.14
TRD0425,52010000,2024-09,162.36,2,181.29
TRD0425,52010000,2024-12,170.18,2,190.67
TRD0425,52010000,2025-04,160.91,1,187.21
TRD0425,52010000,2025-05,155.51,1,152.56
TRD0425,52010000,2025-06,148.99,1,199.75
TRD0425,52010000,2025-07,161.81,1,181.21
TRD0425,52010000,2025-08,159.02,3,175.19
TRD0425,52010000,2025-09,159.8,2,162.93
TRD0425,52010000,2025-10,176.07,5,180.51
TRD0425,52010000,2025-11,164.21,1,164.21
TRD0425,52010000,2025-12,185.61,2,189.4
TRD0425,52010000,2026-02,175.61,1,199.69
TRD0425,52010000,2026-04,158.28,1,156.95
TRD0425,52010000,2026-05,154.76,3,162.15
TRD0425,52010000,2026-06,153.09,3,160.43
TRD0425,52010000,2026-07,151.22,4,153.45
TRD0425,52010000,2026-09,157.02,2,164.76
TRD0240,94069090,2023-10,240.09,1,205.32
TRD0240,94069090,2023-11,235.28,5,206.33
TRD0240,94069090,2023-12,231.33,3,207.22
TRD0240,94069090,2024-01,220.6,3,207.91
TRD0240,94069090,2024-02,209.23,1,208.31
TRD0240,94069090,2024-03,204.98,5,208.39
TRD0240,94069090,2024-04,200.18,3,208.12
TRD0240,94069090,2024-05,208.5,5,207.55
TRD0240,94069090,2024-06,210.52,1,206.73
TRD0240,94069090,2024-07,217.37,5,205.75
TRD0240,94069090,2024-08,224.89,5,204.73
TRD0240,94069090,2024-09,231.07,2,203.78
TRD0240,94069090,2024-10,234.45,6,229.38
TRD0240,94069090,2024-12,222.92,6,202.24
TRD0240,94069090,2025-01,212.07,3,212.55
TRD0240,94069090,2025-02,208.37,7,195.73
TRD0240,94069090,2025-03,199.78,8,198.24
TRD0240,94069090,2025-04,189.97,7,192.96
TRD0240,94069090,2025-05,199.57,7,200.27
TRD0240,94069090,2025-06,217.57,3,217.57
TRD0240,94069090,2025-07,216.43,10,218.11
TRD0240,94069090,2025-08,228.1,2,207.63
TRD0240,94069090,2025-09,235.7,7,220.52
TRD0240,94069090,2025-10,236.21,6,215.93
TRD0240,94069090,2025-11,216.99,1,208.43
TRD0240,94069090,2025-12,222.95,5,212.83
TRD0240,94069090,2026-01,224.63,4,222.83
TRD0240,94069090,2026-02,209.12,1,201.79
TRD0240,94069090,2026-03,198.49,6,200.2
TRD0240,94069090,2026-04,196.79,6,196.28
TRD0240,94069090,2026-05,198.63,3,361.05
TRD0240,94069090,2026-06,199.28,5,206.5
TRD0240,94069090,2026-07,215.32,6,214.03
TRD0240,94069090,2026-08,217.32,7,217.32
TRD0240,94069090,2026-09,229.17,4,235.1
TRD0472,72193400,2023-10,284.47,3,276.12
TRD0472,72193400,2023-11,297.89,3,277.48
TRD0472,72193400,2023-12,307.54,5,278.68
TRD0472,72193400,2024-01,322.91,4,279.61
TRD0472,72193400,2024-02,334.32,5,280.15
TRD0472,72193400,2024-03,336.54,1,280.24
TRD0472,72193400,2024-04,332.64,1,279.89
TRD0472,72193400,2024-05,324.47,5,279.11
TRD0472,72193400,2024-06,313.52,4,278.01
TRD0472,72193400,2024-07,295.19,3,276.7
TRD0472,72193400,2024-08,277.16,2,275.33
TRD0472,72193400,2024-09,284.47,4,274.04
TRD0472,72193400,2024-11,281.01,2,281.01
TRD0472,72193400,2024-12,305.55,1,283.6
TRD0472,72193400,2025-03,328.42,1,263.37
TRD0472,72193400,2025-04,318.4,2,325.44
TRD0472,72193400,2025-10,287.81,2,287.81
TRD0472,72193400,2025-11,291.84,3,280.53
TRD0472,72193400,2025-12,298.64,1,241.87
TRD0472,72193400,2026-02,333.72,2,332.18
TRD0472,72193400,2026-03,332.74,2,316.36
TRD0472,72193400,2026-04,311.85,2,274.72
TRD0472,72193400,2026-05,313.09,2,281.11
TRD0472,72193400,2026-06,308.3,1,243.43
TRD0472,72193400,2026-08,286.82,1,250.46
TRD0376,39201090,2023-10,235.95,2,253.7
TRD0376,39201090,2023-11,244.78,5,254.95
TRD0376,39201090,2023-12,250.19,1,256.05
TRD0376,39201090,2024-01,253.13,1,256.9
TRD0376,39201090,2024-02,249.67,1,257.4
TRD0376,39201090,2024-03,241.75,5,257.49
TRD0376,39201090,2024-04,229.11,5,257.16
TRD0376,39201090,2024-05,224.12,3,256.45
TRD0376,39201090,2024-06,216.46,1,255.44
TRD0376,39201090,2024-07,215.58,5,254.24
TRD0376,39201090,2024-08,222.57,4,252.97
TRD0376,39201090,2024-09,229.77,5,251.79
TRD0376,39201090,2024-10,241.23,1,284.43
TRD0376,39201090,2024-11,237.84,3,254.68
TRD0376,39201090,2024-12,260.57,1,257.29
TRD0376,39201090,2025-01,243.2,1,243.2
TRD0376,39201090,2025-02,244.96,1,248.57
TRD0376,39201090,2025-03,233.24,3,233.24
TRD0376,39201090,2025-04,227.74,3,228.9
TRD0376,39201090,2025-05,218.68,3,220.01
TRD0376,39201090,2025-06,208.03,3,217.58
TRD0376,39201090,2025-07,211.25,5,214.25
TRD0376,39201090,2025-08,220.99,3,286.83
TRD0376,39201090,2025-09,233.92,1,233.92
TRD0376,39201090,2025-10,246.23,2,254.76
TRD0376,39201090,2025-12,251.48,1,258.11
TRD0376,39201090,2026-01,267.46,1,267.4
TRD0376,39201090,2026-02,240.79,2,235.64
TRD0376,39201090,2026-03,234.18,4,236.74
TRD0376,39201090,2026-05,213.27,3,213.48
TRD0376,39201090,2026-06,223.93,2,276.03
TRD0376,39201090,2026-07,212.48,1,212.04
TRD0376,39201090,2026-08,214.59,1,286.0
TRD0540,72142000,2023-10,77.31,5,75.17
TRD0540,72142000,2023-11,77.83,1,75.53
TRD0540,72142000,2023-12,79.82,2,75.86
TRD0540,72142000,2024-01,79.67,4,76.11
TRD0540,72142000,2024-02,73.55,3,76.26
TRD0540,72142000,2024-03,72.54,2,76.29
TRD0540,72142000,2024-04,69.51,4,76.19
TRD0540,72142000,2024-05,68.56,5,75.98
TRD0540,72142000,2024-06,68.15,1,75.68
TRD0540,72142000,2024-07,68.58,1,75.33
TRD0540,72142000,2024-08,71.56,1,74.95
TRD0540,72142000,2024-09,74.51,3,74.6
TRD0540,72142000,2024-11,73.33,1,73.33
TRD0540,72142000,2024-12,77.17,2,65.49
TRD0540,72142000,2025-01,74.91,1,68.67
TRD0540,72142000,2025-04,67.15,2,64.02
TRD0540,72142000,2025-05,68.31,1,68.88
TRD0540,72142000,2025-06,68.67,1,66.58
TRD0540,72142000,2025-07,69.05,1,64.7
TRD0540,72142000,2025-08,72.12,1,56.74
TRD0540,72142000,2025-09,77.6,1,70.98
TRD0540,72142000,2025-10,81.91,1,78.2
TRD0540,72142000,2025-12,77.05,2,68.33
TRD0540,72142000,2026-01,78.0,3,73.78
TRD0540,72142000,2026-02,75.09,4,71.03
TRD0540,72142000,2026-04,68.73,1,65.14
TRD0540,72142000,2026-05,64.6,1,67.34
TRD0540,72142000,2026-08,68.73,2,69.05
TRD0382,94069090,2023-10,199.53,5,202.96
TRD0382,94069090,2023-11,206.0,3,203.96
TRD0382,94069090,2023-12,206.69,5,204.84
TRD0382,94069090,2024-01,203.51,4,205.52
TRD0382,94069090,2024-02,202.42,1,205.92
TRD0382,94069090,2024-03,192.69,1,205.99
TRD0382,94069090,2024-04,183.56,1,205.73
TRD0382,94069090,2024-05,180.57,2,205.16
TRD0382,94069090,2024-06,175.82,4,204.35
TRD0382,94069090,2024-07,180.5,4,203.39
TRD0382,94069090,2024-08,179.21,4,202.38
TRD0382,94069090,2024-09,191.06,2,201.43
TRD0382,94069090,2024-10,192.09,1,229.38
TRD0382,94069090,2024-11,201.08,4,201.52
TRD0382,94069090,2024-12,202.24,2,202.24
TRD0382,94069090,2025-01,195.59,1,212.55
TRD0382,94069090,2025-02,195.73,1,195.73
TRD0382,94069090,2025-03,187.49,3,198.24
TRD0382,94069090,2025-04,187.53,4,192.96
TRD0382,94069090,2025-05,172.68,1,200.27
TRD0382,94069090,2025-06,180.75,6,217.57
TRD0382,94069090,2025-07,176.31,1,218.11
TRD0382,94069090,2025-08,193.13,1,207.63
TRD0382,94069090,2025-09,199.51,3,220.52
TRD0382,94069090,2025-10,193.33,1,215.93
TRD0382,94069090,2025-11,208.43,1,208.43
TRD0382,94069090,2025-12,212.89,3,212.83
TRD0382,94069090,2026-01,212.83,1,222.83
TRD0382,94069090,2026-03,186.43,3,200.2
TRD0382,94069090,2026-04,174.97,3,196.28
TRD0382,94069090,2026-06,178.04,1,206.5
TRD0382,94069090,2026-07,178.42,1,214.03
TRD0382,94069090,2026-08,185.9,2,217.32
TRD0382,94069090,2026-09,184.01,1,235.1
TRD0493,87038090,2023-10,3069.5,2,2784.8
TRD0493,87038090,2023-11,3225.56,3,2798.47
TRD0493,87038090,2023-12,3149.48,5,2810.63
TRD0493,87038090,2024-01,3198.29,5,2819.95
TRD0493,87038090,2024-02,3096.79,1,2825.4
TRD0493,87038090,2024-03,2942.65,1,2826.38
TRD0493,87038090,2024-04,2865.05,1,2822.78
TRD0493,87038090,2024-05,2822.03,2,2815.01
TRD0493,87038090,2024-06,2721.45,2,2803.9
TRD0493,87038090,2024-07,2755.62,1,2790.7
TRD0493,87038090,2024-08,2854.74,3,2776.84
TRD0493,87038090,2024-09,2978.28,5,2763.86
TRD0493,87038090,2024-10,3155.86,1,2796.15
TRD0493,87038090,2024-12,3152.97,1,2916.75
TRD0493,87038090,2025-02,3052.7,1,2865.25
TRD0493,87038090,2025-03,2825.38,1,2825.38
TRD0493,87038090,2025-08,2760.58,1,2473.69
TRD0493,87038090,2025-09,3025.7,2,3025.7
TRD0493,87038090,2025-10,3072.61,1,2696.65
TRD0493,87038090,2025-12,3337.11,1,3122.16
TRD0493,87038090,2026-01,3063.89,1,3047.42
TRD0493,87038090,2026-04,2888.03,1,2718.03
TRD0493,87038090,2026-08,2736.21,1,2668.24
TRD0493,87038090,2026-09,2919.37,1,2766.72
TRD0123,08081000,2023-10,197.21,1,185.02
TRD0123,08081000,2023-11,187.21,3,185.93
TRD0123,08081000,2023-12,180.05,4,186.74
TRD0123,08081000,2024-01,178.97,1,187.36
TRD0123,08081000,2024-02,175.79,4,187.72
TRD0123,08081000,2024-03,185.12,4,187.79
TRD0123,08081000,2024-04,184.6,5,187.55
TRD0123,08081000,2024-05,198.02,3,187.03
TRD0123,08081000,2024-06,200.25,5,186.29
TRD0123,08081000,2024-07,205.99,2,185.42
TRD0123,08081000,2024-08,205.06,3,184.5
TRD0123,08081000,2024-09,197.86,5,183.63
TRD0123,08081000,2024-10,188.58,3,160.93
TRD0123,08081000,2024-11,186.5,8,185.24
TRD0123,08081000,2024-12,176.84,5,179.41
TRD0123,08081000,2025-01,182.48,2,182.48
TRD0123,08081000,2025-02,167.68,10,169.64
TRD0123,08081000,2025-03,179.19,6,171.24
TRD0123,08081000,2025-04,181.51,2,181.1
TRD0123,08081000,2025-05,192.18,5,189.39
TRD0123,08081000,2025-06,199.44,12,199.39
TRD0123,08081000,2025-07,202.74,9,205.2
TRD0123,08081000,2025-08,209.74,6,209.74
TRD0123,08081000,2025-09,202.65,4,202.65
TRD0123,08081000,2025-10,202.36,1,154.09
TRD0123,08081000,2025-11,191.09,5,189.37
TRD0123,08081000,2025-12,178.48,3,176.16
TRD0123,08081000,2026-01,175.54,4,175.82
TRD0123,08081000,2026-02,181.33,2,196.82
TRD0123,08081000,2026-03,174.38,4,142.71
TRD0123,08081000,2026-04,182.28,11,182.15
TRD0123,08081000,2026-05,195.27,6,195.76
TRD0123,08081000,2026-06,193.76,2,171.8
TRD0123,08081000,2026-07,199.12,4,198.01
TRD0123,08081000,2026-08,201.44,10,201.42
TRD0123,08081000,2026-09,189.25,3,189.25
TRD0301,85414300,2023-10,406.01,2,410.64
TRD0301,85414300,2023-11,393.03,2,412.66
TRD0301,85414300,2023-12,378.03,1,414.45
TRD0301,85414300,2024-01,373.62,4,415.82
TRD0301,85414300,2024-02,382.47,3,416.63
TRD0301,85414300,2024-03,395.48,4,416.77
TRD0301,85414300,2024-04,416.94,1,416.24
TRD0301,85414300,2024-05,424.6,3,415.09
TRD0301,85414300,2024-06,440.98,5,413.46
TRD0301,85414300,2024-07,431.78,5,411.51
TRD0301,85414300,2024-08,424.64,4,409.47
TRD0301,85414300,2024-09,412.75,4,407.55
TRD0301,85414300,2024-11,380.18,1,376.33
TRD0301,85414300,2025-05,429.21,2,362.87
TRD0301,85414300,2025-08,449.93,1,387.49
TRD0301,85414300,2025-09,401.64,1,397.96
TRD0301,85414300,2025-10,406.82,1,406.82
TRD0301,85414300,2025-11,390.46,2,402.33
TRD0301,85414300,2025-12,353.43,1,372.78
TRD0301,85414300,2026-01,378.29,4,378.29
TRD0301,85414300,2026-04,411.61,1,339.64
TRD0301,85414300,2026-06,429.59,4,374.2
TRD0391,72083900,2023-10,53.71,2,60.89
TRD0391,72083900,2023-11,55.08,5,61.19
TRD0391,72083900,2023-12,57.48,5,61.45
TRD0391,72083900,2024-01,59.59,5,61.66
TRD0391,72083900,2024-02,60.87,1,61.78
TRD0391,72083900,2024-03,63.18,2,61.8
TRD0391,72083900,2024-04,64.23,2,61.72
TRD0391,72083900,2024-05,62.52,2,61.55
TRD0391,72083900,2024-06,59.67,4,61.31
TRD0391,72083900,2024-07,56.68,2,61.02
TRD0391,72083900,2024-08,54.5,4,60.71
TRD0391,72083900,2024-09,53.84,4,60.43
TRD0391,72083900,2024-11,57.1,2,70.14
TRD0391,72083900,2025-04,58.08,1,66.29
TRD0391,72083900,2025-05,63.28,1,63.28
TRD0391,72083900,2025-06,60.33,6,62.07
TRD0391,72083900,2025-10,54.79,1,69.68
TRD0391,72083900,2025-12,57.75,1,69.61
TRD0391,72083900,2026-06,56.01,1,62.23
TRD0391,72083900,2026-08,52.83,1,63.89
TRD0391,72083900,2026-09,54.12,1,66.07
TRD0335,85444294,2023-10,609.89,5,647.82
TRD0335,85444294,2023-11,589.53,3,651.0
TRD0335,85444294,2023-12,586.87,4,653.83
TRD0335,85444294,2024-01,605.34,2,656.0
TRD0335,85444294,2024-02,621.91,4,657.26
TRD0335,85444294,2024-03,660.76,4,657.49
TRD0335,85444294,2024-04,671.98,1,656.66
TRD0335,85444294,2024-05,703.46,1,654.85
TRD0335,85444294,2024-06,683.87,1,652.26
TRD0335,85444294,2024-07,669.89,3,649.19
TRD0335,85444294,2024-08,632.96,3,645.97
TRD0335,85444294,2024-09,611.7,5,642.95
TRD0335,85444294,2024-10,587.95,2,587.95
TRD0335,85444294,2025-01,581.24,1,581.24
TRD0335,85444294,2025-02,604.29,2,620.28
TRD0335,85444294,2025-03,642.33,1,619.41
TRD0335,85444294,2025-04,660.99,2,782.22
TRD0335,85444294,2025-07,713.91,2,703.05
TRD0335,85444294,2025-08,681.24,1,681.24
TRD0335,85444294,2025-09,599.56,1,599.56
TRD0335,85444294,2025-10,617.76,1,566.35
TRD0335,85444294,2025-11,579.8,1,561.64
TRD0335,85444294,2025-12,576.91,3,584.71
TRD0335,85444294,2026-01,587.1,1,630.36
TRD0335,85444294,2026-02,659.88,1,659.88
TRD0335,85444294,2026-06,677.06,2,676.84
TRD0335,85444294,2026-08,626.44,1,633.29
TRD0547,39181011,2023-10,231.53,1,223.26
TRD0547,39181011,2023-11,228.62,4,224.35
TRD0547,39181011,2023-12,218.76,3,225.33
TRD0547,39181011,2024-01,212.12,1,226.07
TRD0547,39181011,2024-02,207.62,2,226.51
TRD0547,39181011,2024-03,203.13,2,226.59
TRD0547,39181011,2024-04,207.17,1,226.3
TRD0547,39181011,2024-05,213.41,5,225.68
TRD0547,39181011,2024-06,219.84,4,224.79
TRD0547,39181011,2024-07,227.53,4,223.73
TRD0547,39181011,2024-08,240.08,4,222.62
TRD0547,39181011,2024-09,232.2,1,221.58
TRD0547,39181011,2024-10,224.92,2,239.25
TRD0547,39181011,2024-11,226.85,1,226.85
TRD0547,39181011,2024-12,201.77,1,209.78
TRD0547,39181011,2025-01,204.23,1,217.16
TRD0547,39181011,2025-02,201.5,1,240.49
TRD0547,39181011,2025-04,201.58,3,201.46
TRD0547,39181011,2025-05,205.26,2,208.49
TRD0547,39181011,2025-06,218.41,3,222.61
TRD0547,39181011,2025-07,232.2,4,239.98
TRD0547,39181011,2025-08,239.68,4,241.28
TRD0547,39181011,2025-11,229.4,2,242.4
TRD0547,39181011,2025-12,216.6,5,217.21
TRD0547,39181011,2026-04,204.18,5,206.12
TRD0547,39181011,2026-06,223.79,2,228.86
TRD0547,39181011,2026-09,242.12,2,242.12
TRD0173,24022090,2023-10,2436.75,3,2655.0
TRD0173,24022090,2023-11,2538.11,3,2668.03
TRD0173,24022090,2023-12,2655.49,2,2679.63
TRD0173,24022090,2024-01,2727.0,4,2688.51
TRD0173,24022090,2024-02,2733.18,4,2693.71
TRD0173,24022090,2024-03,2644.83,3,2694.64
TRD0173,24022090,2024-04,2577.89,4,2691.21
TRD0173,24022090,2024-05,2442.98,2,2683.8
TRD0173,24022090,2024-06,2308.66,1,2673.21
TRD0173,24022090,2024-07,2268.53,1,2660.62
TRD0173,24022090,2024-08,2322.27,1,2647.41
TRD0173,24022090,2024-09,2385.28,1,2635.04
TRD0173,24022090,2024-12,2622.43,1,2622.43
TRD0173,24022090,2025-01,2732.72,1,2732.72
TRD0173,24022090,2025-03,2615.62,4,2603.56
TRD0173,24022090,2025-04,2508.16,1,2508.16
TRD0173,24022090,2025-09,2513.36,2,2316.87
TRD0173,24022090,2025-10,2583.75,1,2583.75
TRD0173,24022090,2025-11,2578.49,2,2864.15
TRD0173,24022090,2026-01,2799.88,1,2799.88
TRD0173,24022090,2026-03,2698.52,1,2877.19
TRD0173,24022090,2026-04,2448.41,4,2448.41
TRD0173,24022090,2026-06,2316.44,4,2319.05
TRD0173,24022090,2026-07,2302.74,6,2337.99
TRD0173,24022090,2026-09,2378.77,2,2378.77
TRD0368,52010000,2023-10,183.34,3,182.66
TRD0368,52010000,2023-11,182.61,1,183.56
TRD0368,52010000,2023-12,179.56,1,184.36
TRD0368,52010000,2024-01,181.95,4,184.97
TRD0368,52010000,2024-02,176.41,4,185.33
TRD0368,52010000,2024-03,165.4,2,185.39
TRD0368,52010000,2024-04,160.49,1,185.16
TRD0368,52010000,2024-05,157.42,5,184.65
TRD0368,52010000,2024-06,159.35,1,183.92
TRD0368,52010000,2024-07,161.29,5,183.05
TRD0368,52010000,2024-08,167.5,3,182.14
TRD0368,52010000,2024-09,170.97,5,181.29
TRD0368,52010000,2025-01,175.37,2,188.7
TRD0368,52010000,2025-04,160.38,1,187.21
TRD0368,52010000,2025-05,149.61,1,152.56
TRD0368,52010000,2025-08,177.62,3,175.19
TRD0368,52010000,2025-10,186.48,2,180.51
TRD0368,52010000,2025-12,199.09,1,189.4
TRD0368,52010000,2026-01,173.99,1,198.32
TRD0368,52010000,2026-03,169.33,1,207.64
TRD0368,52010000,2026-04,155.63,1,156.95
TRD0368,52010000,2026-06,162.71,1,160.43
TRD0368,52010000,2026-09,165.25,1,164.76
TRD0030,72083900,2023-10,55.64,5,60.18
TRD0030,72083900,2023-11,57.59,1,60.48
TRD0030,72083900,2023-12,60.03,2,60.74
TRD0030,72083900,2024-01,61.61,3,60.94
TRD0030,72083900,2024-02,64.66,4,61.06
TRD0030,72083900,2024-03,65.43,2,61.08
TRD0030,72083900,2024-04,66.85,3,61.0
TRD0030,72083900,2024-05,65.11,5,60.83
TRD0030,72083900,2024-06,61.84,5,60.59
TRD0030,72083900,2024-07,60.05,2,60.31
TRD0030,72083900,2024-08,56.59,3,60.01
TRD0030,72083900,2024-09,55.62,2,59.73
TRD0030,72083900,2024-10,56.01,3,67.42
TRD0030,72083900,2024-12,56.7,1,67.29
TRD0030,72083900,2025-01,80.28,1,72.71
TRD0030,72083900,2025-02,64.97,1,67.53
TRD0030,72083900,2025-08,56.31,1,65.82
TRD0030,72083900,2025-11,59.74,1,71.94
TRD0030,72083900,2025-12,60.5,1,69.61
TRD0030,72083900,2026-02,66.01,1,71.53
TRD0160,85414300,2023-10,411.44,2,405.92
TRD0160,85414300,2023-11,432.99,5,407.91
TRD0160,85414300,2023-12,434.2,3,409.69
TRD0160,85414300,2024-01,436.34,5,411.04
TRD0160,85414300,2024-02,428.63,1,411.84
TRD0160,85414300,2024-03,420.77,4,411.98
TRD0160,85414300,2024-04,404.3,1,411.46
TRD0160,85414300,2024-05,386.14,1,410.32
TRD0160,85414300,2024-06,368.42,5,408.7
TRD0160,85414300,2024-07,376.01,5,406.78
TRD0160,85414300,2024-08,371.23,5,404.76
TRD0160,85414300,2024-09,397.18,1,402.87
TRD0160,85414300,2024-10,414.29,1,389.02
TRD0160,85414300,2025-02,423.2,2,343.8
TRD0160,85414300,2025-03,389.19,1,427.82
TRD0160,85414300,2025-05,394.0,2,362.87
TRD0160,85414300,2025-07,347.2,1,391.89
TRD0160,85414300,2025-08,368.2,1,387.49
TRD0160,85414300,2025-11,446.0,1,402.33
TRD0160,85414300,2026-03,410.24,1,347.28
TRD0160,85414300,2026-04,370.21,1,339.64
TRD0160,85414300,2026-06,361.24,1,374.2
TRD0160,85414300,2026-07,360.2,4,373.35
TRD0160,85414300,2026-08,379.67,1,389.76
TRD0181,94016100,2023-10,526.39,1,507.4
TRD0181,94016100,2023-11,523.66,3,509.89
TRD0181,94016100,2023-12,531.32,5,512.11
TRD0181,94016100,2024-01,513.51,2,513.8
TRD0181,94016100,2024-02,493.74,3,514.8
TRD0181,94016100,2024-03,480.22,1,514.98
TRD0181,94016100,2024-04,473.67,1,514.32
TRD0181,94016100,2024-05,451.57,4,512.9
TRD0181,94016100,2024-06,459.2,2,510.88
TRD0181,94016100,2024-07,473.02,1,508.47
TRD0181,94016100,2024-08,479.25,2,505.95
TRD0181,94016100,2024-09,502.14,3,503.58
TRD0181,94016100,2024-10,521.33,1,499.6
TRD0181,94016100,2024-12,518.26,3,527.18
TRD0181,94016100,2025-01,493.05,5,531.22
TRD0181,94016100,2025-02,490.07,3,489.55
TRD0181,94016100,2025-03,475.83,2,490.1
TRD0181,94016100,2025-04,456.01,3,541.21
TRD0181,94016100,2025-05,450.57,3,521.95
TRD0181,94016100,2025-06,449.04,3,459.46
TRD0181,94016100,2025-08,508.95,2,508.95
TRD0181,94016100,2025-09,506.4,1,533.36
TRD0181,94016100,2025-10,515.43,10,515.84
TRD0181,94016100,2025-11,548.32,2,548.32
TRD0181,94016100,2025-12,538.64,2,553.12
TRD0181,94016100,2026-02,517.95,1,595.95
TRD0181,94016100,2026-03,468.55,3,465.27
TRD0181,94016100,2026-04,438.35,1,548.91
TRD0181,94016100,2026-05,446.44,2,486.17
TRD0181,94016100,2026-06,451.65,2,523.89
TRD0181,94016100,2026-08,484.11,4,490.94
TRD0103,87038090,2023-10,2101.64,2,2029.6
TRD0103,87038090,2023-11,2071.81,1,2039.56
TRD0103,87038090,2023-12,1971.99,1,2048.43
TRD0103,87038090,2024-01,1926.89,3,2055.22
TRD0103,87038090,2024-02,1910.74,1,2059.19
TRD0103,87038090,2024-03,1851.7,3,2059.9
TRD0103,87038090,2024-04,1786.94,1,2057.28
TRD0103,87038090,2024-05,1815.99,5,2051.61
TRD0103,87038090,2024-06,1902.15,3,2043.52
TRD0103,87038090,2024-07,1982.18,2,2033.9
TRD0103,87038090,2024-08,2036.82,2,2023.8
TRD0103,87038090,2024-09,2052.99,4,2014.34
TRD0103,87038090,2025-01,1881.18,1,1932.96
TRD0103,87038090,2025-02,1821.44,3,2865.25
TRD0103,87038090,2025-05,1822.2,1,2259.87
TRD0103,87038090,2026-06,1886.84,1,2823.86
TRD0277,72142000,2023-10,64.81,3,65.96
TRD0277,72142000,2023-11,67.03,2,66.29
TRD0277,72142000,2023-12,70.67,4,66.57
TRD0277,72142000,2024-01,72.89,3,66.79
TRD0277,72142000,2024-02,73.21,2,66.92
TRD0277,72142000,2024-03,72.28,3,66.95
TRD0277,72142000,2024-04,67.57,5,66.86
TRD0277,72142000,2024-05,65.06,4,66.68
TRD0277,72142000,2024-06,63.55,1,66.41
TRD0277,72142000,2024-07,60.06,2,66.1
TRD0277,72142000,2024-08,61.92,3,65.77
TRD0277,72142000,2024-09,61.2,3,65.47
TRD0277,72142000,2025-01,70.43,2,68.67
TRD0277,72142000,2025-03,66.67,1,70.62
TRD0277,72142000,2025-07,61.4,1,64.7
TRD0277,72142000,2025-11,71.32,1,65.01
TRD0277,72142000,2026-07,60.1,2,66.43
TRD0031,72021100,2023-10,144.52,4,152.22
TRD0031,72021100,2023-11,150.28,3,152.97
TRD0031,72021100,2023-12,154.14,3,153.63
TRD0031,72021100,2024-01,162.76,3,154.14
TRD0031,72021100,2024-02,166.37,5,154.44
TRD0031,72021100,2024-03,170.41,5,154.49
TRD0031,72021100,2024-04,169.55,1,154.3
TRD0031,72021100,2024-05,168.49,1,153.87
TRD0031,72021100,2024-06,161.79,1,153.26
TRD0031,72021100,2024-07,151.9,3,152.54
TRD0031,72021100,2024-08,147.97,2,151.78
TRD0031,72021100,2024-09,141.85,2,151.08
TRD0031,72021100,2024-10,139.87,1,148.72
TRD0031,72021100,2024-12,151.79,5,150.95
TRD0031,72021100,2025-02,162.24,2,165.25
TRD0031,72021100,2025-04,175.74,1,158.3
TRD0031,72021100,2025-05,167.99,1,163.27
TRD0031,72021100,2025-09,145.31,2,145.04
TRD0031,72021100,2026-04,169.35,2,155.79
TRD0031,72021100,2026-05,164.46,1,140.43
TRD0031,72021100,2026-06,157.07,1,146.54
TRD0031,72021100,2026-09,142.63,2,142.63
TRD0596,52010000,2023-10,181.11,5,182.66
TRD0596,52010000,2023-11,189.6,5,183.56
TRD0596,52010000,2023-12,198.25,4,184.36
TRD0596,52010000,2024-01,207.45,1,184.97
TRD0596,52010000,2024-02,213.73,1,185.33
TRD0596,52010000,2024-03,211.36,2,185.39
TRD0596,52010000,2024-04,216.59,1,185.16
TRD0596,52010000,2024-05,207.36,5,184.65
TRD0596,52010000,2024-06,196.46,3,183.92
TRD0596,52010000,2024-07,191.27,5,183.05
TRD0596,52010000,2024-08,182.36,2,182.14
TRD0596,52010000,2024-09,179.75,5,181.29
TRD0596,52010000,2025-01,196.7,2,188.7
TRD0596,52010000,2025-02,208.76,1,208.76
TRD0596,52010000,2025-03,212.91,2,186.45
TRD0596,52010000,2025-04,215.73,1,187.21
TRD0596,52010000,2025-06,205.24,4,199.75
TRD0596,52010000,2025-09,184.74,1,162.93
TRD0596,52010000,2025-10,181.94,2,180.51
TRD0596,52010000,2025-11,188.06,1,164.21
TRD0596,52010000,2025-12,193.64,2,189.4
TRD0596,52010000,2026-01,198.32,1,198.32
TRD0596,52010000,2026-03,207.64,2,207.64
TRD0596,52010000,2026-05,210.47,1,162.15
TRD0596,52010000,2026-07,182.54,3,153.45
TRD0596,52010000,2026-08,190.68,1,190.68
TRD0596,52010000,2026-09,175.95,2,164.76
TRD0076,17011400,2023-10,51.3,4,50.45
TRD0076,17011400,2023-11,52.72,3,50.69
TRD0076,17011400,2023-12,51.66,5,50.91
TRD0076,17011400,2024-01,50.51,1,51.08
TRD0076,17011400,2024-02,48.29,5,51.18
TRD0076,17011400,2024-03,46.17,3,51.2
TRD0076,17011400,2024-04,44.98,4,51.13
TRD0076,17011400,2024-05,45.24,3,50.99
TRD0076,17011400,2024-06,44.38,3,50.79
TRD0076,17011400,2024-07,46.14,4,50.55
TRD0076,17011400,2024-08,49.64,2,50.3
TRD0076,17011400,2024-09,49.63,5,50.07
TRD0076,17011400,2024-10,49.43,1,47.31
TRD0076,17011400,2025-02,46.53,2,50.35
TRD0076,17011400,2025-07,48.71,1,48.34
TRD0076,17011400,2025-10,51.33,1,48.54
TRD0076,17011400,2025-11,51.08,3,46.59
TRD0076,17011400,2025-12,48.15,1,49.69
TRD0076,17011400,2026-04,46.44,1,52.41
TRD0076,17011400,2026-05,45.24,2,53.35
TRD0076,17011400,2026-07,46.96,1,49.41
TRD0076,17011400,2026-08,47.14,1,47.06
TRD0076,17011400,2026-09,50.01,2,46.46
TRD0190,17031000,2023-10,17.22,1,15.93
TRD0190,17031000,2023-11,16.81,4,16.01
TRD0190,17031000,2023-12,16.04,5,16.08
TRD0190,17031000,2024-01,15.86,2,16.13
TRD0190,17031000,2024-02,14.75,4,16.16
TRD0190,17031000,2024-03,14.51,4,16.17
TRD0190,17031000,2024-04,14.63,5,16.15
TRD0190,17031000,2024-05,15.22,4,16.1
TRD0190,17031000,2024-06,15.89,4,16.04
TRD0190,17031000,2024-07,16.31,3,15.96
TRD0190,17031000,2024-08,16.61,4,15.88
TRD0190,17031000,2024-09,16.9,2,15.81
TRD0190,17031000,2024-12,15.72,1,18.23
TRD0190,17031000,2025-01,15.0,1,16.22
TRD0190,17031000,2025-02,14.68,2,17.16
TRD0190,17031000,2025-03,14.32,2,14.32
TRD0190,17031000,2025-04,14.46,2,18.39
TRD0190,17031000,2025-05,15.37,1,15.37
TRD0190,17031000,2025-06,15.16,1,16.5
TRD0190,17031000,2025-07,16.11,3,16.2
TRD0190,17031000,2025-08,16.6,7,16.63
TRD0190,17031000,2026-02,13.92,1,11.38
TRD0190,17031000,2026-03,14.37,4,14.49
TRD0190,17031000,2026-04,14.47,4,14.52
TRD0190,17031000,2026-05,15.09,3,15.1
TRD0190,17031000,2026-06,15.99,1,18.14
TRD0190,17031000,2026-07,15.76,2,15.97
TRD0190,17031000,2026-08,16.63,3,16.63
TRD0207,85395290,2023-10,988.76,2,913.32
TRD0207,85395290,2023-11,934.84,1,917.8
TRD0207,85395290,2023-12,917.81,4,921.79
TRD0207,85395290,2024-01,886.86,4,924.85
TRD0207,85395290,2024-02,872.87,1,926.64
TRD0207,85395290,2024-03,885.97,4,926.96
TRD0207,85395290,2024-04,903.58,4,925.78
TRD0207,85395290,2024-05,926.59,3,923.23
TRD0207,85395290,2024-06,959.65,3,919.58
TRD0207,85395290,2024-07,987.07,1,915.25
TRD0207,85395290,2024-08,995.84,2,910.71
TRD0207,85395290,2024-09,972.43,5,906.45
TRD0207,85395290,2024-11,925.86,1,757.0
TRD0207,85395290,2024-12,897.54,1,927.04
TRD0207,85395290,2025-01,854.29,2,861.46
TRD0207,85395290,2025-02,825.14,1,842.6
TRD0207,85395290,2025-03,867.81,1,900.82
TRD0207,85395290,2025-04,882.59,3,860.28
TRD0207,85395290,2025-05,925.72,1,844.95
TRD0207,85395290,2025-09,994.56,1,925.04
TRD0207,85395290,2025-11,938.12,1,931.52
TRD0207,85395290,2025-12,885.25,2,920.47
TRD0207,85395290,2026-01,898.37,1,868.05
TRD0207,85395290,2026-04,854.35,1,835.15
TRD0207,85395290,2026-06,952.96,3,927.55
TRD0207,85395290,2026-07,946.62,1,909.15
TRD0207,85395290,2026-08,942.98,1,942.23
TRD0207,85395290,2026-09,967.5,1,939.36
TRD0117,87042129,2023-10,592.81,5,672.6
TRD0117,87042129,2023-11,578.25,1,675.9
TRD0117,87042129,2023-12,586.82,3,678.84
TRD0117,87042129,2024-01,621.3,2,681.09
TRD0117,87042129,2024-02,649.71,5,682.41
TRD0117,87042129,2024-03,669.29,5,682.64
TRD0117,87042129,2024-04,681.48,4,681.77
TRD0117,87042129,2024-05,682.44,2,679.9
TRD0117,87042129,2024-06,678.92,5,677.21
TRD0117,87042129,2024-07,645.38,1,674.02
TRD0117,87042129,2024-08,615.64,1,670.68
TRD0117,87042129,2024-09,583.18,5,667.54
TRD0117,87042129,2024-10,581.65,1,706.51
TRD0117,87042129,2024-11,563.47,1,718.58
TRD0117,87042129,2024-12,544.94,2,571.14
TRD0117,87042129,2025-01,590.21,3,589.96
TRD0117,87042129,2025-02,624.09,2,636.37
TRD0117,87042129,2025-04,675.19,2,722.08
TRD0117,87042129,2025-06,662.03,2,663.78
TRD0117,87042129,2025-07,640.12,1,692.17
TRD0117,87042129,2025-08,634.41,3,624.95
TRD0117,87042129,2025-09,591.39,1,635.18
TRD0117,87042129,2025-10,569.79,1,827.92
TRD0117,87042129,2025-11,593.92,2,599.25
TRD0117,87042129,2026-01,601.5,2,616.48
TRD0117,87042129,2026-02,655.65,1,655.65
TRD0117,87042129,2026-03,672.48,2,707.94
TRD0117,87042129,2026-07,627.45,3,627.45
TRD0439,72104910,2023-10,96.59,3,86.26
TRD0439,72104910,2023-11,92.71,2,86.68
TRD0439,72104910,2023-12,91.78,3,87.06
TRD0439,72104910,2024-01,86.2,1,87.35
TRD0439,72104910,2024-02,86.02,4,87.52
TRD0439,72104910,2024-03,86.28,4,87.55
TRD0439,72104910,2024-04,88.98,5,87.43
TRD0439,72104910,2024-05,92.11,3,87.19
TRD0439,72104910,2024-06,96.55,3,86.85
TRD0439,72104910,2024-07,101.12,2,86.44
TRD0439,72104910,2024-08,100.86,2,86.01
TRD0439,72104910,2024-09,98.55,2,85.61
TRD0439,72104910,2024-10,93.28,1,86.83
TRD0439,72104910,2025-02,96.16,1,105.3
TRD0439,72104910,2025-03,89.87,1,99.36
TRD0439,72104910,2025-12,91.11,4,91.32
TRD0439,72104910,2026-02,84.39,2,105.01
TRD0439,72104910,2026-03,84.96,1,97.77
TRD0439,72104910,2026-04,86.95,1,90.11
TRD0439,72104910,2026-05,86.62,1,87.03
TRD0576,72083900,2023-10,61.77,1,60.89
TRD0576,72083900,2023-11,59.1,5,61.19
TRD0576,72083900,2023-12,58.28,2,61.45
TRD0576,72083900,2024-01,57.02,1,61.66
TRD0576,72083900,2024-02,57.09,2,61.78
TRD0576,72083900,2024-03,58.47,2,61.8
TRD0576,72083900,2024-04,61.84,5,61.72
TRD0576,72083900,2024-05,62.93,1,61.55
TRD0576,72083900,2024-06,64.29,4,61.31
TRD0576,72083900,2024-07,65.36,3,61.02
TRD0576,72083900,2024-08,64.2,1,60.71
TRD0576,72083900,2024-09,62.43,5,60.43
TRD0576,72083900,2024-10,62.08,1,67.42
TRD0576,72083900,2024-11,58.39,1,70.14
TRD0576,72083900,2024-12,55.79,1,67.29
TRD0576,72083900,2025-02,55.81,1,67.53
TRD0576,72083900,2025-06,72.63,1,62.07
TRD0576,72083900,2025-09,63.29,1,66.44
TRD0576,72083900,2025-11,60.41,1,71.94
TRD0576,72083900,2026-06,69.7,1,62.23
TRD0404,90189030,2023-10,10790.36,2,11800.0
TRD0404,90189030,2023-11,10819.16,1,11857.91
TRD0404,90189030,2023-12,10590.19,2,11909.45
TRD0404,90189030,2024-01,11007.04,2,11948.94
TRD0404,90189030,2024-02,11785.47,2,11972.03
TRD0404,90189030,2024-03,11978.15,1,11976.19
TRD0404,90189030,2024-04,12476.23,4,11960.95
TRD0404,90189030,2024-05,12803.88,2,11927.99
TRD0404,90189030,2024-06,12598.85,5,11880.94
TRD0404,90189030,2024-07,12415.38,4,11824.98
TRD0404,90189030,2024-08,12026.56,1,11766.27
TRD0404,90189030,2024-09,11290.71,4,11711.27
TRD0404,90189030,2024-10,10896.39,1,6388.68
TRD0404,90189030,2024-12,10711.08,2,9169.07
TRD0404,90189030,2025-01,11267.81,1,11267.81
TRD0404,90189030,2025-02,11338.95,1,11338.95
TRD0404,90189030,2025-03,11579.63,2,11579.63
TRD0404,90189030,2025-04,11966.33,1,11566.72
TRD0404,90189030,2025-05,12984.03,1,9923.68
TRD0404,90189030,2025-06,12819.07,2,12326.64
TRD0404,90189030,2025-08,11874.45,6,11547.47
TRD0404,90189030,2025-09,11379.77,3,11085.96
TRD0404,90189030,2025-11,10747.94,1,10747.94
TRD0404,90189030,2025-12,10591.57,3,10591.57
TRD0404,90189030,2026-03,11864.71,2,11864.71
TRD0404,90189030,2026-05,12004.82,1,9973.15
TRD0404,90189030,2026-07,11744.52,1,7290.5
TRD0404,90189030,2026-08,11645.0,1,11645.0
TRD0404,90189030,2026-09,11300.58,2,11281.87
TRD0094,61103000,2023-10,1341.01,4,1319.24
TRD0094,61103000,2023-11,1395.47,3,1325.71
TRD0094,61103000,2023-12,1354.84,1,1331.48
TRD0094,61103000,2024-01,1321.38,5,1335.89
TRD0094,61103000,2024-02,1268.1,4,1338.47
TRD0094,61103000,2024-03,1248.84,2,1338.94
TRD0094,61103000,2024-04,1223.13,1,1337.23
TRD0094,61103000,2024-05,1202.13,2,1333.55
TRD0094,61103000,2024-06,1216.64,5,1328.29
TRD0094,61103000,2024-07,1240.8,1,1322.03
TRD0094,61103000,2024-08,1268.18,4,1315.47
TRD0094,61103000,2024-09,1314.83,3,1309.32
TRD0094,61103000,2024-10,1353.35,1,1178.91
TRD0094,61103000,2024-12,1331.39,2,1345.09
TRD0094,61103000,2025-01,1274.91,1,1287.64
TRD0094,61103000,2025-02,1230.43,1,1230.43
TRD0094,61103000,2025-03,1232.94,3,1232.94
TRD0094,61103000,2025-04,1186.34,4,1186.34
TRD0094,61103000,2025-05,1079.78,1,1217.28
TRD0094,61103000,2025-07,1269.77,1,1277.47
TRD0094,61103000,2025-08,1343.05,1,1220.58
TRD0094,61103000,2025-09,1321.64,2,1329.6
TRD0094,61103000,2025-11,1336.64,1,1345.74
TRD0094,61103000,2025-12,1449.39,3,1449.39
TRD0094,61103000,2026-02,1250.84,1,1310.47
TRD0094,61103000,2026-03,1207.42,3,1207.42
TRD0094,61103000,2026-04,1225.49,1,1363.5
TRD0094,61103000,2026-06,1206.75,3,1234.23
TRD0094,61103000,2026-07,1227.8,3,1211.49
TRD0094,61103000,2026-08,1285.03,2,1285.03
TRD0094,61103000,2026-09,1277.84,1,1271.57
TRD0064,72142000,2023-10,75.69,4,74.02
TRD0064,72142000,2023-11,79.27,4,74.38
TRD0064,72142000,2023-12,82.62,4,74.7
TRD0064,72142000,2024-01,85.4,5,74.95
TRD0064,72142000,2024-02,87.01,3,75.09
TRD0064,72142000,2024-03,84.83,3,75.12
TRD0064,72142000,2024-04,85.01,3,75.03
TRD0064,72142000,2024-05,80.92,3,74.82
TRD0064,72142000,2024-06,75.6,2,74.52
TRD0064,72142000,2024-07,73.69,2,74.17
TRD0064,72142000,2024-08,71.97,1,73.8
TRD0064,72142000,2024-09,73.26,1,73.46
TRD0064,72142000,2025-03,83.38,2,70.62
TRD0064,72142000,2025-07,72.77,1,64.7
TRD0064,72142000,2025-10,77.79,2,78.2
TRD0064,72142000,2026-05,79.67,2,67.34
TRD0064,72142000,2026-08,71.63,1,69.05
TRD0581,85414300,2023-10,401.41,5,405.92
TRD0581,85414300,2023-11,396.4,3,407.91
TRD0581,85414300,2023-12,403.65,2,409.69
TRD0581,85414300,2024-01,428.11,5,411.04
TRD0581,85414300,2024-02,440.69,4,411.84
TRD0581,85414300,2024-03,461.03,3,411.98
TRD0581,85414300,2024-04,465.66,5,411.46
TRD0581,85414300,2024-05,475.12,5,410.32
TRD0581,85414300,2024-06,471.56,1,408.7
TRD0581,85414300,2024-07,458.26,4,406.78
TRD0581,85414300,2024-08,434.96,4,404.76
TRD0581,85414300,2024-09,407.27,4,402.87
TRD0581,85414300,2025-03,450.93,4,427.82
TRD0581,85414300,2025-04,455.19,1,345.94
TRD0581,85414300,2025-11,422.07,1,402.33
TRD0581,85414300,2026-01,411.35,1,378.29
TRD0581,85414300,2026-04,462.26,1,339.64
TRD0581,85414300,2026-05,477.46,1,361.12
TRD0581,85414300,2026-07,455.66,1,373.35
TRD0581,85414300,2026-09,449.54,2,398.91
TRD0488,39201090,2023-10,287.85,3,266.98
TRD0488,39201090,2023-11,279.48,2,268.29
TRD0488,39201090,2023-12,267.4,4,269.45
TRD0488,39201090,2024-01,255.77,3,270.34
TRD0488,39201090,2024-02,257.6,1,270.87
TRD0488,39201090,2024-03,257.42,5,270.96
TRD0488,39201090,2024-04,267.97,3,270.62
TRD0488,39201090,2024-05,275.4,1,269.87
TRD0488,39201090,2024-06,280.65,3,268.81
TRD0488,39201090,2024-07,295.5,5,267.54
TRD0488,39201090,2024-08,291.7,2,266.21
TRD0488,39201090,2024-09,287.36,1,264.97
TRD0488,39201090,2024-10,292.0,3,284.43
TRD0488,39201090,2024-11,276.63,1,254.68
TRD0488,39201090,2024-12,260.96,1,257.29
TRD0488,39201090,2025-01,249.79,1,243.2
TRD0488,39201090,2025-02,248.57,1,248.57
TRD0488,39201090,2025-05,254.86,1,220.01
TRD0488,39201090,2025-07,292.62,1,214.25
TRD0488,39201090,2025-08,332.22,1,286.83
TRD0488,39201090,2025-09,285.41,3,233.92
TRD0488,39201090,2025-10,290.47,2,254.76
TRD0488,39201090,2025-11,267.89,1,254.96
TRD0488,39201090,2026-01,266.84,2,267.4
TRD0488,39201090,2026-03,250.08,1,236.74
TRD0488,39201090,2026-05,274.31,1,213.48
TRD0488,39201090,2026-08,296.94,3,286.0
TRD0488,39201090,2026-09,284.64,3,283.37
TRD0237,17011400,2023-10,42.52,3,47.79
TRD0237,17011400,2023-11,43.55,2,48.02
TRD0237,17011400,2023-12,46.41,4,48.23
TRD0237,17011400,2024-01,48.21,3,48.39
TRD0237,17011400,2024-02,49.81,5,48.49
TRD0237,17011400,2024-03,48.82,1,48.5
TRD0237,17011400,2024-04,47.91,2,48.44
TRD0237,17011400,2024-05,45.47,1,48.31
TRD0237,17011400,2024-06,43.53,3,48.12
TRD0237,17011400,2024-07,42.24,4,47.89
TRD0237,17011400,2024-08,41.57,5,47.65
TRD0237,17011400,2024-09,41.57,2,47.43
TRD0237,17011400,2024-11,43.43,1,46.88
TRD0237,17011400,2025-01,46.63,1,47.48
TRD0237,17011400,2025-04,48.26,2,48.83
TRD0237,17011400,2025-05,47.02,1,53.62
TRD0237,17011400,2025-08,41.78,2,48.3
TRD0237,17011400,2025-11,44.89,1,46.59
TRD0237,17011400,2026-03,46.7,1,54.3
TRD0237,17011400,2026-04,47.24,1,52.41
TRD0237,17011400,2026-05,44.8,1,53.35
TRD0237,17011400,2026-09,39.73,2,46.46
TRD0298,39181011,2023-10,244.08,3,228.45
TRD0298,39181011,2023-11,255.46,5,229.57
TRD0298,39181011,2023-12,251.3,3,230.57
TRD0298,39181011,2024-01,252.56,4,231.33
TRD0298,39181011,2024-02,240.45,1,231.78
TRD0298,39181011,2024-03,231.41,5,231.86
TRD0298,39181011,2024-04,220.74,2,231.56
TRD0298,39181011,2024-05,217.35,4,230.93
TRD0298,39181011,2024-06,213.98,5,230.01
TRD0298,39181011,2024-07,222.08,3,228.93
TRD0298,39181011,2024-08,227.68,3,227.79
TRD0298,39181011,2024-09,232.64,4,226.73
TRD0298,39181011,2024-10,239.25,1,239.25
TRD0298,39181011,2025-01,238.86,2,217.16
TRD0298,39181011,2025-02,240.49,2,240.49
TRD0298,39181011,2025-03,220.99,3,220.99
TRD0298,39181011,2025-05,212.11,2,208.49
TRD0298,39181011,2025-06,230.58,3,222.61
TRD0298,39181011,2025-07,217.74,1,239.98
TRD0298,39181011,2025-10,269.79,2,252.15
TRD0298,39181011,2025-11,248.59,4,242.4
TRD0298,39181011,2025-12,245.08,1,217.21
TRD0298,39181011,2026-06,212.51,4,228.86
TRD0298,39181011,2026-07,220.26,4,223.95
TRD0298,39181011,2026-09,238.65,2,242.12
TRD0032,61103000,2023-10,1194.73,2,1319.24
TRD0032,61103000,2023-11,1170.67,1,1325.71
TRD0032,61103000,2023-12,1237.12,3,1331.48
TRD0032,61103000,2024-01,1313.5,1,1335.89
TRD0032,61103000,2024-02,1387.79,2,1338.47
TRD0032,61103000,2024-03,1425.7,1,1338.94
TRD0032,61103000,2024-04,1387.02,2,1337.23
TRD0032,61103000,2024-05,1377.47,5,1333.55
TRD0032,61103000,2024-06,1315.4,4,1328.29
TRD0032,61103000,2024-07,1259.32,3,1322.03
TRD0032,61103000,2024-08,1225.15,2,1315.47
TRD0032,61103000,2024-09,1173.75,3,1309.32
TRD0032,61103000,2024-10,1158.99,2,1178.91
TRD0032,61103000,2024-11,1193.97,3,1193.97
TRD0032,61103000,2025-01,1313.83,2,1287.64
TRD0032,61103000,2025-05,1415.38,1,1217.28
TRD0032,61103000,2025-06,1372.09,2,1395.08
TRD0032,61103000,2025-07,1285.17,1,1277.47
TRD0032,61103000,2025-08,1192.46,2,1220.58
TRD0032,61103000,2026-01,1278.5,1,1168.39
TRD0032,61103000,2026-02,1315.86,3,1310.47
TRD0032,61103000,2026-04,1363.5,1,1363.5
TRD0032,61103000,2026-05,1318.28,2,1318.28
TRD0032,61103000,2026-06,1328.2,2,1234.23
TRD0032,61103000,2026-09,1224.06,1,1271.57
TRD0572,52083200,2023-10,522.43,5,608.88
TRD0572,52083200,2023-11,545.81,4,611.87
TRD0572,52083200,2023-12,564.28,1,614.53
TRD0572,52083200,2024-01,589.94,3,616.57
TRD0572,52083200,2024-02,605.66,2,617.76
TRD0572,52083200,2024-03,620.82,5,617.97
TRD0572,52083200,2024-04,626.57,4,617.19
TRD0572,52083200,2024-05,600.97,1,615.48
TRD0572,52083200,2024-06,573.81,5,613.06
TRD0572,52083200,2024-07,560.25,2,610.17
TRD0572,52083200,2024-08,524.57,4,607.14
TRD0572,52083200,2024-09,509.95,5,604.3
TRD0572,52083200,2024-10,510.53,2,523.8
TRD0572,52083200,2024-12,565.1,1,565.1
TRD0572,52083200,2025-01,561.39,2,539.87
TRD0572,52083200,2025-03,590.46,2,587.8
TRD0572,52083200,2025-05,607.74,1,562.92
TRD0572,52083200,2025-07,562.94,1,562.94
TRD0572,52083200,2025-09,524.2,2,524.2
TRD0572,52083200,2025-12,559.38,2,601.91
TRD0572,52083200,2026-01,564.78,1,557.81
TRD0572,52083200,2026-04,632.99,1,481.27
TRD0572,52083200,2026-05,598.94,1,613.92
TRD0572,52083200,2026-06,533.57,1,501.51
TRD0572,52083200,2026-09,507.65,1,507.65
TRD0015,72142000,2023-10,76.08,1,71.33
TRD0015,72142000,2023-11,76.83,1,71.68
TRD0015,72142000,2023-12,74.95,5,71.99
TRD0015,72142000,2024-01,75.17,5,72.23
TRD0015,72142000,2024-02,71.09,5,72.37
TRD0015,72142000,2024-03,66.95,3,72.4
TRD0015,72142000,2024-04,65.26,3,72.3
TRD0015,72142000,2024-05,65.58,3,72.1
TRD0015,72142000,2024-06,67.44,4,71.82
TRD0015,72142000,2024-07,71.55,4,71.48
TRD0015,72142000,2024-08,71.37,1,71.13
TRD0015,72142000,2024-09,74.41,3,70.79
TRD0015,72142000,2024-11,75.24,3,73.33
TRD0015,72142000,2025-03,67.62,2,70.62
TRD0015,72142000,2025-09,78.84,1,70.98
TRD0015,72142000,2025-10,84.83,2,78.2
TRD0015,72142000,2026-01,74.07,3,73.78
TRD0015,72142000,2026-05,67.34,1,67.34
TRD0185,61121200,2023-10,1313.88,3,1453.76
TRD0185,61121200,2023-11,1233.5,4,1460.89
TRD0185,61121200,2023-12,1236.51,5,1467.24
TRD0185,61121200,2024-01,1242.81,4,1472.11
TRD0185,61121200,2024-02,1304.65,5,1474.95
TRD0185,61121200,2024-03,1337.15,2,1475.47
TRD0185,61121200,2024-04,1400.97,3,1473.59
TRD0185,61121200,2024-05,1423.58,3,1469.53
TRD0185,61121200,2024-06,1461.45,2,1463.73
TRD0185,61121200,2024-07,1440.79,3,1456.84
TRD0185,61121200,2024-08,1386.71,4,1449.6
TRD0185,61121200,2024-09,1347.76,2,1442.83
TRD0185,61121200,2024-11,1284.76,2,1317.35
TRD0185,61121200,2024-12,1268.73,3,1434.08
TRD0185,61121200,2025-01,1210.18,5,1210.18
TRD0185,61121200,2025-02,1286.95,2,1428.19
TRD0185,61121200,2025-03,1312.44,2,1284.64
TRD0185,61121200,2025-04,1377.07,2,1411.29
TRD0185,61121200,2025-05,1500.38,2,1535.06
TRD0185,61121200,2025-09,1439.2,3,1407.97
TRD0185,61121200,2025-10,1346.65,2,1346.65
TRD0185,61121200,2025-12,1301.14,3,1301.14
TRD0185,61121200,2026-01,1216.47,2,1389.79
TRD0185,61121200,2026-05,1448.63,1,1502.99
TRD0185,61121200,2026-06,1760.51,1,1760.51
TRD0185,61121200,2026-07,1392.28,1,1392.28
TRD0185,61121200,2026-08,1373.56,2,1431.05
TRD0185,61121200,2026-09,1424.85,2,1515.76
TRD0534,94069090,2023-10,201.58,5,202.96
TRD0534,94069090,2023-11,202.44,4,203.96
TRD0534,94069090,2023-12,213.83,1,204.84
TRD0534,94069090,2024-01,228.86,2,205.52
TRD0534,94069090,2024-02,232.64,5,205.92
TRD0534,94069090,2024-03,239.96,1,205.99
TRD0534,94069090,2024-04,242.06,4,205.73
TRD0534,94069090,2024-05,234.75,4,205.16
TRD0534,94069090,2024-06,221.17,2,204.35
TRD0534,94069090,2024-07,215.34,2,203.39
TRD0534,94069090,2024-08,202.72,5,202.38
TRD0534,94069090,2024-09,201.73,5,201.43
TRD0534,94069090,2024-10,202.41,2,229.38
TRD0534,94069090,2024-11,205.23,3,201.52
TRD0534,94069090,2025-01,215.66,3,212.55
TRD0534,94069090,2025-02,220.1,4,195.73
TRD0534,94069090,2025-03,234.75,2,198.24
TRD0534,94069090,2025-04,236.59,1,192.96
TRD0534,94069090,2025-05,225.6,1,200.27
TRD0534,94069090,2025-07,219.14,1,218.11
TRD0534,94069090,2025-08,205.03,4,207.63
TRD0534,94069090,2025-09,201.53,1,220.52
TRD0534,94069090,2025-10,201.65,3,215.93
TRD0534,94069090,2025-11,206.8,1,208.43
TRD0534,94069090,2025-12,211.29,1,212.83
TRD0534,94069090,2026-03,228.03,4,200.2
TRD0534,94069090,2026-04,212.58,1,196.28
TRD0534,94069090,2026-09,207.3,3,235.1
TRD0592,87038090,2023-10,2278.43,5,2454.4
TRD0592,87038090,2023-11,2264.93,1,2466.45
TRD0592,87038090,2023-12,2399.68,1,2477.17
TRD0592,87038090,2024-01,2504.64,3,2485.38
TRD0592,87038090,2024-02,2563.46,2,2490.18
TRD0592,87038090,2024-03,2652.89,4,2491.05
TRD0592,87038090,2024-04,2635.63,2,2487.88
TRD0592,87038090,2024-05,2621.5,1,2481.02
TRD0592,87038090,2024-06,2577.32,3,2471.24
TRD0592,87038090,2024-07,2450.95,4,2459.6
TRD0592,87038090,2024-08,2309.29,4,2447.38
TRD0592,87038090,2024-09,2271.52,1,2435.94
TRD0592,87038090,2024-11,2352.51,1,2352.51
TRD0592,87038090,2025-01,2484.33,1,1932.96
TRD0592,87038090,2025-02,2677.8,1,2865.25
TRD0592,87038090,2025-04,2569.67,1,2569.67
TRD0592,87038090,2025-05,2697.54,1,2259.87
TRD0592,87038090,2025-07,2406.59,4,2414.84
TRD0592,87038090,2025-08,2384.73,1,2473.69
TRD0592,87038090,2025-10,2320.7,1,2696.65
TRD0592,87038090,2026-02,2674.75,2,3133.08
TRD0592,87038090,2026-03,2552.68,1,2841.84
TRD0592,87038090,2026-04,2667.29,2,2718.03
