year,commodity,hs6,importer,exporter,ruler,uv_usd_per_kg,uv_region_median,uv_ratio,n_lines,reported_weight_share,note
2023,rice,100630,Country A,CHN,exporter_stats,0.6082,0.563,1.08,336,0.94,
2023,rice,100630,Country B,CHN,exporter_stats,0.5885,0.563,1.045,214,0.91,
2023,rice,100630,Country C,CHN,exporter_stats,0.4894,0.563,0.869,263,0.91,
2023,rice,100630,Country D,CHN,exporter_stats,0.559,0.563,0.993,326,0.91,
2023,rice,100630,Country E,CHN,exporter_stats,0.4964,0.563,0.882,387,0.87,
2023,rice,100630,Country F,CHN,exporter_stats,0.6012,0.563,1.068,320,0.84,
2023,rice,100630,Country G,CHN,exporter_stats,0.5261,0.563,0.935,35,0.9,
2023,rice,100630,Country H,CHN,exporter_stats,0.567,0.563,1.007,52,0.93,
2023,rice,100630,Country I,CHN,exporter_stats,0.5858,0.563,1.04,74,0.89,
2023,rice,100630,Country J,CHN,exporter_stats,0.5183,0.563,0.921,152,0.87,
2023,rice,100630,Country A,CHN,importer_stats_fob,0.6179,0.5719,1.08,180,0.97,
2023,rice,100630,Country B,CHN,importer_stats_fob,0.5979,0.5719,1.045,83,0.87,
2023,rice,100630,Country C,CHN,importer_stats_fob,0.4972,0.5719,0.869,160,0.79,
2023,rice,100630,Country D,CHN,importer_stats_fob,0.5679,0.5719,0.993,23,0.81,
2023,rice,100630,Country E,CHN,importer_stats_fob,0.5043,0.5719,0.882,205,0.97,
2023,rice,100630,Country F,CHN,importer_stats_fob,0.6108,0.5719,1.068,297,0.9,
2023,rice,100630,Country G,CHN,importer_stats_fob,0.5345,0.5719,0.935,141,0.8,
2023,rice,100630,Country H,CHN,importer_stats_fob,0.576,0.5719,1.007,235,0.93,
2023,rice,100630,Country I,CHN,importer_stats_fob,0.5951,0.5719,1.04,344,0.9,
2023,rice,100630,Country J,CHN,importer_stats_fob,0.5266,0.5719,0.921,180,0.83,
2023,refined_sugar,170199,Country A,CHN,exporter_stats,0.3345,0.5338,0.627,54,0.89,
2023,refined_sugar,170199,Country B,CHN,exporter_stats,0.5945,0.5338,1.114,164,0.83,
2023,refined_sugar,170199,Country C,CHN,exporter_stats,0.5138,0.5338,0.963,243,0.9,
2023,refined_sugar,170199,Country D,CHN,exporter_stats,0.5857,0.5338,1.097,104,0.91,
2023,refined_sugar,170199,Country E,CHN,exporter_stats,0.5269,0.5338,0.987,132,0.89,
2023,refined_sugar,170199,Country F,CHN,exporter_stats,0.526,0.5338,0.985,59,0.86,
2023,refined_sugar,170199,Country G,CHN,exporter_stats,0.5393,0.5338,1.01,289,0.86,
2023,refined_sugar,170199,Country H,CHN,exporter_stats,0.6081,0.5338,1.139,299,0.79,
2023,refined_sugar,170199,Country I,CHN,exporter_stats,0.5283,0.5338,0.99,297,0.87,
2023,refined_sugar,170199,Country J,CHN,exporter_stats,0.5564,0.5338,1.042,89,0.84,
2023,refined_sugar,170199,Country A,CHN,importer_stats_fob,0.3352,0.5349,0.627,135,0.83,
2023,refined_sugar,170199,Country B,CHN,importer_stats_fob,0.5957,0.5349,1.114,271,0.93,
2023,refined_sugar,170199,Country C,CHN,importer_stats_fob,0.5149,0.5349,0.963,217,0.79,
2023,refined_sugar,170199,Country D,CHN,importer_stats_fob,0.5869,0.5349,1.097,368,0.85,
2023,refined_sugar,170199,Country E,CHN,importer_stats_fob,0.528,0.5349,0.987,243,0.9,
2023,refined_sugar,170199,Country F,CHN,importer_stats_fob,0.527,0.5349,0.985,307,0.87,
2023,refined_sugar,170199,Country G,CHN,importer_stats_fob,0.5404,0.5349,1.01,164,0.97,
2023,refined_sugar,170199,Country H,CHN,importer_stats_fob,0.6093,0.5349,1.139,182,0.82,
2023,refined_sugar,170199,Country I,CHN,importer_stats_fob,0.5293,0.5349,0.99,253,0.93,
2023,refined_sugar,170199,Country J,CHN,importer_stats_fob,0.5575,0.5349,1.042,212,0.98,
2023,cement,252329,Country A,CHN,exporter_stats,0.0786,0.0812,0.968,188,0.82,
2023,cement,252329,Country B,CHN,exporter_stats,0.0839,0.0812,1.032,303,0.83,
2023,cement,252329,Country C,CHN,exporter_stats,0.0782,0.0812,0.963,20,0.94,
2023,cement,252329,Country D,CHN,exporter_stats,0.0711,0.0812,0.875,287,0.91,
2023,cement,252329,Country E,CHN,exporter_stats,0.0859,0.0812,1.057,288,0.97,
2023,cement,252329,Country F,CHN,exporter_stats,0.0896,0.0812,1.102,90,0.89,
2023,cement,252329,Country G,CHN,exporter_stats,0.0882,0.0812,1.085,213,0.94,
2023,cement,252329,Country H,CHN,exporter_stats,0.0764,0.0812,0.941,91,0.84,
2023,cement,252329,Country I,CHN,exporter_stats,0.0713,0.0812,0.878,146,0.93,
2023,cement,252329,Country J,CHN,exporter_stats,0.0894,0.0812,1.101,269,0.96,
2023,cement,252329,Country A,CHN,importer_stats_fob,0.08,0.0827,0.968,65,0.92,
2023,cement,252329,Country B,CHN,importer_stats_fob,0.0853,0.0827,1.032,207,0.8,
2023,cement,252329,Country C,CHN,importer_stats_fob,0.0796,0.0827,0.963,147,0.78,
2023,cement,252329,Country D,CHN,importer_stats_fob,0.0723,0.0827,0.875,29,0.88,
2023,cement,252329,Country E,CHN,importer_stats_fob,0.0874,0.0827,1.057,145,0.95,
2023,cement,252329,Country F,CHN,importer_stats_fob,0.0911,0.0827,1.102,37,0.95,
2023,cement,252329,Country G,CHN,importer_stats_fob,0.0897,0.0827,1.085,108,0.87,
2023,cement,252329,Country H,CHN,importer_stats_fob,0.0778,0.0827,0.941,237,0.96,
2023,cement,252329,Country I,CHN,importer_stats_fob,0.0725,0.0827,0.878,282,0.94,
2023,cement,252329,Country J,CHN,importer_stats_fob,0.091,0.0827,1.101,397,0.8,
2023,diesel,271019,Country A,CHN,exporter_stats,0.8759,0.8788,0.997,215,0.87,
2023,diesel,271019,Country B,CHN,exporter_stats,0.8576,0.8788,0.976,267,0.88,
2023,diesel,271019,Country C,CHN,exporter_stats,0.8975,0.8788,1.021,260,0.93,
2023,diesel,271019,Country D,CHN,exporter_stats,0.8808,0.8788,1.002,66,0.8,
2023,diesel,271019,Country E,CHN,exporter_stats,0.7924,0.8788,0.902,165,0.97,
2023,diesel,271019,Country F,CHN,exporter_stats,0.7724,0.8788,0.879,77,0.98,
2023,diesel,271019,Country G,CHN,exporter_stats,0.8881,0.8788,1.011,241,0.79,
2023,diesel,271019,Country H,CHN,exporter_stats,0.9337,0.8788,1.063,289,0.78,
2023,diesel,271019,Country I,CHN,exporter_stats,0.9131,0.8788,1.039,225,0.91,
2023,diesel,271019,Country J,CHN,exporter_stats,0.8767,0.8788,0.998,40,0.84,
2023,diesel,271019,Country A,CHN,importer_stats_fob,0.8854,0.8883,0.997,342,0.78,
2023,diesel,271019,Country B,CHN,importer_stats_fob,0.8669,0.8883,0.976,303,0.79,
2023,diesel,271019,Country C,CHN,importer_stats_fob,0.9072,0.8883,1.021,164,0.78,
2023,diesel,271019,Country D,CHN,importer_stats_fob,0.8903,0.8883,1.002,250,0.9,
2023,diesel,271019,Country E,CHN,importer_stats_fob,0.801,0.8883,0.902,374,0.79,
2023,diesel,271019,Country F,CHN,importer_stats_fob,0.7807,0.8883,0.879,33,0.89,
2023,diesel,271019,Country G,CHN,importer_stats_fob,0.8977,0.8883,1.011,324,0.95,
2023,diesel,271019,Country H,CHN,importer_stats_fob,0.9438,0.8883,1.063,302,0.91,
2023,diesel,271019,Country I,CHN,importer_stats_fob,0.923,0.8883,1.039,20,0.92,
2023,diesel,271019,Country J,CHN,importer_stats_fob,0.8862,0.8883,0.998,368,0.8,
2023,polyester_fabric,540752,Country A,CHN,exporter_stats,3.5131,3.2164,1.092,54,0.84,
2023,polyester_fabric,540752,Country B,CHN,exporter_stats,3.4526,3.2164,1.073,372,0.92,
2023,polyester_fabric,540752,Country C,CHN,exporter_stats,3.3543,3.2164,1.043,268,0.98,
2023,polyester_fabric,540752,Country D,CHN,exporter_stats,3.4869,3.2164,1.084,326,0.89,
2023,polyester_fabric,540752,Country E,CHN,exporter_stats,2.9312,3.2164,0.911,63,0.86,
2023,polyester_fabric,540752,Country F,CHN,exporter_stats,2.9127,3.2164,0.906,183,0.87,
2023,polyester_fabric,540752,Country G,CHN,exporter_stats,3.2371,3.2164,1.006,166,0.83,
2023,polyester_fabric,540752,Country H,CHN,exporter_stats,3.0361,3.2164,0.944,159,0.88,
2023,polyester_fabric,540752,Country I,CHN,exporter_stats,3.1505,3.2164,0.98,39,0.94,
2023,polyester_fabric,540752,Country J,CHN,exporter_stats,3.1956,3.2164,0.994,67,0.83,
2023,polyester_fabric,540752,Country A,CHN,importer_stats_fob,3.6026,3.2982,1.092,204,0.91,
2023,polyester_fabric,540752,Country B,CHN,importer_stats_fob,3.5404,3.2982,1.073,275,0.82,
2023,polyester_fabric,540752,Country C,CHN,importer_stats_fob,3.4397,3.2982,1.043,359,0.97,
2023,polyester_fabric,540752,Country D,CHN,importer_stats_fob,3.5756,3.2982,1.084,221,0.96,
2023,polyester_fabric,540752,Country E,CHN,importer_stats_fob,3.0058,3.2982,0.911,317,0.92,
2023,polyester_fabric,540752,Country F,CHN,importer_stats_fob,2.9868,3.2982,0.906,89,0.96,
2023,polyester_fabric,540752,Country G,CHN,importer_stats_fob,3.3195,3.2982,1.006,103,0.81,
2023,polyester_fabric,540752,Country H,CHN,importer_stats_fob,3.1134,3.2982,0.944,100,0.89,
2023,polyester_fabric,540752,Country I,CHN,importer_stats_fob,3.2307,3.2982,0.98,22,0.89,
2023,polyester_fabric,540752,Country J,CHN,importer_stats_fob,3.2769,3.2982,0.994,139,0.86,
2023,frozen_shrimp,030617,Country A,CHN,exporter_stats,6.3683,8.6059,0.74,370,0.4,mix shifted to lower grades; weight reported on 40% of value
2023,frozen_shrimp,030617,Country B,CHN,exporter_stats,8.6873,8.6059,1.009,340,0.84,
2023,frozen_shrimp,030617,Country C,CHN,exporter_stats,9.2811,8.6059,1.078,325,0.87,
2023,frozen_shrimp,030617,Country D,CHN,exporter_stats,9.0796,8.6059,1.055,58,0.98,
2023,frozen_shrimp,030617,Country E,CHN,exporter_stats,8.1499,8.6059,0.947,274,0.92,
2023,frozen_shrimp,030617,Country F,CHN,exporter_stats,8.8198,8.6059,1.025,151,0.81,
2023,frozen_shrimp,030617,Country G,CHN,exporter_stats,8.5244,8.6059,0.991,29,0.83,
2023,frozen_shrimp,030617,Country H,CHN,exporter_stats,8.2348,8.6059,0.957,131,0.93,
2023,frozen_shrimp,030617,Country I,CHN,exporter_stats,9.4537,8.6059,1.099,285,0.84,
2023,frozen_shrimp,030617,Country J,CHN,exporter_stats,8.0096,8.6059,0.931,84,0.88,
2023,frozen_shrimp,030617,Country A,CHN,importer_stats_fob,6.3141,8.5326,0.74,73,0.4,mix shifted to lower grades; weight reported on 40% of value
2023,frozen_shrimp,030617,Country B,CHN,importer_stats_fob,8.6133,8.5326,1.009,371,0.89,
2023,frozen_shrimp,030617,Country C,CHN,importer_stats_fob,9.2021,8.5326,1.078,157,0.89,
2023,frozen_shrimp,030617,Country D,CHN,importer_stats_fob,9.0024,8.5326,1.055,212,0.86,
2023,frozen_shrimp,030617,Country E,CHN,importer_stats_fob,8.0805,8.5326,0.947,104,0.84,
2023,frozen_shrimp,030617,Country F,CHN,importer_stats_fob,8.7447,8.5326,1.025,317,0.93,
2023,frozen_shrimp,030617,Country G,CHN,importer_stats_fob,8.4519,8.5326,0.991,139,0.96,
2023,frozen_shrimp,030617,Country H,CHN,importer_stats_fob,8.1648,8.5326,0.957,149,0.92,
2023,frozen_shrimp,030617,Country I,CHN,importer_stats_fob,9.3732,8.5326,1.099,160,0.89,
2023,frozen_shrimp,030617,Country J,CHN,importer_stats_fob,7.9414,8.5326,0.931,230,0.83,
2023,steel_bars,721420,Country A,CHN,exporter_stats,0.3733,0.6346,0.588,187,0.93,
2023,steel_bars,721420,Country B,CHN,exporter_stats,0.6715,0.6346,1.058,279,0.84,
2023,steel_bars,721420,Country C,CHN,exporter_stats,0.6807,0.6346,1.073,298,0.82,
2023,steel_bars,721420,Country D,CHN,exporter_stats,0.6345,0.6346,1.0,222,0.83,
2023,steel_bars,721420,Country E,CHN,exporter_stats,0.6348,0.6346,1.0,281,0.92,
2023,steel_bars,721420,Country F,CHN,exporter_stats,0.657,0.6346,1.035,312,0.9,
2023,steel_bars,721420,Country G,CHN,exporter_stats,0.6335,0.6346,0.998,200,0.96,
2023,steel_bars,721420,Country H,CHN,exporter_stats,0.5824,0.6346,0.918,75,0.83,
2023,steel_bars,721420,Country I,CHN,exporter_stats,0.6866,0.6346,1.082,78,0.96,
2023,steel_bars,721420,Country J,CHN,exporter_stats,0.6283,0.6346,0.99,271,0.91,
2023,steel_bars,721420,Country A,CHN,importer_stats_fob,0.3659,0.6221,0.588,342,0.83,
2023,steel_bars,721420,Country B,CHN,importer_stats_fob,0.6582,0.6221,1.058,171,0.89,
2023,steel_bars,721420,Country C,CHN,importer_stats_fob,0.6673,0.6221,1.073,284,0.89,
2023,steel_bars,721420,Country D,CHN,importer_stats_fob,0.6219,0.6221,1.0,188,0.94,
2023,steel_bars,721420,Country E,CHN,importer_stats_fob,0.6222,0.6221,1.0,315,0.79,
2023,steel_bars,721420,Country F,CHN,importer_stats_fob,0.644,0.6221,1.035,339,0.89,
2023,steel_bars,721420,Country G,CHN,importer_stats_fob,0.621,0.6221,0.998,303,0.83,
2023,steel_bars,721420,Country H,CHN,importer_stats_fob,0.5709,0.6221,0.918,111,0.97,
2023,steel_bars,721420,Country I,CHN,importer_stats_fob,0.673,0.6221,1.082,95,0.98,
2023,steel_bars,721420,Country J,CHN,importer_stats_fob,0.6158,0.6221,0.99,297,0.81,
2023,smartphones,851713,Country A,CHN,exporter_stats,175.9945,299.6426,0.587,246,0.92,
2023,smartphones,851713,Country B,CHN,exporter_stats,314.1284,299.6426,1.048,256,0.83,
2023,smartphones,851713,Country C,CHN,exporter_stats,312.7707,299.6426,1.044,32,0.86,
2023,smartphones,851713,Country D,CHN,exporter_stats,320.4106,299.6426,1.069,167,0.8,
2023,smartphones,851713,Country E,CHN,exporter_stats,286.5146,299.6426,0.956,369,0.87,
2023,smartphones,851713,Country F,CHN,exporter_stats,316.9306,299.6426,1.058,262,0.9,
2023,smartphones,851713,Country G,CHN,exporter_stats,265.418,299.6426,0.886,345,0.98,
2023,smartphones,851713,Country H,CHN,exporter_stats,276.1318,299.6426,0.922,210,0.81,
2023,smartphones,851713,Country I,CHN,exporter_stats,276.5711,299.6426,0.923,102,0.86,
2023,smartphones,851713,Country J,CHN,exporter_stats,317.8035,299.6426,1.061,152,0.82,
2023,smartphones,851713,Country A,CHN,importer_stats_fob,172.6315,293.9169,0.587,120,0.91,
2023,smartphones,851713,Country B,CHN,importer_stats_fob,308.1259,293.9169,1.048,68,0.78,
2023,smartphones,851713,Country C,CHN,importer_stats_fob,306.7941,293.9169,1.044,140,0.8,
2023,smartphones,851713,Country D,CHN,importer_stats_fob,314.2881,293.9169,1.069,254,0.79,
2023,smartphones,851713,Country E,CHN,importer_stats_fob,281.0397,293.9169,0.956,157,0.97,
2023,smartphones,851713,Country F,CHN,importer_stats_fob,310.8745,293.9169,1.058,204,0.81,
2023,smartphones,851713,Country G,CHN,importer_stats_fob,260.3462,293.9169,0.886,353,0.82,
2023,smartphones,851713,Country H,CHN,importer_stats_fob,270.8553,293.9169,0.922,264,0.96,
2023,smartphones,851713,Country I,CHN,importer_stats_fob,271.2862,293.9169,0.923,107,0.89,
2023,smartphones,851713,Country J,CHN,importer_stats_fob,311.7308,293.9169,1.061,240,0.87,
2024,rice,100630,Country A,CHN,exporter_stats,0.6121,0.5594,1.094,96,0.9,
2024,rice,100630,Country B,CHN,exporter_stats,0.5146,0.5594,0.92,236,0.84,
2024,rice,100630,Country C,CHN,exporter_stats,0.5332,0.5594,0.953,75,0.91,
2024,rice,100630,Country D,CHN,exporter_stats,0.5455,0.5594,0.975,40,0.84,
2024,rice,100630,Country E,CHN,exporter_stats,0.5544,0.5594,0.991,57,0.82,
2024,rice,100630,Country F,CHN,exporter_stats,0.566,0.5594,1.012,152,0.89,
2024,rice,100630,Country G,CHN,exporter_stats,0.5643,0.5594,1.009,143,0.91,
2024,rice,100630,Country H,CHN,exporter_stats,0.6213,0.5594,1.111,123,0.8,
2024,rice,100630,Country I,CHN,exporter_stats,0.5283,0.5594,0.944,278,0.9,
2024,rice,100630,Country J,CHN,exporter_stats,0.5654,0.5594,1.011,34,0.86,
2024,rice,100630,Country A,CHN,importer_stats_fob,0.5976,0.5461,1.094,331,0.97,
2024,rice,100630,Country B,CHN,importer_stats_fob,0.5024,0.5461,0.92,345,0.78,
2024,rice,100630,Country C,CHN,importer_stats_fob,0.5206,0.5461,0.953,380,0.85,
2024,rice,100630,Country D,CHN,importer_stats_fob,0.5326,0.5461,0.975,285,0.95,
2024,rice,100630,Country E,CHN,importer_stats_fob,0.5413,0.5461,0.991,33,0.93,
2024,rice,100630,Country F,CHN,importer_stats_fob,0.5526,0.5461,1.012,302,0.94,
2024,rice,100630,Country G,CHN,importer_stats_fob,0.5509,0.5461,1.009,289,0.85,
2024,rice,100630,Country H,CHN,importer_stats_fob,0.6066,0.5461,1.111,93,0.92,
2024,rice,100630,Country I,CHN,importer_stats_fob,0.5158,0.5461,0.944,172,0.95,
2024,rice,100630,Country J,CHN,importer_stats_fob,0.5521,0.5461,1.011,211,0.98,
2024,refined_sugar,170199,Country A,CHN,exporter_stats,0.3309,0.5548,0.596,337,0.83,
2024,refined_sugar,170199,Country B,CHN,exporter_stats,0.6099,0.5548,1.099,385,0.9,
2024,refined_sugar,170199,Country C,CHN,exporter_stats,0.5339,0.5548,0.962,119,0.9,
2024,refined_sugar,170199,Country D,CHN,exporter_stats,0.538,0.5548,0.97,273,0.91,
2024,refined_sugar,170199,Country E,CHN,exporter_stats,0.5676,0.5548,1.023,246,0.86,
2024,refined_sugar,170199,Country F,CHN,exporter_stats,0.5614,0.5548,1.012,183,0.83,
2024,refined_sugar,170199,Country G,CHN,exporter_stats,0.5482,0.5548,0.988,38,0.97,
2024,refined_sugar,170199,Country H,CHN,exporter_stats,0.5674,0.5548,1.023,128,0.79,
2024,refined_sugar,170199,Country I,CHN,exporter_stats,0.5841,0.5548,1.053,233,0.87,
2024,refined_sugar,170199,Country J,CHN,exporter_stats,0.5069,0.5548,0.914,274,0.78,
2024,refined_sugar,170199,Country A,CHN,importer_stats_fob,0.3321,0.5567,0.596,126,0.92,
2024,refined_sugar,170199,Country B,CHN,importer_stats_fob,0.6119,0.5567,1.099,296,0.9,
2024,refined_sugar,170199,Country C,CHN,importer_stats_fob,0.5358,0.5567,0.962,167,0.85,
2024,refined_sugar,170199,Country D,CHN,importer_stats_fob,0.5398,0.5567,0.97,308,0.87,
2024,refined_sugar,170199,Country E,CHN,importer_stats_fob,0.5695,0.5567,1.023,130,0.97,
2024,refined_sugar,170199,Country F,CHN,importer_stats_fob,0.5633,0.5567,1.012,325,0.93,
2024,refined_sugar,170199,Country G,CHN,importer_stats_fob,0.5501,0.5567,0.988,82,0.87,
2024,refined_sugar,170199,Country H,CHN,importer_stats_fob,0.5693,0.5567,1.023,104,0.95,
2024,refined_sugar,170199,Country I,CHN,importer_stats_fob,0.5861,0.5567,1.053,235,0.93,
2024,refined_sugar,170199,Country J,CHN,importer_stats_fob,0.5086,0.5567,0.914,79,0.85,
2024,cement,252329,Country A,CHN,exporter_stats,0.0862,0.0796,1.082,98,0.87,
2024,cement,252329,Country B,CHN,exporter_stats,0.0822,0.0796,1.032,50,0.91,
2024,cement,252329,Country C,CHN,exporter_stats,0.0751,0.0796,0.943,386,0.8,
2024,cement,252329,Country D,CHN,exporter_stats,0.0793,0.0796,0.995,346,0.8,
2024,cement,252329,Country E,CHN,exporter_stats,0.0729,0.0796,0.915,328,0.86,
2024,cement,252329,Country F,CHN,exporter_stats,0.0793,0.0796,0.996,211,0.91,
2024,cement,252329,Country G,CHN,exporter_stats,0.08,0.0796,1.004,101,0.83,
2024,cement,252329,Country H,CHN,exporter_stats,0.0908,0.0796,1.14,343,0.93,
2024,cement,252329,Country I,CHN,exporter_stats,0.0771,0.0796,0.968,192,0.98,
2024,cement,252329,Country J,CHN,exporter_stats,0.085,0.0796,1.067,66,0.94,
2024,cement,252329,Country A,CHN,importer_stats_fob,0.0875,0.0809,1.082,138,0.93,
2024,cement,252329,Country B,CHN,importer_stats_fob,0.0835,0.0809,1.032,370,0.94,
2024,cement,252329,Country C,CHN,importer_stats_fob,0.0763,0.0809,0.943,146,0.91,
2024,cement,252329,Country D,CHN,importer_stats_fob,0.0805,0.0809,0.995,159,0.96,
2024,cement,252329,Country E,CHN,importer_stats_fob,0.074,0.0809,0.915,212,0.9,
2024,cement,252329,Country F,CHN,importer_stats_fob,0.0806,0.0809,0.996,192,0.96,
2024,cement,252329,Country G,CHN,importer_stats_fob,0.0812,0.0809,1.004,167,0.94,
2024,cement,252329,Country H,CHN,importer_stats_fob,0.0922,0.0809,1.14,371,0.93,
2024,cement,252329,Country I,CHN,importer_stats_fob,0.0783,0.0809,0.968,95,0.82,
2024,cement,252329,Country J,CHN,importer_stats_fob,0.0863,0.0809,1.067,332,0.89,
2024,diesel,271019,Country A,CHN,exporter_stats,0.9221,0.894,1.031,265,0.79,
2024,diesel,271019,Country B,CHN,exporter_stats,0.8713,0.894,0.975,59,0.94,
2024,diesel,271019,Country C,CHN,exporter_stats,0.7762,0.894,0.868,254,0.93,
2024,diesel,271019,Country D,CHN,exporter_stats,0.8792,0.894,0.983,168,0.79,
2024,diesel,271019,Country E,CHN,exporter_stats,0.9088,0.894,1.017,317,0.83,
2024,diesel,271019,Country F,CHN,exporter_stats,0.9732,0.894,1.089,283,0.95,
2024,diesel,271019,Country G,CHN,exporter_stats,0.9567,0.894,1.07,275,0.8,
2024,diesel,271019,Country H,CHN,exporter_stats,0.774,0.894,0.866,107,0.87,
2024,diesel,271019,Country I,CHN,exporter_stats,0.9675,0.894,1.082,197,0.87,
2024,diesel,271019,Country J,CHN,exporter_stats,0.8648,0.894,0.967,366,0.97,
2024,diesel,271019,Country A,CHN,importer_stats_fob,0.9176,0.8896,1.031,131,0.84,
2024,diesel,271019,Country B,CHN,importer_stats_fob,0.8671,0.8896,0.975,165,0.85,
2024,diesel,271019,Country C,CHN,importer_stats_fob,0.7724,0.8896,0.868,395,0.94,
2024,diesel,271019,Country D,CHN,importer_stats_fob,0.8749,0.8896,0.983,384,0.8,
2024,diesel,271019,Country E,CHN,importer_stats_fob,0.9043,0.8896,1.017,168,0.82,
2024,diesel,271019,Country F,CHN,importer_stats_fob,0.9684,0.8896,1.089,145,0.84,
2024,diesel,271019,Country G,CHN,importer_stats_fob,0.952,0.8896,1.07,89,0.93,
2024,diesel,271019,Country H,CHN,importer_stats_fob,0.7702,0.8896,0.866,372,0.96,
2024,diesel,271019,Country I,CHN,importer_stats_fob,0.9628,0.8896,1.082,119,0.93,
2024,diesel,271019,Country J,CHN,importer_stats_fob,0.8605,0.8896,0.967,271,0.85,
2024,polyester_fabric,540752,Country A,CHN,exporter_stats,3.6301,3.5228,1.03,191,0.85,
2024,polyester_fabric,540752,Country B,CHN,exporter_stats,3.2159,3.5228,0.913,88,0.96,
2024,polyester_fabric,540752,Country C,CHN,exporter_stats,3.4915,3.5228,0.991,193,0.88,
2024,polyester_fabric,540752,Country D,CHN,exporter_stats,3.6644,3.5228,1.04,197,0.88,
2024,polyester_fabric,540752,Country E,CHN,exporter_stats,3.6635,3.5228,1.04,396,0.93,
2024,polyester_fabric,540752,Country F,CHN,exporter_stats,3.1207,3.5228,0.886,159,0.79,
2024,polyester_fabric,540752,Country G,CHN,exporter_stats,3.1983,3.5228,0.908,393,0.82,
2024,polyester_fabric,540752,Country H,CHN,exporter_stats,3.5018,3.5228,0.994,111,0.79,
2024,polyester_fabric,540752,Country I,CHN,exporter_stats,3.6124,3.5228,1.025,166,0.92,
2024,polyester_fabric,540752,Country J,CHN,exporter_stats,3.5437,3.5228,1.006,59,0.95,
2024,polyester_fabric,540752,Country A,CHN,importer_stats_fob,3.5235,3.4193,1.03,89,0.93,
2024,polyester_fabric,540752,Country B,CHN,importer_stats_fob,3.1213,3.4193,0.913,51,0.96,
2024,polyester_fabric,540752,Country C,CHN,importer_stats_fob,3.3889,3.4193,0.991,151,0.98,
2024,polyester_fabric,540752,Country D,CHN,importer_stats_fob,3.5567,3.4193,1.04,45,0.9,
2024,polyester_fabric,540752,Country E,CHN,importer_stats_fob,3.5559,3.4193,1.04,250,0.84,
2024,polyester_fabric,540752,Country F,CHN,importer_stats_fob,3.029,3.4193,0.886,366,0.84,
2024,polyester_fabric,540752,Country G,CHN,importer_stats_fob,3.1043,3.4193,0.908,80,0.95,
2024,polyester_fabric,540752,Country H,CHN,importer_stats_fob,3.3989,3.4193,0.994,235,0.83,
2024,polyester_fabric,540752,Country I,CHN,importer_stats_fob,3.5063,3.4193,1.025,364,0.9,
2024,polyester_fabric,540752,Country J,CHN,importer_stats_fob,3.4396,3.4193,1.006,37,0.86,
2024,frozen_shrimp,030617,Country A,CHN,exporter_stats,6.5988,8.9172,0.74,72,0.4,mix shifted to lower grades; weight reported on 40% of value
2024,frozen_shrimp,030617,Country B,CHN,exporter_stats,9.7415,8.9172,1.092,219,0.98,
2024,frozen_shrimp,030617,Country C,CHN,exporter_stats,9.9423,8.9172,1.115,247,0.89,
2024,frozen_shrimp,030617,Country D,CHN,exporter_stats,8.8849,8.9172,0.996,338,0.94,
2024,frozen_shrimp,030617,Country E,CHN,exporter_stats,8.1698,8.9172,0.916,196,0.82,
2024,frozen_shrimp,030617,Country F,CHN,exporter_stats,9.9686,8.9172,1.118,314,0.87,
2024,frozen_shrimp,030617,Country G,CHN,exporter_stats,10.1173,8.9172,1.135,278,0.82,
2024,frozen_shrimp,030617,Country H,CHN,exporter_stats,8.334,8.9172,0.935,212,0.93,
2024,frozen_shrimp,030617,Country I,CHN,exporter_stats,8.9496,8.9172,1.004,169,0.9,
2024,frozen_shrimp,030617,Country J,CHN,exporter_stats,8.7424,8.9172,0.98,302,0.9,
2024,frozen_shrimp,030617,Country A,CHN,importer_stats_fob,6.7384,9.1059,0.74,315,0.4,mix shifted to lower grades; weight reported on 40% of value
2024,frozen_shrimp,030617,Country B,CHN,importer_stats_fob,9.9476,9.1059,1.092,60,0.96,
2024,frozen_shrimp,030617,Country C,CHN,importer_stats_fob,10.1527,9.1059,1.115,106,0.97,
2024,frozen_shrimp,030617,Country D,CHN,importer_stats_fob,9.0729,9.1059,0.996,244,0.91,
2024,frozen_shrimp,030617,Country E,CHN,importer_stats_fob,8.3427,9.1059,0.916,136,0.91,
2024,frozen_shrimp,030617,Country F,CHN,importer_stats_fob,10.1795,9.1059,1.118,33,0.97,
2024,frozen_shrimp,030617,Country G,CHN,importer_stats_fob,10.3314,9.1059,1.135,32,0.91,
2024,frozen_shrimp,030617,Country H,CHN,importer_stats_fob,8.5104,9.1059,0.935,99,0.82,
2024,frozen_shrimp,030617,Country I,CHN,importer_stats_fob,9.139,9.1059,1.004,393,0.89,
2024,frozen_shrimp,030617,Country J,CHN,importer_stats_fob,8.9274,9.1059,0.98,347,0.82,
2024,steel_bars,721420,Country A,CHN,exporter_stats,0.3949,0.6613,0.597,55,0.93,
2024,steel_bars,721420,Country B,CHN,exporter_stats,0.6673,0.6613,1.009,384,0.89,
2024,steel_bars,721420,Country C,CHN,exporter_stats,0.6711,0.6613,1.015,363,0.97,
2024,steel_bars,721420,Country D,CHN,exporter_stats,0.5833,0.6613,0.882,68,0.94,
2024,steel_bars,721420,Country E,CHN,exporter_stats,0.6617,0.6613,1.001,169,0.86,
2024,steel_bars,721420,Country F,CHN,exporter_stats,0.6819,0.6613,1.031,154,0.94,
2024,steel_bars,721420,Country G,CHN,exporter_stats,0.6204,0.6613,0.938,391,0.93,
2024,steel_bars,721420,Country H,CHN,exporter_stats,0.7061,0.6613,1.068,46,0.86,
2024,steel_bars,721420,Country I,CHN,exporter_stats,0.6609,0.6613,0.999,187,0.88,
2024,steel_bars,721420,Country J,CHN,exporter_stats,0.5723,0.6613,0.865,275,0.83,
2024,steel_bars,721420,Country A,CHN,importer_stats_fob,0.4043,0.6769,0.597,139,0.97,
2024,steel_bars,721420,Country B,CHN,importer_stats_fob,0.683,0.6769,1.009,207,0.88,
2024,steel_bars,721420,Country C,CHN,importer_stats_fob,0.6869,0.6769,1.015,231,0.86,
2024,steel_bars,721420,Country D,CHN,importer_stats_fob,0.5971,0.6769,0.882,136,0.8,
2024,steel_bars,721420,Country E,CHN,importer_stats_fob,0.6773,0.6769,1.001,274,0.91,
2024,steel_bars,721420,Country F,CHN,importer_stats_fob,0.6979,0.6769,1.031,209,0.97,
2024,steel_bars,721420,Country G,CHN,importer_stats_fob,0.6351,0.6769,0.938,190,0.86,
2024,steel_bars,721420,Country H,CHN,importer_stats_fob,0.7227,0.6769,1.068,384,0.8,
2024,steel_bars,721420,Country I,CHN,importer_stats_fob,0.6765,0.6769,0.999,206,0.92,
2024,steel_bars,721420,Country J,CHN,importer_stats_fob,0.5858,0.6769,0.865,138,0.95,
2024,smartphones,851713,Country A,CHN,exporter_stats,165.6824,288.4201,0.574,236,0.93,
2024,smartphones,851713,Country B,CHN,exporter_stats,288.2736,288.4201,0.999,161,0.78,
2024,smartphones,851713,Country C,CHN,exporter_stats,323.2365,288.4201,1.121,35,0.85,
2024,smartphones,851713,Country D,CHN,exporter_stats,334.2475,288.4201,1.159,190,0.91,
2024,smartphones,851713,Country E,CHN,exporter_stats,288.5667,288.4201,1.001,328,0.87,
2024,smartphones,851713,Country F,CHN,exporter_stats,285.9362,288.4201,0.991,201,0.89,
2024,smartphones,851713,Country G,CHN,exporter_stats,274.9043,288.4201,0.953,302,0.91,
2024,smartphones,851713,Country H,CHN,exporter_stats,331.9654,288.4201,1.151,82,0.89,
2024,smartphones,851713,Country I,CHN,exporter_stats,275.3553,288.4201,0.955,43,0.78,
2024,smartphones,851713,Country J,CHN,exporter_stats,335.0951,288.4201,1.162,309,0.92,
2024,smartphones,851713,Country A,CHN,importer_stats_fob,167.9908,292.4385,0.574,24,0.81,
2024,smartphones,851713,Country B,CHN,importer_stats_fob,292.2899,292.4385,0.999,200,0.83,
2024,smartphones,851713,Country C,CHN,importer_stats_fob,327.74,292.4385,1.121,307,0.95,
2024,smartphones,851713,Country D,CHN,importer_stats_fob,338.9043,292.4385,1.159,186,0.83,
2024,smartphones,851713,Country E,CHN,importer_stats_fob,292.5871,292.4385,1.001,22,0.9,
2024,smartphones,851713,Country F,CHN,importer_stats_fob,289.9199,292.4385,0.991,318,0.9,
2024,smartphones,851713,Country G,CHN,importer_stats_fob,278.7343,292.4385,0.953,85,0.89,
2024,smartphones,851713,Country H,CHN,importer_stats_fob,336.5904,292.4385,1.151,28,0.92,
2024,smartphones,851713,Country I,CHN,importer_stats_fob,279.1916,292.4385,0.955,183,0.8,
2024,smartphones,851713,Country J,CHN,importer_stats_fob,339.7638,292.4385,1.162,178,0.86,
2025,rice,100630,Country A,CHN,exporter_stats,0.5303,0.5539,0.957,239,0.84,
2025,rice,100630,Country B,CHN,exporter_stats,0.6118,0.5539,1.104,110,0.85,
2025,rice,100630,Country C,CHN,exporter_stats,0.5393,0.5539,0.974,341,0.94,
2025,rice,100630,Country D,CHN,exporter_stats,0.6123,0.5539,1.105,46,0.95,
2025,rice,100630,Country E,CHN,exporter_stats,0.5686,0.5539,1.026,192,0.87,
2025,rice,100630,Country F,CHN,exporter_stats,0.6075,0.5539,1.097,316,0.86,
2025,rice,100630,Country G,CHN,exporter_stats,0.5165,0.5539,0.933,286,0.86,
2025,rice,100630,Country H,CHN,exporter_stats,0.59,0.5539,1.065,35,0.92,
2025,rice,100630,Country I,CHN,exporter_stats,0.5225,0.5539,0.943,309,0.87,
2025,rice,100630,Country J,CHN,exporter_stats,0.5169,0.5539,0.933,334,0.79,
2025,rice,100630,Country A,CHN,importer_stats_fob,0.5161,0.539,0.957,329,0.91,
2025,rice,100630,Country B,CHN,importer_stats_fob,0.5953,0.539,1.104,135,0.88,
2025,rice,100630,Country C,CHN,importer_stats_fob,0.5248,0.539,0.974,242,0.95,
2025,rice,100630,Country D,CHN,importer_stats_fob,0.5958,0.539,1.105,86,0.88,
2025,rice,100630,Country E,CHN,importer_stats_fob,0.5533,0.539,1.026,371,0.87,
2025,rice,100630,Country F,CHN,importer_stats_fob,0.5912,0.539,1.097,238,0.92,
2025,rice,100630,Country G,CHN,importer_stats_fob,0.5026,0.539,0.933,104,0.82,
2025,rice,100630,Country H,CHN,importer_stats_fob,0.5741,0.539,1.065,69,0.89,
2025,rice,100630,Country I,CHN,importer_stats_fob,0.5084,0.539,0.943,225,0.97,
2025,rice,100630,Country J,CHN,importer_stats_fob,0.503,0.539,0.933,154,0.8,
2025,refined_sugar,170199,Country A,CHN,exporter_stats,0.3278,0.5755,0.57,327,0.88,
2025,refined_sugar,170199,Country B,CHN,exporter_stats,0.5195,0.5755,0.903,354,0.8,
2025,refined_sugar,170199,Country C,CHN,exporter_stats,0.593,0.5755,1.03,289,0.91,
2025,refined_sugar,170199,Country D,CHN,exporter_stats,0.601,0.5755,1.044,291,0.81,
2025,refined_sugar,170199,Country E,CHN,exporter_stats,0.5581,0.5755,0.97,32,0.87,
2025,refined_sugar,170199,Country F,CHN,exporter_stats,0.6178,0.5755,1.073,176,0.79,
2025,refined_sugar,170199,Country G,CHN,exporter_stats,0.5501,0.5755,0.956,351,0.89,
2025,refined_sugar,170199,Country H,CHN,exporter_stats,0.6097,0.5755,1.059,65,0.97,
2025,refined_sugar,170199,Country I,CHN,exporter_stats,0.5495,0.5755,0.955,169,0.97,
2025,refined_sugar,170199,Country J,CHN,exporter_stats,0.6069,0.5755,1.054,203,0.86,
2025,refined_sugar,170199,Country A,CHN,importer_stats_fob,0.3192,0.5605,0.57,201,0.98,
2025,refined_sugar,170199,Country B,CHN,importer_stats_fob,0.5059,0.5605,0.903,29,0.81,
2025,refined_sugar,170199,Country C,CHN,importer_stats_fob,0.5774,0.5605,1.03,385,0.82,
2025,refined_sugar,170199,Country D,CHN,importer_stats_fob,0.5852,0.5605,1.044,295,0.85,
2025,refined_sugar,170199,Country E,CHN,importer_stats_fob,0.5435,0.5605,0.97,189,0.83,
2025,refined_sugar,170199,Country F,CHN,importer_stats_fob,0.6016,0.5605,1.073,146,0.82,
2025,refined_sugar,170199,Country G,CHN,importer_stats_fob,0.5357,0.5605,0.956,104,0.87,
2025,refined_sugar,170199,Country H,CHN,importer_stats_fob,0.5937,0.5605,1.059,240,0.86,
2025,refined_sugar,170199,Country I,CHN,importer_stats_fob,0.5351,0.5605,0.955,323,0.91,
2025,refined_sugar,170199,Country J,CHN,importer_stats_fob,0.5909,0.5605,1.054,100,0.95,
2025,cement,252329,Country A,CHN,exporter_stats,0.0869,0.0854,1.017,325,0.86,
2025,cement,252329,Country B,CHN,exporter_stats,0.0762,0.0854,0.892,112,0.87,
2025,cement,252329,Country C,CHN,exporter_stats,0.0945,0.0854,1.106,46,0.97,
2025,cement,252329,Country D,CHN,exporter_stats,0.0859,0.0854,1.005,79,0.93,
2025,cement,252329,Country E,CHN,exporter_stats,0.0944,0.0854,1.105,283,0.95,
2025,cement,252329,Country F,CHN,exporter_stats,0.0815,0.0854,0.954,142,0.92,
2025,cement,252329,Country G,CHN,exporter_stats,0.085,0.0854,0.995,247,0.81,
2025,cement,252329,Country H,CHN,exporter_stats,0.075,0.0854,0.878,75,0.83,
2025,cement,252329,Country I,CHN,exporter_stats,0.0876,0.0854,1.026,233,0.81,
2025,cement,252329,Country J,CHN,exporter_stats,0.079,0.0854,0.924,80,0.79,
2025,cement,252329,Country A,CHN,importer_stats_fob,0.0865,0.085,1.017,376,0.82,
2025,cement,252329,Country B,CHN,importer_stats_fob,0.0759,0.085,0.892,325,0.88,
2025,cement,252329,Country C,CHN,importer_stats_fob,0.094,0.085,1.106,313,0.8,
2025,cement,252329,Country D,CHN,importer_stats_fob,0.0855,0.085,1.005,72,0.81,
2025,cement,252329,Country E,CHN,importer_stats_fob,0.0939,0.085,1.105,138,0.91,
2025,cement,252329,Country F,CHN,importer_stats_fob,0.0811,0.085,0.954,386,0.8,
2025,cement,252329,Country G,CHN,importer_stats_fob,0.0846,0.085,0.995,385,0.84,
2025,cement,252329,Country H,CHN,importer_stats_fob,0.0747,0.085,0.878,278,0.89,
2025,cement,252329,Country I,CHN,importer_stats_fob,0.0872,0.085,1.026,198,0.92,
2025,cement,252329,Country J,CHN,importer_stats_fob,0.0786,0.085,0.924,344,0.81,
2025,diesel,271019,Country A,CHN,exporter_stats,1.0032,0.9113,1.101,341,0.94,
2025,diesel,271019,Country B,CHN,exporter_stats,0.9355,0.9113,1.027,137,0.97,
2025,diesel,271019,Country C,CHN,exporter_stats,0.8847,0.9113,0.971,110,0.97,
2025,diesel,271019,Country D,CHN,exporter_stats,0.9566,0.9113,1.05,33,0.86,
2025,diesel,271019,Country E,CHN,exporter_stats,0.8714,0.9113,0.956,357,0.95,
2025,diesel,271019,Country F,CHN,exporter_stats,0.9412,0.9113,1.033,40,0.97,
2025,diesel,271019,Country G,CHN,exporter_stats,0.992,0.9113,1.088,348,0.86,
2025,diesel,271019,Country H,CHN,exporter_stats,0.8872,0.9113,0.973,65,0.82,
2025,diesel,271019,Country I,CHN,exporter_stats,0.8528,0.9113,0.936,168,0.97,
2025,diesel,271019,Country J,CHN,exporter_stats,0.8096,0.9113,0.888,59,0.81,
2025,diesel,271019,Country A,CHN,importer_stats_fob,1.0057,0.9135,1.101,223,0.84,
2025,diesel,271019,Country B,CHN,importer_stats_fob,0.9378,0.9135,1.027,169,0.95,
2025,diesel,271019,Country C,CHN,importer_stats_fob,0.8868,0.9135,0.971,393,0.96,
2025,diesel,271019,Country D,CHN,importer_stats_fob,0.9589,0.9135,1.05,390,0.88,
2025,diesel,271019,Country E,CHN,importer_stats_fob,0.8735,0.9135,0.956,394,0.88,
2025,diesel,271019,Country F,CHN,importer_stats_fob,0.9434,0.9135,1.033,36,0.94,
2025,diesel,271019,Country G,CHN,importer_stats_fob,0.9943,0.9135,1.088,195,0.82,
2025,diesel,271019,Country H,CHN,importer_stats_fob,0.8893,0.9135,0.973,31,0.83,
2025,diesel,271019,Country I,CHN,importer_stats_fob,0.8549,0.9135,0.936,50,0.94,
2025,diesel,271019,Country J,CHN,importer_stats_fob,0.8115,0.9135,0.888,249,0.91,
2025,polyester_fabric,540752,Country A,CHN,exporter_stats,3.0138,3.4086,0.884,340,0.84,
2025,polyester_fabric,540752,Country B,CHN,exporter_stats,3.255,3.4086,0.955,246,0.97,
2025,polyester_fabric,540752,Country C,CHN,exporter_stats,3.4008,3.4086,0.998,343,0.8,
2025,polyester_fabric,540752,Country D,CHN,exporter_stats,3.7307,3.4086,1.094,62,0.86,
2025,polyester_fabric,540752,Country E,CHN,exporter_stats,3.4187,3.4086,1.003,285,0.87,
2025,polyester_fabric,540752,Country F,CHN,exporter_stats,3.4164,3.4086,1.002,58,0.9,
2025,polyester_fabric,540752,Country G,CHN,exporter_stats,3.0369,3.4086,0.891,327,0.92,
2025,polyester_fabric,540752,Country H,CHN,exporter_stats,3.695,3.4086,1.084,375,0.92,
2025,polyester_fabric,540752,Country I,CHN,exporter_stats,3.291,3.4086,0.966,224,0.81,
2025,polyester_fabric,540752,Country J,CHN,exporter_stats,3.6467,3.4086,1.07,397,0.86,
2025,polyester_fabric,540752,Country A,CHN,importer_stats_fob,3.0386,3.4367,0.884,217,0.88,
2025,polyester_fabric,540752,Country B,CHN,importer_stats_fob,3.2818,3.4367,0.955,50,0.93,
2025,polyester_fabric,540752,Country C,CHN,importer_stats_fob,3.4288,3.4367,0.998,182,0.96,
2025,polyester_fabric,540752,Country D,CHN,importer_stats_fob,3.7614,3.4367,1.094,190,0.83,
2025,polyester_fabric,540752,Country E,CHN,importer_stats_fob,3.4469,3.4367,1.003,279,0.79,
2025,polyester_fabric,540752,Country F,CHN,importer_stats_fob,3.4446,3.4367,1.002,117,0.94,
2025,polyester_fabric,540752,Country G,CHN,importer_stats_fob,3.0619,3.4367,0.891,277,0.93,
2025,polyester_fabric,540752,Country H,CHN,importer_stats_fob,3.7254,3.4367,1.084,64,0.94,
2025,polyester_fabric,540752,Country I,CHN,importer_stats_fob,3.3181,3.4367,0.966,381,0.81,
2025,polyester_fabric,540752,Country J,CHN,importer_stats_fob,3.6767,3.4367,1.07,262,0.79,
2025,frozen_shrimp,030617,Country A,CHN,exporter_stats,7.2364,9.7789,0.74,184,0.4,mix shifted to lower grades; weight reported on 40% of value
2025,frozen_shrimp,030617,Country B,CHN,exporter_stats,9.7829,9.7789,1.0,335,0.95,
2025,frozen_shrimp,030617,Country C,CHN,exporter_stats,8.5581,9.7789,0.875,25,0.92,
2025,frozen_shrimp,030617,Country D,CHN,exporter_stats,10.3404,9.7789,1.057,79,0.84,
2025,frozen_shrimp,030617,Country E,CHN,exporter_stats,9.1217,9.7789,0.933,309,0.91,
2025,frozen_shrimp,030617,Country F,CHN,exporter_stats,9.7749,9.7789,1.0,111,0.94,
2025,frozen_shrimp,030617,Country G,CHN,exporter_stats,10.1022,9.7789,1.033,355,0.97,
2025,frozen_shrimp,030617,Country H,CHN,exporter_stats,10.5842,9.7789,1.082,68,0.87,
2025,frozen_shrimp,030617,Country I,CHN,exporter_stats,10.0661,9.7789,1.029,327,0.89,
2025,frozen_shrimp,030617,Country J,CHN,exporter_stats,9.0079,9.7789,0.921,94,0.95,
2025,frozen_shrimp,030617,Country A,CHN,importer_stats_fob,7.1677,9.6861,0.74,109,0.4,mix shifted to lower grades; weight reported on 40% of value
2025,frozen_shrimp,030617,Country B,CHN,importer_stats_fob,9.69,9.6861,1.0,334,0.91,
2025,frozen_shrimp,030617,Country C,CHN,importer_stats_fob,8.4768,9.6861,0.875,305,0.95,
2025,frozen_shrimp,030617,Country D,CHN,importer_stats_fob,10.2423,9.6861,1.057,277,0.94,
2025,frozen_shrimp,030617,Country E,CHN,importer_stats_fob,9.0351,9.6861,0.933,245,0.97,
2025,frozen_shrimp,030617,Country F,CHN,importer_stats_fob,9.6821,9.6861,1.0,278,0.79,
2025,frozen_shrimp,030617,Country G,CHN,importer_stats_fob,10.0064,9.6861,1.033,277,0.94,
2025,frozen_shrimp,030617,Country H,CHN,importer_stats_fob,10.4837,9.6861,1.082,389,0.8,
2025,frozen_shrimp,030617,Country I,CHN,importer_stats_fob,9.9706,9.6861,1.029,170,0.86,
2025,frozen_shrimp,030617,Country J,CHN,importer_stats_fob,8.9224,9.6861,0.921,26,0.85,
2025,steel_bars,721420,Country A,CHN,exporter_stats,0.3449,0.6045,0.571,93,0.96,
2025,steel_bars,721420,Country B,CHN,exporter_stats,0.6181,0.6045,1.023,176,0.92,
2025,steel_bars,721420,Country C,CHN,exporter_stats,0.5908,0.6045,0.977,189,0.84,
2025,steel_bars,721420,Country D,CHN,exporter_stats,0.6392,0.6045,1.058,216,0.88,
2025,steel_bars,721420,Country E,CHN,exporter_stats,0.5836,0.6045,0.965,350,0.87,
2025,steel_bars,721420,Country F,CHN,exporter_stats,0.6825,0.6045,1.129,166,0.81,
2025,steel_bars,721420,Country G,CHN,exporter_stats,0.72,0.6045,1.191,274,0.88,
2025,steel_bars,721420,Country H,CHN,exporter_stats,0.6632,0.6045,1.097,390,0.97,
2025,steel_bars,721420,Country I,CHN,exporter_stats,0.5837,0.6045,0.966,169,0.93,
2025,steel_bars,721420,Country J,CHN,exporter_stats,0.5808,0.6045,0.961,294,0.97,
2025,steel_bars,721420,Country A,CHN,importer_stats_fob,0.3365,0.5897,0.571,67,0.95,
2025,steel_bars,721420,Country B,CHN,importer_stats_fob,0.603,0.5897,1.023,377,0.97,
2025,steel_bars,721420,Country C,CHN,importer_stats_fob,0.5764,0.5897,0.977,51,0.93,
2025,steel_bars,721420,Country D,CHN,importer_stats_fob,0.6236,0.5897,1.058,296,0.87,
2025,steel_bars,721420,Country E,CHN,importer_stats_fob,0.5694,0.5897,0.965,398,0.81,
2025,steel_bars,721420,Country F,CHN,importer_stats_fob,0.6659,0.5897,1.129,314,0.83,
2025,steel_bars,721420,Country G,CHN,importer_stats_fob,0.7025,0.5897,1.191,328,0.89,
2025,steel_bars,721420,Country H,CHN,importer_stats_fob,0.647,0.5897,1.097,321,0.95,
2025,steel_bars,721420,Country I,CHN,importer_stats_fob,0.5695,0.5897,0.966,84,0.88,
2025,steel_bars,721420,Country J,CHN,importer_stats_fob,0.5667,0.5897,0.961,356,0.8,
2025,smartphones,851713,Country A,CHN,exporter_stats,192.0989,300.9262,0.638,176,0.97,
2025,smartphones,851713,Country B,CHN,exporter_stats,318.7832,300.9262,1.059,170,0.8,
2025,smartphones,851713,Country C,CHN,exporter_stats,292.3736,300.9262,0.972,150,0.93,
2025,smartphones,851713,Country D,CHN,exporter_stats,282.9754,300.9262,0.94,334,0.91,
2025,smartphones,851713,Country E,CHN,exporter_stats,291.5349,300.9262,0.969,120,0.91,
2025,smartphones,851713,Country F,CHN,exporter_stats,348.2594,300.9262,1.157,130,0.82,
2025,smartphones,851713,Country G,CHN,exporter_stats,309.4789,300.9262,1.028,72,0.94,
2025,smartphones,851713,Country H,CHN,exporter_stats,292.1282,300.9262,0.971,166,0.81,
2025,smartphones,851713,Country I,CHN,exporter_stats,323.3577,300.9262,1.075,372,0.96,
2025,smartphones,851713,Country J,CHN,exporter_stats,335.1431,300.9262,1.114,355,0.78,
2025,smartphones,851713,Country A,CHN,importer_stats_fob,194.8354,305.2129,0.638,296,0.87,
2025,smartphones,851713,Country B,CHN,importer_stats_fob,323.3242,305.2129,1.059,57,0.87,
2025,smartphones,851713,Country C,CHN,importer_stats_fob,296.5384,305.2129,0.972,328,0.79,
2025,smartphones,851713,Country D,CHN,importer_stats_fob,287.0063,305.2129,0.94,178,0.83,
2025,smartphones,851713,Country E,CHN,importer_stats_fob,295.6878,305.2129,0.969,221,0.8,
2025,smartphones,851713,Country F,CHN,importer_stats_fob,353.2203,305.2129,1.157,224,0.79,
2025,smartphones,851713,Country G,CHN,importer_stats_fob,313.8873,305.2129,1.028,197,0.96,
2025,smartphones,851713,Country H,CHN,importer_stats_fob,296.2895,305.2129,0.971,327,0.88,
2025,smartphones,851713,Country I,CHN,importer_stats_fob,327.9639,305.2129,1.075,384,0.87,
2025,smartphones,851713,Country J,CHN,importer_stats_fob,339.9171,305.2129,1.114,84,0.9,
