year,chapter,importer,uv_ratio_to_region,value_usd,reported_weight_share,greyed
2023,03,Country A,1.06,388640800.0,0.66,1
2023,03,Country B,0.96,218903358.0,0.71,0
2023,03,Country C,1.1,397607843.0,0.96,0
2023,03,Country D,0.9,124904550.0,0.79,0
2023,03,Country E,1.01,15472953.0,0.73,0
2023,03,Country F,0.89,249117103.0,0.94,0
2023,03,Country G,0.88,233334948.0,0.73,0
2023,03,Country H,0.89,254011111.0,0.69,1
2023,03,Country I,1.01,81609114.0,0.62,1
2023,03,Country J,1.12,177476190.0,0.73,0
2023,10,Country A,0.89,362331997.0,0.72,0
2023,10,Country B,0.89,336852996.0,0.89,0
2023,10,Country C,0.93,15308940.0,0.89,0
2023,10,Country D,1.09,93911099.0,0.65,1
2023,10,Country E,1.04,64667483.0,0.86,0
2023,10,Country F,0.95,272349154.0,0.74,0
2023,10,Country G,0.88,171901574.0,0.88,0
2023,10,Country H,1.03,136367178.0,0.66,1
2023,10,Country I,1.08,305545186.0,0.92,0
2023,10,Country J,0.88,83850589.0,0.81,0
2023,17,Country A,0.59,52100457.0,0.75,0
2023,17,Country B,1.03,14370589.0,0.91,0
2023,17,Country C,1.08,358742415.0,0.64,1
2023,17,Country D,1.01,248226434.0,0.92,0
2023,17,Country E,1.13,307551496.0,0.74,0
2023,17,Country F,1.03,396504239.0,0.65,1
2023,17,Country G,0.94,84262001.0,0.72,0
2023,17,Country H,0.89,214196584.0,0.97,0
2023,17,Country I,0.88,367611974.0,0.75,0
2023,17,Country J,0.92,395424019.0,0.76,0
2023,24,Country A,1.1,165101687.0,0.86,0
2023,24,Country B,1.09,259361969.0,0.72,0
2023,24,Country C,0.94,370652258.0,0.79,0
2023,24,Country D,0.98,203928210.0,0.84,0
2023,24,Country E,0.99,17556090.0,0.87,0
2023,24,Country F,1.08,178068867.0,0.65,1
2023,24,Country G,1.12,45750977.0,0.73,0
2023,24,Country H,0.92,295212661.0,0.69,1
2023,24,Country I,1.05,198656116.0,0.84,0
2023,24,Country J,1.06,54836149.0,0.63,1
2023,27,Country A,0.91,323767492.0,0.91,0
2023,27,Country B,1.03,252804899.0,0.93,0
2023,27,Country C,0.64,46137913.0,0.89,0
2023,27,Country D,1.01,184360242.0,0.9,0
2023,27,Country E,0.88,266817226.0,0.87,0
2023,27,Country F,0.89,107407594.0,0.61,1
2023,27,Country G,0.99,108967253.0,0.63,1
2023,27,Country H,1.06,5051698.0,0.73,0
2023,27,Country I,1.02,33986249.0,0.75,0
2023,27,Country J,1.08,212304293.0,0.91,0
2023,33,Country A,0.98,186860849.0,0.75,0
2023,33,Country B,1.1,306380766.0,0.7,0
2023,33,Country C,1.08,367488251.0,0.87,0
2023,33,Country D,1.11,354689079.0,0.91,0
2023,33,Country E,1.04,96480482.0,0.8,0
2023,33,Country F,0.92,94106395.0,0.63,1
2023,33,Country G,1.09,187368806.0,0.67,1
2023,33,Country H,1.12,353313063.0,0.61,1
2023,33,Country I,1.09,25038134.0,0.66,1
2023,33,Country J,1.01,98655403.0,0.94,0
2023,39,Country A,0.87,333258953.0,0.79,0
2023,39,Country B,0.88,206361123.0,0.67,1
2023,39,Country C,0.86,346543563.0,0.64,1
2023,39,Country D,0.87,313970613.0,0.78,0
2023,39,Country E,1.1,274364664.0,0.9,0
2023,39,Country F,0.89,337312022.0,0.73,0
2023,39,Country G,1.12,225109577.0,0.78,0
2023,39,Country H,1.04,324667161.0,0.73,0
2023,39,Country I,0.9,42883364.0,0.94,0
2023,39,Country J,1.02,234307976.0,0.77,0
2023,52,Country A,1.11,257238570.0,0.88,0
2023,52,Country B,0.93,334802848.0,0.67,1
2023,52,Country C,0.92,366042543.0,0.72,0
2023,52,Country D,0.99,65377594.0,0.67,1
2023,52,Country E,0.98,228022522.0,0.69,1
2023,52,Country F,0.63,77993268.0,0.89,0
2023,52,Country G,1.06,147690010.0,0.74,0
2023,52,Country H,1.05,116811908.0,0.9,0
2023,52,Country I,0.99,266938830.0,0.84,0
2023,52,Country J,0.9,313212743.0,0.63,1
2023,72,Country A,0.66,12207474.0,0.84,0
2023,72,Country B,0.93,382272826.0,0.61,1
2023,72,Country C,0.9,146136515.0,0.75,0
2023,72,Country D,1.1,96470029.0,0.88,0
2023,72,Country E,0.95,185843866.0,0.76,0
2023,72,Country F,1.02,226254125.0,0.7,0
2023,72,Country G,0.86,183095326.0,0.95,0
2023,72,Country H,1.12,332247494.0,0.84,0
2023,72,Country I,1.07,24822189.0,0.9,0
2023,72,Country J,0.99,45580503.0,0.88,0
2023,85,Country A,0.55,228001712.0,0.69,1
2023,85,Country B,1.12,42154856.0,0.92,0
2023,85,Country C,1.01,266401958.0,0.65,1
2023,85,Country D,1.1,65672416.0,0.9,0
2023,85,Country E,0.86,62365304.0,0.66,1
2023,85,Country F,1.0,292191788.0,0.79,0
2023,85,Country G,0.94,28967428.0,0.64,1
2023,85,Country H,0.93,45534132.0,0.88,0
2023,85,Country I,0.89,14699046.0,0.65,1
2023,85,Country J,0.91,90820863.0,0.76,0
2024,03,Country A,0.97,249431192.0,0.92,0
2024,03,Country B,1.01,193481431.0,0.93,0
2024,03,Country C,0.86,148062545.0,0.96,0
2024,03,Country D,0.95,38045087.0,0.61,1
2024,03,Country E,0.93,200113842.0,0.8,0
2024,03,Country F,0.9,74387898.0,0.79,0
2024,03,Country G,1.02,37985854.0,0.89,0
2024,03,Country H,0.97,288831698.0,0.96,0
2024,03,Country I,1.09,337767276.0,0.95,0
2024,03,Country J,1.08,303628982.0,0.66,1
2024,10,Country A,0.98,37340258.0,0.77,0
2024,10,Country B,0.96,245182271.0,0.89,0
2024,10,Country C,0.93,175943109.0,0.61,1
2024,10,Country D,1.02,232870681.0,0.73,0
2024,10,Country E,1.07,194314651.0,0.81,0
2024,10,Country F,0.91,280602369.0,0.61,1
2024,10,Country G,0.86,35488468.0,0.75,0
2024,10,Country H,0.95,105878480.0,0.79,0
2024,10,Country I,1.0,245321508.0,0.63,1
2024,10,Country J,1.1,341332322.0,0.81,0
2024,17,Country A,0.57,191092572.0,0.78,0
2024,17,Country B,0.87,209111880.0,0.71,0
2024,17,Country C,1.02,325410858.0,0.66,1
2024,17,Country D,1.1,149714634.0,0.76,0
2024,17,Country E,1.0,13101175.0,0.77,0
2024,17,Country F,0.95,246743409.0,0.92,0
2024,17,Country G,1.11,248610741.0,0.76,0
2024,17,Country H,0.94,190903786.0,0.8,0
2024,17,Country I,1.04,11694414.0,0.67,1
2024,17,Country J,1.02,77271610.0,0.62,1
2024,24,Country A,0.96,91838359.0,0.67,1
2024,24,Country B,0.96,67746862.0,0.73,0
2024,24,Country C,1.03,367952270.0,0.74,0
2024,24,Country D,1.0,121207443.0,0.95,0
2024,24,Country E,1.14,285717358.0,0.75,0
2024,24,Country F,1.14,277986688.0,0.91,0
2024,24,Country G,1.11,216433006.0,0.63,1
2024,24,Country H,1.02,24115488.0,0.76,0
2024,24,Country I,0.86,349803296.0,0.77,0
2024,24,Country J,0.96,206099111.0,0.64,1
2024,27,Country A,1.11,297816262.0,0.64,1
2024,27,Country B,1.09,24472664.0,0.93,0
2024,27,Country C,0.67,14614119.0,0.71,0
2024,27,Country D,0.99,58952409.0,0.74,0
2024,27,Country E,0.97,181933233.0,0.73,0
2024,27,Country F,0.89,245396518.0,0.67,1
2024,27,Country G,0.88,328971361.0,0.94,0
2024,27,Country H,0.91,74091115.0,0.76,0
2024,27,Country I,1.08,88918963.0,0.71,0
2024,27,Country J,1.12,44175646.0,0.61,1
2024,33,Country A,1.06,96743066.0,0.95,0
2024,33,Country B,0.98,208957782.0,0.65,1
2024,33,Country C,0.87,263616127.0,0.67,1
2024,33,Country D,1.08,303740287.0,0.89,0
2024,33,Country E,0.96,121027184.0,0.85,0
2024,33,Country F,0.91,151558495.0,0.75,0
2024,33,Country G,1.14,122530047.0,0.73,0
2024,33,Country H,0.93,161122841.0,0.67,1
2024,33,Country I,1.01,317853865.0,0.62,1
2024,33,Country J,1.12,120783096.0,0.63,1
2024,39,Country A,1.13,16685799.0,0.89,0
2024,39,Country B,1.13,399074841.0,0.6,1
2024,39,Country C,0.89,104332249.0,0.75,0
2024,39,Country D,0.89,24564008.0,0.92,0
2024,39,Country E,1.04,375473770.0,0.74,0
2024,39,Country F,0.96,76101169.0,0.73,0
2024,39,Country G,1.01,98323696.0,0.6,1
2024,39,Country H,0.95,193065989.0,0.88,0
2024,39,Country I,0.96,340756982.0,0.9,0
2024,39,Country J,1.13,90335673.0,0.86,0
2024,52,Country A,0.97,96237180.0,0.94,0
2024,52,Country B,1.07,15364623.0,0.6,1
2024,52,Country C,0.94,311601263.0,0.75,0
2024,52,Country D,0.92,173293592.0,0.83,0
2024,52,Country E,1.0,50750675.0,0.67,1
2024,52,Country F,0.6,333723248.0,0.79,0
2024,52,Country G,0.87,152344085.0,0.61,1
2024,52,Country H,0.99,373952675.0,0.79,0
2024,52,Country I,0.94,150040950.0,0.81,0
2024,52,Country J,0.99,127236261.0,0.67,1
2024,72,Country A,0.61,203480678.0,0.79,0
2024,72,Country B,1.04,365229895.0,0.82,0
2024,72,Country C,0.91,129324544.0,0.63,1
2024,72,Country D,0.93,114233862.0,0.95,0
2024,72,Country E,1.14,286351190.0,0.64,1
2024,72,Country F,1.13,20239766.0,0.74,0
2024,72,Country G,1.0,269468996.0,0.72,0
2024,72,Country H,1.09,72670203.0,0.97,0
2024,72,Country I,0.89,46674678.0,0.83,0
2024,72,Country J,0.9,342608958.0,0.6,1
2024,85,Country A,0.52,131605435.0,0.93,0
2024,85,Country B,0.99,193989626.0,0.79,0
2024,85,Country C,0.96,52725174.0,0.92,0
2024,85,Country D,1.09,297783611.0,0.76,0
2024,85,Country E,0.97,304956479.0,0.87,0
2024,85,Country F,0.92,374990563.0,0.95,0
2024,85,Country G,0.97,305560691.0,0.81,0
2024,85,Country H,0.96,248720432.0,0.87,0
2024,85,Country I,0.97,278219508.0,0.89,0
2024,85,Country J,0.95,370586595.0,0.65,1
2025,03,Country A,1.04,145762772.0,0.61,1
2025,03,Country B,1.11,79433173.0,0.64,1
2025,03,Country C,1.1,201612108.0,0.81,0
2025,03,Country D,1.01,381685811.0,0.83,0
2025,03,Country E,0.97,44190277.0,0.83,0
2025,03,Country F,1.11,265249909.0,0.7,0
2025,03,Country G,1.07,322746549.0,0.7,0
2025,03,Country H,0.99,49057115.0,0.62,1
2025,03,Country I,1.05,66552065.0,0.75,0
2025,03,Country J,0.88,287583768.0,0.66,1
2025,10,Country A,1.01,346900288.0,0.72,0
2025,10,Country B,0.99,95598180.0,0.83,0
2025,10,Country C,1.05,39953580.0,0.67,1
2025,10,Country D,1.14,79507122.0,0.85,0
2025,10,Country E,0.96,66643284.0,0.65,1
2025,10,Country F,0.89,368314392.0,0.84,0
2025,10,Country G,1.13,332005031.0,0.94,0
2025,10,Country H,1.01,106997742.0,0.84,0
2025,10,Country I,1.03,355548563.0,0.61,1
2025,10,Country J,0.91,236873099.0,0.93,0
2025,17,Country A,0.57,329045240.0,0.72,0
2025,17,Country B,1.07,265188073.0,0.95,0
2025,17,Country C,1.1,133711827.0,0.9,0
2025,17,Country D,0.89,135451566.0,0.84,0
2025,17,Country E,0.97,328207311.0,0.87,0
2025,17,Country F,1.06,356829965.0,0.71,0
2025,17,Country G,1.04,158049931.0,0.95,0
2025,17,Country H,0.93,269262136.0,0.71,0
2025,17,Country I,1.06,254875695.0,0.82,0
2025,17,Country J,0.99,344538566.0,0.97,0
2025,24,Country A,1.11,187625477.0,0.63,1
2025,24,Country B,0.86,49657474.0,0.76,0
2025,24,Country C,1.13,106729007.0,0.71,0
2025,24,Country D,0.96,340188287.0,0.83,0
2025,24,Country E,0.96,218824229.0,0.92,0
2025,24,Country F,0.94,384002635.0,0.87,0
2025,24,Country G,0.98,162677433.0,0.85,0
2025,24,Country H,0.98,381055311.0,0.6,1
2025,24,Country I,1.05,343078434.0,0.85,0
2025,24,Country J,0.89,391387571.0,0.83,0
2025,27,Country A,1.04,94229965.0,0.84,0
2025,27,Country B,0.99,318646914.0,0.95,0
2025,27,Country C,0.66,140771631.0,0.62,1
2025,27,Country D,0.86,177158638.0,0.72,0
2025,27,Country E,1.0,73724328.0,0.9,0
2025,27,Country F,0.88,186294084.0,0.82,0
2025,27,Country G,1.08,23898723.0,0.86,0
2025,27,Country H,1.02,46220745.0,0.7,0
2025,27,Country I,0.9,332960015.0,0.83,0
2025,27,Country J,0.94,103669633.0,0.68,1
2025,33,Country A,0.96,153141392.0,0.8,0
2025,33,Country B,0.97,152066109.0,0.84,0
2025,33,Country C,1.13,345797505.0,0.78,0
2025,33,Country D,1.04,394903801.0,0.78,0
2025,33,Country E,1.04,64252320.0,0.89,0
2025,33,Country F,0.97,316782876.0,0.81,0
2025,33,Country G,0.94,323793592.0,0.91,0
2025,33,Country H,0.97,19957000.0,0.68,1
2025,33,Country I,1.02,382252331.0,0.94,0
2025,33,Country J,1.08,24586540.0,0.68,1
2025,39,Country A,1.08,131305003.0,0.96,0
2025,39,Country B,0.98,212151913.0,0.71,0
2025,39,Country C,1.05,227016035.0,0.8,0
2025,39,Country D,0.93,201697531.0,0.78,0
2025,39,Country E,1.01,372823218.0,0.73,0
2025,39,Country F,1.11,257295781.0,0.9,0
2025,39,Country G,1.05,164061512.0,0.73,0
2025,39,Country H,1.05,261085714.0,0.9,0
2025,39,Country I,0.99,94558467.0,0.79,0
2025,39,Country J,0.94,32115981.0,0.67,1
2025,52,Country A,0.9,128332905.0,0.76,0
2025,52,Country B,0.95,247261851.0,0.74,0
2025,52,Country C,0.94,350536273.0,0.69,1
2025,52,Country D,0.93,172480559.0,0.9,0
2025,52,Country E,1.0,73062198.0,0.69,1
2025,52,Country F,0.62,367187910.0,0.9,0
2025,52,Country G,0.98,338670184.0,0.82,0
2025,52,Country H,1.01,170382553.0,0.66,1
2025,52,Country I,1.0,247482490.0,0.88,0
2025,52,Country J,1.04,195951869.0,0.94,0
2025,72,Country A,0.63,108279706.0,0.71,0
2025,72,Country B,0.97,363831077.0,0.83,0
2025,72,Country C,1.13,18418337.0,0.71,0
2025,72,Country D,1.14,394107947.0,0.94,0
2025,72,Country E,0.96,167766229.0,0.94,0
2025,72,Country F,0.99,364562768.0,0.87,0
2025,72,Country G,1.06,15055740.0,0.96,0
2025,72,Country H,1.01,233382323.0,0.62,1
2025,72,Country I,0.96,113660130.0,0.63,1
2025,72,Country J,1.13,126937268.0,0.72,0
2025,85,Country A,0.55,31883178.0,0.64,1
2025,85,Country B,1.1,362401983.0,0.74,0
2025,85,Country C,0.9,71625810.0,0.66,1
2025,85,Country D,0.91,349493656.0,0.62,1
2025,85,Country E,1.03,139545829.0,0.8,0
2025,85,Country F,1.08,354926494.0,0.82,0
2025,85,Country G,1.13,279911798.0,0.86,0
2025,85,Country H,1.09,82567389.0,0.65,1
2025,85,Country I,1.1,199388476.0,0.72,0
2025,85,Country J,1.02,206701474.0,0.78,0
