ahtn8,hs6,chapter,description,abbreviation,second_language_token,base_usd_per_kg,duty_mfn,duty_atiga,unit,typical_shipment_kg,kg_per_unit,origin_producers,duty_cliff_neighbour
08039000,080390,08,Fresh bananas,Bananas fresh,chuối,0.8,10,0,cartons,18000.0,18.0,India|Thailand|Viet Nam|Indonesia|Malaysia,
08045010,080450,08,Fresh mangoes,Mangoes,มะม่วง,1.5,15,0,cartons,9000.0,5.0,India|Thailand|Viet Nam|Indonesia|Australia,
08051020,080510,08,Fresh oranges,Oranges,cam,1.0,10,0,kg,15000.0,,China|Australia|United States|Viet Nam,
08052100,080521,08,Fresh mandarins,Mandarins,quýt,1.3,10,0,kg,12000.0,,China|Japan|Korea|Australia,
08061000,080610,08,Fresh grapes,Grapes,nho,2.5,15,0,cartons,8000.0,8.2,China|India|Australia|United States,
08081000,080810,08,Fresh apples,Apples,táo,1.4,10,0,cartons,16000.0,18.0,China|Japan|Korea|Australia|United States,
08083000,080830,08,Fresh pears,Pears,lê,1.4,10,0,cartons,12000.0,15.0,China|Japan|Korea,
08106000,081060,08,Fresh durians,Durian,ทุเรียน,3.0,20,0,kg,10000.0,,Thailand|Malaysia|Viet Nam|Indonesia,
08109020,081090,08,Fresh longans,Longans,nhãn,2.2,20,0,kg,9000.0,,Thailand|Viet Nam|China,
08041000,080410,08,Dried dates,Dates dried,chà là,2.0,5,0,kg,6000.0,,United Arab Emirates|India,
17011400,170114,17,Raw cane sugar,Raw sugar,đường thô,0.45,5,5,tonnes,250000.0,,Thailand|India|Australia|Indonesia,
17019910,170199,17,Refined white sugar,Refined sugar,đường tinh luyện,0.62,20,5,tonnes,120000.0,,Thailand|India|Australia|China|Malaysia|Indonesia,17011400
17019990,170199,17,"Other refined sugar, in packs",Sugar pkd,น้ำตาล,0.8,20,5,cartons,15000.0,25.0,Thailand|Malaysia|India,
17023020,170230,17,Glucose syrup,Glucose syr.,xi-rô glucose,0.8,10,5,kg,20000.0,,China|Thailand|Korea,
17031000,170310,17,Cane molasses,Molasses,rỉ đường,0.15,5,5,tonnes,300000.0,,Thailand|India|Indonesia,
17049010,170490,17,"Sugar confectionery, sweets",Sweets,kẹo,3.0,25,5,cartons,6000.0,12.0,China|Malaysia|Thailand|Germany|Indonesia,17023020
17041000,170410,17,Chewing gum,Chew. gum,kẹo cao su,5.0,25,5,cartons,3000.0,10.0,China|Thailand|United States,
17021100,170211,17,Lactose,Lactose,lactose,2.0,5,5,kg,8000.0,,Germany|United States|Australia,
17029040,170290,17,Maltodextrin,Maltodex.,maltodextrin,0.9,10,5,kg,20000.0,,China|Thailand|Indonesia,
17019100,170191,17,Cane sugar with added flavouring,Flav. sugar,đường hương,0.9,20,5,cartons,10000.0,20.0,Thailand|Malaysia,
24011010,240110,24,"Unmanufactured tobacco, not stemmed",Tobacco leaf,lá thuốc lá,4.0,10,5,kg,18000.0,,China|India|Indonesia|Thailand|United States,
24013000,240130,24,Tobacco refuse and stems,Tob. stems,cọng thuốc lá,1.0,5,5,kg,15000.0,,China|India|Indonesia,
24021000,240210,24,Cigars and cheroots,Cigars,xì gà,40.0,30,5,cartons,600.0,6.0,Indonesia|Germany|United States,
24022090,240220,24,Cigarettes containing tobacco,Cigarettes,thuốc lá điếu,25.0,30,5,cartons,4000.0,10.0,China|Indonesia|Japan|Korea|Malaysia|Viet Nam,24039100
24031100,240311,24,Water-pipe tobacco,Shisha tob.,thuốc lá tẩu,20.0,30,5,cartons,1500.0,8.0,United Arab Emirates|India,
24039100,240391,24,Homogenised or reconstituted tobacco,Recon. tobacco,thuốc lá tái chế,8.0,10,5,kg,8000.0,,China|Germany|Indonesia,
24041100,240411,24,Heated tobacco products,Heated tob.,thuốc lá nung,35.0,30,5,cartons,1200.0,6.0,Japan|Korea|Indonesia,24039100
24049100,240491,24,Nicotine pouches,Nic. pouches,túi nicotine,30.0,25,5,cartons,800.0,5.0,Germany|United States,
24039990,240399,24,Other manufactured tobacco,Tob. other,thuốc lá khác,15.0,25,5,kg,2000.0,,China|India|Indonesia,
24012020,240120,24,"Tobacco, partly stemmed",Tob. stemmed,thuốc lá tách cọng,4.5,10,5,kg,12000.0,,China|India|Thailand,
33012900,330129,33,Essential oils,Ess. oils,tinh dầu,30.0,5,0,kg,600.0,,India|China|Indonesia|Viet Nam,
33030000,330300,33,Perfumes and toilet waters,Perfume,nước hoa,45.0,25,0,cartons,900.0,6.0,Germany|United States|Singapore|United Arab Emirates|Japan,33012900
33041000,330410,33,Lip make-up preparations,Lipstick,son môi,40.0,20,0,cartons,500.0,4.0,Korea|Japan|China|Germany,
33042000,330420,33,Eye make-up preparations,Eye make-up,trang điểm mắt,40.0,20,0,cartons,500.0,4.0,Korea|Japan|China,
33049100,330491,33,Make-up powders,Powders,phấn,20.0,20,0,cartons,800.0,5.0,Korea|Japan|China|Thailand,
33049930,330499,33,Skin-care creams and lotions,Skin cream,kem dưỡng da,25.0,20,0,cartons,1200.0,6.0,Korea|Japan|Thailand|Germany|United States,
33049990,330499,33,Other beauty preparations,Beauty prep,mỹ phẩm,22.0,20,0,cartons,1000.0,6.0,Korea|Japan|China|Thailand,
33051000,330510,33,Shampoos,Shampoo,dầu gội,3.5,15,0,cartons,6000.0,12.0,Thailand|Indonesia|Malaysia|China,
33061000,330610,33,Toothpaste,Toothpaste,kem đánh răng,4.0,10,0,cartons,5000.0,10.0,Thailand|Indonesia|India|China,
33072000,330720,33,Deodorants,Deodorant,lăn khử mùi,6.0,15,0,cartons,3000.0,8.0,Thailand|Indonesia|Germany,
39011000,390110,39,Polyethylene granules,PE granules,hạt nhựa PE,1.3,5,0,tonnes,40000.0,,Korea|Singapore|Thailand|Malaysia|United Arab Emirates|China,
39021000,390210,39,Polypropylene granules,PP granules,hạt nhựa PP,1.2,5,0,tonnes,40000.0,,Korea|Singapore|Thailand|Malaysia|China|India,
39041000,390410,39,PVC resin,PVC,nhựa PVC,1.1,5,0,tonnes,35000.0,,China|Japan|Korea|Thailand|Indonesia,
39076100,390761,39,PET resin,PET,nhựa PET,1.2,5,0,tonnes,35000.0,,China|Korea|Thailand|Indonesia|India,
39201090,392010,39,Plastic sheets and film,Plas. sheet,tấm nhựa,2.5,10,0,kg,15000.0,,China|Korea|Thailand|Malaysia|Japan,
39232199,392321,39,Plastic bags,Plas. bags,túi nhựa,2.0,20,0,cartons,8000.0,20.0,China|Viet Nam|Thailand|Malaysia,39201090
39233090,392330,39,Plastic bottles,Plas. bottles,chai nhựa,2.8,15,0,cartons,6000.0,10.0,China|Thailand|Viet Nam,
39241090,392410,39,Plastic tableware,Plas. tableware,đồ ăn nhựa,3.5,20,0,cartons,4000.0,8.0,China|Thailand|Viet Nam,39201090
39181011,391810,39,Vinyl floor coverings,Vinyl floor,sàn nhựa,2.2,15,0,kg,18000.0,,China|Korea|Viet Nam,
39172329,391723,39,Plastic pipes of PVC,PVC pipes,ống nhựa,2.4,15,0,kg,12000.0,,China|Thailand|Malaysia|India,
52010000,520100,52,"Raw cotton, not carded",Raw cotton,bông thô,1.8,0,0,tonnes,80000.0,,India|Australia|United States|China,
52051200,520512,52,"Cotton yarn, single",Ctn yarn,sợi bông,3.2,5,0,kg,20000.0,,India|China|Viet Nam|Indonesia|Thailand,
52094200,520942,52,Woven denim fabric,Denim,vải denim,5.5,10,0,kg,15000.0,,China|India|Viet Nam|Indonesia,
52083200,520832,52,Dyed cotton fabric,Ctn fabric dyed,vải bông nhuộm,6.0,10,0,kg,10000.0,,China|India|Viet Nam|Thailand|Korea,
52085200,520852,52,Printed cotton fabric,Ctn fabric prt,vải in hoa,6.5,10,0,kg,8000.0,,China|India|Indonesia|Thailand,
52041100,520411,52,Cotton sewing thread,Sewing thread,chỉ may,7.0,5,0,kg,3000.0,,China|India|Viet Nam|Germany,
52081100,520811,52,Unbleached cotton fabric,Ctn fabric unbl.,vải mộc,4.0,10,0,kg,15000.0,,China|India|Indonesia,
52103100,521031,52,Dyed cotton blend fabric,Ctn blend dyed,vải pha,5.8,10,0,kg,9000.0,,China|Korea|India,
52062200,520622,52,Cotton blend yarn,Blend yarn,sợi pha,3.0,5,0,kg,15000.0,,India|Viet Nam|Indonesia|China,
52121300,521213,52,"Woven cotton fabric, dyed, light",Ctn woven lt,vải dệt,6.2,10,0,kg,7000.0,,China|Japan|Korea,
61091010,610910,61,"Cotton T-shirts, knitted",Ctn T-shirts,áo thun,12.0,25,0,units,3000.0,0.18,China|Viet Nam|India|Indonesia|Thailand,61112000
61102000,611020,61,"Cotton sweaters, knitted",Sweaters,áo len,15.0,25,0,units,2500.0,0.45,China|Viet Nam|Indonesia,61112000
61034200,610342,61,"Men's cotton trousers, knitted",Men trousers,quần nam,14.0,25,0,units,2500.0,0.4,China|Viet Nam|India|Indonesia,
61044200,610442,61,"Women's cotton dresses, knitted",Wmn dresses,váy nữ,18.0,25,0,units,2000.0,0.3,China|Viet Nam|Thailand|India,61112000
61112000,611120,61,"Babies' cotton garments, knitted",Baby garments,quần áo trẻ em,16.0,10,0,units,1500.0,0.12,China|Viet Nam|India|Thailand,
61159500,611595,61,Cotton socks,Socks,tất,10.0,20,0,units,1500.0,0.05,China|Viet Nam|Korea|Indonesia,
61103000,611030,61,Synthetic-fibre jerseys,Synth jerseys,áo nỉ,13.0,25,0,units,2500.0,0.35,China|Viet Nam|Indonesia,
61169300,611693,61,Synthetic-fibre gloves,Gloves,găng tay,9.0,20,0,units,1200.0,0.06,China|Viet Nam|Malaysia|Indonesia,
61121200,611212,61,Synthetic track suits,Track suits,bộ thể thao,14.0,25,0,units,2000.0,0.55,China|Viet Nam|Indonesia,61112000
61082100,610821,61,Cotton briefs and panties,Underwear,đồ lót,12.0,25,0,units,1200.0,0.05,China|Viet Nam|Thailand|India,
72142000,721420,72,"Steel bars, hot-rolled, deformed",Steel bars,thép thanh,0.65,15,0,tonnes,200000.0,,China|Japan|Korea|Viet Nam|Malaysia|Indonesia,72083900
72083900,720839,72,Hot-rolled steel coil,HR coil,thép cuộn cán nóng,0.6,5,0,tonnes,250000.0,,China|Japan|Korea|India|Viet Nam,
72091700,720917,72,Cold-rolled steel coil,CR coil,thép cán nguội,0.75,10,0,tonnes,150000.0,,China|Japan|Korea|Viet Nam,
72104910,721049,72,Galvanised steel sheet,GI sheet,tôn mạ kẽm,0.85,10,0,tonnes,120000.0,,China|Korea|Viet Nam|Japan|India,
72139100,721391,72,Steel wire rod,Wire rod,thép dây,0.62,10,0,tonnes,150000.0,,China|Japan|Korea|Malaysia|Indonesia,
72193300,721933,72,"Stainless steel flat, cold-rolled, 1-3 mm",S.S. flat,inox cán,2.6,10,0,tonnes,40000.0,,China|Japan|Korea|Indonesia|Germany,
72193400,721934,72,"Stainless steel sheet, cold-rolled, 0.5-1 mm",S.S. sheet,thép không gỉ,2.6,10,0,tonnes,35000.0,,China|Japan|Korea|Indonesia,
72161000,721610,72,Steel angles and sections,Angles,thép hình,0.7,10,0,tonnes,100000.0,,China|Japan|Korea|Viet Nam,
72021100,720211,72,Ferro-manganese,FeMn,ferro mangan,1.5,0,0,tonnes,50000.0,,China|India|Malaysia|Australia,
72044900,720449,72,Ferrous waste and scrap,Scrap,thép phế liệu,0.35,0,0,tonnes,300000.0,,China|India|Japan|Korea|Singapore|Malaysia|Thailand|Viet Nam|Indonesia|United Arab Emirates|Australia|United States|Germany,
85171300,851713,85,Smartphones,Smartphones,điện thoại thông minh,300.0,5,0,units,400.0,0.18,China|Korea|Viet Nam|India,
85171400,851714,85,Other mobile telephones,Feature phones,điện thoại di động,60.0,5,0,units,600.0,0.1,China|Viet Nam|India,
85076090,850760,85,Lithium-ion batteries,Li-ion batt.,pin lithium,15.0,15,0,units,3000.0,0.05,China|Korea|Japan|Viet Nam|Malaysia,
85414300,854143,85,Solar panels,PV panels,tấm pin mặt trời,4.0,0,0,units,20000.0,22.0,China|Viet Nam|Malaysia|Thailand|India,
85395200,853952,85,LED lamps,LED lamps,đèn LED,8.0,20,0,cartons,4000.0,8.0,China|Viet Nam|Thailand|Malaysia,85395290
85287292,852872,85,Colour television sets,TV sets,tivi,12.0,25,0,units,6000.0,12.0,China|Korea|Viet Nam|Malaysia|Thailand,
85183010,851830,85,Headphones and earphones,Headphones,tai nghe,40.0,20,0,units,800.0,0.2,China|Viet Nam|Korea|Malaysia,
85044019,850440,85,Static converters and chargers,Chargers,bộ sạc,20.0,15,0,units,1500.0,0.15,China|Viet Nam|Malaysia|Thailand,
85444294,854442,85,Insulated cables with connectors,Cables w/ conn.,cáp điện,6.0,15,0,kg,6000.0,,China|Viet Nam|Thailand|Malaysia|Korea,
85395290,853952,85,LED modules and parts of lamps,LED modules,linh kiện đèn LED,9.0,0,0,cartons,3000.0,6.0,China|Viet Nam|Malaysia,
87032361,870323,87,"Passenger cars, petrol, 1.5-3.0 litre",Pass. cars,ô tô con,14.0,30,5,units,14000.0,1400.0,Japan|Korea|Thailand|Germany|China|Indonesia,87082999
87038090,870380,87,Electric passenger cars,EV cars,ô tô điện,20.0,15,5,units,9000.0,1800.0,China|Korea|Germany|United States,
87112092,871120,87,"Motorcycles, 50-250 cc",Motorcycles,xe máy,6.0,30,5,units,6000.0,110.0,Thailand|Viet Nam|Indonesia|Japan|India|China,87082999
87082999,870829,87,Car body parts,Body parts,phụ tùng thân xe,5.0,10,5,kg,8000.0,,Japan|Thailand|China|Korea|Germany,
87084092,870840,87,Gearboxes for cars,Gearboxes,hộp số,6.0,10,5,units,5000.0,45.0,Japan|Thailand|Korea|Germany,
87083029,870830,87,Brakes and parts,Brakes,phanh,7.0,10,5,kg,4000.0,,Japan|Thailand|China|Korea,
87120030,871200,87,Bicycles,Bicycles,xe đạp,8.0,20,5,units,3000.0,14.0,China|Viet Nam|Indonesia|Malaysia,
87163999,871639,87,Trailers for goods,Trailers,rơ moóc,3.0,15,5,units,12000.0,2500.0,China|Japan|Australia,
87042129,870421,87,"Light trucks, diesel",Lt trucks,xe tải nhẹ,6.0,30,5,units,10000.0,2500.0,Japan|Thailand|Korea|China|India,
87087095,870870,87,Road wheels and parts,Wheels,bánh xe,5.0,10,5,kg,6000.0,,China|Japan|Thailand|Indonesia,
90015000,900150,90,"Spectacle lenses, other materials",Spec. lenses,tròng kính,60.0,5,0,units,200.0,0.02,China|Japan|Korea|Thailand|Germany,
90041000,900410,90,Sunglasses,Sunglasses,kính râm,35.0,20,0,units,300.0,0.05,China|Japan|Germany|United States,90015000
90189030,901890,90,Medical instruments,Med. instr.,dụng cụ y tế,80.0,0,0,kg,300.0,,Germany|United States|Japan|China|Malaysia,
90183110,901831,90,Syringes,Syringes,bơm tiêm,10.0,0,0,cartons,2000.0,5.0,China|India|Malaysia|Korea|Germany,
90251110,902511,90,Clinical thermometers,Thermometers,nhiệt kế,15.0,5,0,units,300.0,0.05,China|Germany|Japan,
90221400,902214,90,Medical X-ray apparatus,X-ray app.,máy X quang,90.0,0,0,units,600.0,300.0,Germany|Japan|Korea|United States|China,
90011010,900110,90,Optical fibres,Opt. fibres,sợi quang,40.0,5,0,kg,500.0,,China|Japan|Korea|United States,
90181900,901819,90,Blood pressure monitors,BP monitors,máy đo huyết áp,40.0,0,0,units,400.0,0.4,China|Japan|Germany|Viet Nam,
90013000,900130,90,Contact lenses,Contact lenses,kính áp tròng,300.0,5,0,units,50.0,0.01,Korea|Japan|Singapore|United States,
90158090,901580,90,Surveying instruments,Survey instr.,thiết bị khảo sát,90.0,5,0,units,200.0,6.0,Japan|Germany|China|United States,
94036090,940360,94,Wooden furniture,Wood furniture,nội thất gỗ,3.5,25,0,units,8000.0,30.0,Viet Nam|China|Malaysia|Indonesia|Thailand,94069090
94013000,940130,94,Swivel office chairs,Office chairs,ghế văn phòng,5.0,20,0,units,4000.0,14.0,China|Viet Nam|Malaysia,
94042100,940421,94,Mattresses of cellular plastics,Mattresses,nệm,3.0,20,0,units,6000.0,18.0,China|Viet Nam|Thailand|Malaysia,
94051190,940511,94,Ceiling lamps,Ceiling lamps,đèn trần,10.0,20,0,units,3000.0,2.5,China|Viet Nam|Germany,85395290
94017100,940171,94,Upholstered seats with metal frames,Metal seats,ghế khung kim loại,4.5,20,0,units,5000.0,16.0,China|Viet Nam|Malaysia,
94034000,940340,94,Kitchen furniture,Kitchen furn.,nội thất bếp,4.0,25,0,units,6000.0,40.0,China|Viet Nam|Malaysia|Germany,94069090
94037090,940370,94,Plastic furniture,Plastic furn.,đồ nhựa,3.5,20,0,units,4000.0,4.0,China|Viet Nam|Thailand,
94069090,940690,94,Prefabricated buildings,Prefab bldg,nhà lắp ghép,2.0,10,0,units,20000.0,3000.0,China|Korea|Malaysia,
94016100,940161,94,Upholstered seats with wooden frames,Sofas,sofa,5.0,25,0,units,5000.0,45.0,China|Viet Nam|Malaysia|Indonesia,
94049090,940490,94,Bedding articles,Bedding,chăn ga,6.0,20,0,units,3000.0,1.5,China|Viet Nam|India|Thailand,
