transit_id,decl_id,operator_ref,entry_office,exit_office,opened_at,closed_at,route_norm_hours,deadline_hours,guarantee_lcu
TR1011647,DCL1011647,TRD0376,OFF1,OFF4,2025-01-23 18:00,2025-01-25 08:03,30,60,475417.0
TR1011648,DCL1011648,TRD0038,OFF3,OFF1,2026-01-14 12:00,,36,72,816520.0
TR1011649,DCL1011649,TRD0376,OFF1,OFF2,2025-04-28 17:00,2025-04-29 23:07,36,72,912164.0
TR1011650,DCL1011650,TRD0376,OFF2,OFF4,2024-10-09 13:00,2024-10-10 12:51,36,72,1048492.0
TR1011651,DCL1011651,TRD0109,OFF1,OFF4,2026-04-26 15:00,2026-04-27 21:33,30,60,616745.0
TR1011652,DCL1011652,TRD0140,OFF1,OFF2,2025-02-14 10:00,2025-02-15 17:17,36,72,1170432.0
TR1011653,DCL1011653,TRD0376,OFF2,OFF1,2025-05-01 11:00,2025-05-02 15:01,36,72,856747.0
TR1011654,DCL1011654,TRD0376,OFF2,OFF4,2025-12-02 14:00,2025-12-03 13:52,36,72,1081300.0
TR1011655,DCL1011655,TRD0376,OFF2,OFF4,2026-04-11 18:00,2026-04-12 17:04,36,72,2556120.0
TR1011656,DCL1011656,TRD0376,OFF1,OFF5,2025-06-23 11:00,2025-06-24 18:48,42,84,1241249.0
TR1011657,DCL1011657,TRD0376,OFF2,OFF5,2026-09-25 09:00,2026-09-26 06:03,30,60,685628.0
TR1011658,DCL1011658,TRD0140,OFF1,OFF2,2026-02-22 11:00,2026-02-23 16:25,36,72,239339.0
TR1011659,DCL1011659,TRD0376,OFF6,OFF5,2024-12-30 14:00,2025-01-01 03:05,36,72,828821.0
TR1011660,DCL1011660,TRD0038,OFF1,OFF4,2025-07-31 08:00,,30,60,1209956.0
TR1011661,DCL1011661,TRD0376,OFF1,OFF4,2025-07-29 15:00,2025-07-30 15:21,30,60,1094185.0
TR1011662,DCL1011662,TRD0376,OFF2,OFF4,2025-10-22 17:00,2025-10-24 07:33,36,72,586560.0
TR1011663,DCL1011663,TRD0376,OFF2,OFF1,2025-02-10 19:00,2025-02-12 14:46,36,72,2517784.0
TR1011664,DCL1011664,TRD0376,OFF2,OFF5,2026-02-03 11:00,2026-02-04 14:06,30,60,560179.0
TR1011665,DCL1011665,TRD0038,OFF3,OFF5,2026-01-05 14:00,,36,72,2230158.0
TR1011666,DCL1011666,TRD0038,OFF1,OFF4,2025-03-17 06:00,2025-03-20 01:28,30,60,1891346.0
TR1011667,DCL1011667,TRD0376,OFF1,OFF2,2025-11-30 11:00,2025-12-01 19:12,36,72,1545260.0
TR1011668,DCL1011668,TRD0356,OFF1,OFF2,2026-04-06 15:00,2026-04-07 20:33,36,72,1025819.0
TR1011669,DCL1011669,TRD0376,OFF1,OFF4,2026-05-01 09:00,2026-05-02 18:20,30,60,680179.0
TR1011670,DCL1011670,TRD0376,OFF1,OFF2,2026-09-06 06:00,2026-09-07 19:08,36,72,2344062.0
TR1011671,DCL1011671,TRD0109,OFF1,OFF2,2025-03-12 17:00,2025-03-14 11:32,36,72,568441.0
TR1011672,DCL1011672,TRD0038,OFF1,OFF2,2025-04-06 08:00,,36,72,2107844.0
TR1011673,DCL1011673,TRD0376,OFF2,OFF1,2024-10-08 19:00,2024-10-10 03:15,36,72,1619426.0
TR1011674,DCL1011674,TRD0376,OFF1,OFF2,2024-12-05 14:00,2024-12-06 23:27,36,72,407539.0
TR1011675,DCL1011675,TRD0038,OFF1,OFF4,2025-01-31 18:00,2025-02-04 03:02,30,60,2434952.0
TR1011676,DCL1011676,TRD0376,OFF3,OFF2,2024-10-16 17:00,2024-10-17 19:48,36,72,2619347.0
TR1011677,DCL1011677,TRD0482,OFF6,OFF5,2025-11-10 16:00,2025-11-11 16:52,36,72,1319716.0
TR1011678,DCL1011678,TRD0376,OFF1,OFF4,2025-07-27 06:00,2025-07-28 06:26,30,60,802070.0
TR1011679,DCL1011679,TRD0038,OFF1,OFF5,2025-04-21 10:00,,42,84,1778597.0
TR1011680,DCL1011680,TRD0376,OFF1,OFF2,2026-06-08 19:00,2026-06-10 06:58,36,72,1131101.0
TR1011681,DCL1011681,TRD0266,OFF2,OFF4,2025-10-21 11:00,2025-10-22 11:18,36,72,5188112.0
TR1011682,DCL1011682,TRD0280,OFF6,OFF5,2025-09-18 18:00,2025-09-20 00:42,36,72,792501.0
TR1011683,DCL1011683,TRD0376,OFF3,OFF2,2025-11-03 19:00,2025-11-04 19:36,36,72,1062470.0
TR1011684,DCL1011684,TRD0038,OFF1,OFF2,2025-02-09 10:00,2025-02-13 02:38,36,72,1341339.0
TR1011685,DCL1011685,TRD0376,OFF1,OFF5,2024-10-09 12:00,2024-10-11 13:49,42,84,1194793.0
TR1011686,DCL1011686,TRD0376,OFF2,OFF4,2025-04-29 11:00,2025-04-30 16:41,36,72,391283.0
TR1011687,DCL1011687,TRD0376,OFF3,OFF4,2026-09-08 06:00,2026-09-09 16:48,36,72,2623979.0
TR1011688,DCL1011688,TRD0376,OFF1,OFF5,2026-05-12 13:00,2026-05-14 12:04,42,84,1660167.0
TR1011689,DCL1011689,TRD0376,OFF1,OFF4,2026-04-23 12:00,2026-04-24 19:43,30,60,1905720.0
TR1011690,DCL1011690,TRD0376,OFF2,OFF1,2026-07-20 14:00,2026-07-22 02:59,36,72,1122455.0
TR1011691,DCL1011691,TRD0376,OFF1,OFF2,2025-07-08 17:00,2025-07-10 10:40,36,72,863216.0
TR1011692,DCL1011692,TRD0376,OFF2,OFF5,2026-01-07 13:00,2026-01-08 19:15,30,60,468313.0
TR1011693,DCL1011693,TRD0280,OFF2,OFF1,2026-06-06 17:00,2026-06-08 02:39,36,72,4537089.0
TR1011694,DCL1011694,TRD0280,OFF3,OFF1,2026-08-14 11:00,2026-08-15 21:10,36,72,875898.0
TR1011695,DCL1011695,TRD0482,OFF1,OFF4,2025-03-06 09:00,2025-03-07 08:08,30,60,2507802.0
TR1011696,DCL1011696,TRD0376,OFF1,OFF4,2025-08-03 09:00,2025-08-04 11:04,30,60,783319.0
TR1011697,DCL1011697,TRD0376,OFF1,OFF4,2025-07-29 11:00,2025-07-31 01:10,30,60,1037112.0
TR1011698,DCL1011698,TRD0376,OFF3,OFF1,2025-01-22 16:00,2025-01-24 03:02,36,72,1580654.0
TR1011699,DCL1011699,TRD0376,OFF1,OFF5,2024-11-11 09:00,2024-11-12 21:39,42,84,654927.0
TR1011700,DCL1011700,TRD0376,OFF3,OFF2,2025-10-31 12:00,2025-11-01 19:15,36,72,1102140.0
TR1011701,DCL1011701,TRD0376,OFF1,OFF2,2024-10-21 11:00,2024-10-22 14:13,36,72,519562.0
TR1011702,DCL1011702,TRD0038,OFF1,OFF5,2026-09-03 10:00,,42,84,5193548.0
TR1011703,DCL1011703,TRD0109,OFF2,OFF5,2025-07-07 17:00,2025-07-09 05:26,30,60,530609.0
TR1011704,DCL1011704,TRD0376,OFF2,OFF4,2026-04-10 19:00,2026-04-11 19:01,36,72,2613960.0
TR1011705,DCL1011705,TRD0109,OFF2,OFF5,2026-03-02 12:00,2026-03-04 02:34,30,60,818403.0
TR1011706,DCL1011706,TRD0038,OFF3,OFF4,2025-02-12 11:00,,36,72,773528.0
TR1011707,DCL1011707,TRD0376,OFF3,OFF2,2026-02-15 07:00,2026-02-16 20:58,36,72,800753.0
TR1011708,DCL1011708,TRD0180,OFF2,OFF5,2024-12-01 11:00,2024-12-02 20:02,30,60,748931.0
TR1011709,DCL1011709,TRD0280,OFF2,OFF4,2025-10-11 11:00,2025-10-12 18:59,36,72,4094554.0
TR1011710,DCL1011710,TRD0376,OFF6,OFF2,2024-12-25 16:00,2024-12-27 03:08,36,72,3652753.0
TR1011711,DCL1011711,TRD0376,OFF1,OFF5,2025-07-29 15:00,2025-07-31 04:22,42,84,1486289.0
TR1011712,DCL1011712,TRD0376,OFF6,OFF2,2025-05-18 08:00,2025-05-19 06:44,36,72,1486693.0
TR1011713,DCL1011713,TRD0376,OFF2,OFF1,2026-04-16 17:00,2026-04-17 19:47,36,72,539572.0
TR1011714,DCL1011714,TRD0376,OFF1,OFF4,2026-01-01 17:00,2026-01-02 15:14,30,60,897093.0
TR1011715,DCL1011715,TRD0376,OFF1,OFF4,2025-10-29 12:00,2025-10-30 18:38,30,60,967717.0
TR1011716,DCL1011716,TRD0180,OFF1,OFF2,2026-08-21 06:00,2026-08-23 03:44,36,72,299345.0
TR1011717,DCL1011717,TRD0376,OFF6,OFF1,2026-08-02 06:00,2026-08-03 05:06,36,72,266819.0
TR1011718,DCL1011718,TRD0376,OFF6,OFF2,2026-01-28 12:00,2026-01-29 20:11,36,72,169903.0
TR1011719,DCL1011719,TRD0180,OFF1,OFF4,2025-10-13 07:00,2025-10-14 04:15,30,60,533177.0
TR1011720,DCL1011720,TRD0376,OFF2,OFF4,2025-04-02 08:00,2025-04-03 16:16,36,72,910990.0
TR1011721,DCL1011721,TRD0482,OFF1,OFF4,2026-07-20 13:00,2026-07-21 14:41,30,60,4381825.0
TR1011722,DCL1011722,TRD0376,OFF6,OFF5,2026-02-26 12:00,2026-02-28 06:23,36,72,2745258.0
TR1011723,DCL1011723,TRD0376,OFF2,OFF4,2025-08-31 17:00,2025-09-02 04:23,36,72,1130171.0
TR1011724,DCL1011724,TRD0376,OFF2,OFF1,2024-12-30 18:00,2024-12-31 16:32,36,72,617364.0
TR1011725,DCL1011725,TRD0376,OFF1,OFF5,2025-03-30 12:00,2025-04-01 06:36,42,84,279193.0
TR1011726,DCL1011726,TRD0482,OFF6,OFF1,2026-01-17 15:00,2026-01-19 02:13,36,72,2216610.0
TR1011727,DCL1011727,TRD0376,OFF3,OFF5,2026-03-24 09:00,2026-03-26 05:07,36,72,802292.0
TR1011728,DCL1011728,TRD0376,OFF3,OFF2,2025-06-29 08:00,2025-06-30 10:59,36,72,373103.0
TR1011729,DCL1011729,TRD0280,OFF2,OFF1,2025-08-15 19:00,2025-08-16 20:45,36,72,1639359.0
TR1011730,DCL1011730,TRD0376,OFF1,OFF5,2025-11-26 12:00,2025-11-27 19:20,42,84,1589604.0
TR1011731,DCL1011731,TRD0376,OFF6,OFF5,2026-03-07 15:00,2026-03-08 13:31,36,72,357913.0
TR1011732,DCL1011732,TRD0266,OFF1,OFF2,2025-06-12 18:00,2025-06-14 03:28,36,72,2371923.0
TR1011733,DCL1011733,TRD0038,OFF1,OFF4,2026-05-31 10:00,,30,60,1083463.0
TR1011734,DCL1011734,TRD0038,OFF3,OFF5,2024-10-08 18:00,,36,72,3040313.0
TR1011735,DCL1011735,TRD0376,OFF6,OFF2,2026-09-28 18:00,2026-09-29 21:47,36,72,1641526.0
TR1011736,DCL1011736,TRD0038,OFF2,OFF1,2025-12-23 09:00,2025-12-27 01:31,36,72,2436719.0
TR1011737,DCL1011737,TRD0266,OFF6,OFF2,2025-03-27 08:00,2025-03-28 21:20,36,72,3460565.0
TR1011738,DCL1011738,TRD0376,OFF1,OFF4,2025-04-01 15:00,2025-04-02 10:09,30,60,632976.0
TR1011739,DCL1011739,TRD0140,OFF1,OFF5,2025-12-09 06:00,2025-12-10 08:25,42,84,329461.0
TR1011740,DCL1011740,TRD0376,OFF1,OFF4,2025-06-26 17:00,2025-06-27 21:42,30,60,479378.0
TR1011741,DCL1011741,TRD0376,OFF3,OFF2,2024-10-09 11:00,2024-10-11 03:50,36,72,873920.0
TR1011742,DCL1011742,TRD0376,OFF6,OFF4,2026-04-02 06:00,2026-04-03 08:26,36,72,1016137.0
TR1011743,DCL1011743,TRD0376,OFF3,OFF1,2024-12-17 19:00,2024-12-18 23:57,36,72,947829.0
TR1011744,DCL1011744,TRD0356,OFF1,OFF4,2025-06-05 13:00,2025-06-06 18:55,30,60,669938.0
TR1011745,DCL1011745,TRD0109,OFF3,OFF1,2025-02-14 06:00,2025-02-16 04:42,36,72,874840.0
TR1011746,DCL1011746,TRD0376,OFF1,OFF5,2025-06-10 17:00,2025-06-12 01:50,42,84,419921.0
TR1011747,DCL1011747,TRD0109,OFF1,OFF4,2025-08-22 14:00,2025-08-23 16:59,30,60,112536.0
TR1011748,DCL1011748,TRD0376,OFF1,OFF2,2026-02-11 08:00,2026-02-12 12:49,36,72,1648642.0
TR1011749,DCL1011749,TRD0280,OFF3,OFF4,2025-04-24 10:00,2025-04-26 06:51,36,72,458494.0
TR1011750,DCL1011750,TRD0109,OFF6,OFF4,2025-04-29 11:00,2025-05-01 08:20,36,72,509583.0
TR1011751,DCL1011751,TRD0376,OFF1,OFF4,2026-08-11 19:00,2026-08-12 22:10,30,60,762203.0
TR1011752,DCL1011752,TRD0038,OFF2,OFF1,2024-12-19 15:00,,36,72,1852529.0
TR1011753,DCL1011753,TRD0180,OFF1,OFF2,2025-10-15 18:00,2025-10-17 01:35,36,72,305355.0
TR1011754,DCL1011754,TRD0376,OFF3,OFF4,2026-01-22 12:00,2026-01-24 01:14,36,72,645533.0
TR1011755,DCL1011755,TRD0038,OFF2,OFF4,2025-09-09 10:00,,36,72,705068.0
TR1011756,DCL1011756,TRD0376,OFF1,OFF4,2025-11-02 18:00,2025-11-03 19:50,30,60,420199.0
TR1011757,DCL1011757,TRD0376,OFF6,OFF2,2025-03-09 07:00,2025-03-10 14:28,36,72,1286462.0
TR1011758,DCL1011758,TRD0376,OFF1,OFF4,2025-09-26 11:00,2025-09-27 12:28,30,60,700487.0
TR1011759,DCL1011759,TRD0376,OFF1,OFF2,2026-06-10 17:00,2026-06-12 09:41,36,72,713548.0
TR1011760,DCL1011760,TRD0038,OFF2,OFF1,2024-10-28 18:00,2024-10-31 22:10,36,72,1757440.0
TR1011761,DCL1011761,TRD0376,OFF1,OFF5,2026-07-18 10:00,2026-07-19 19:28,42,84,971957.0
TR1011762,DCL1011762,TRD0376,OFF1,OFF4,2026-07-18 12:00,2026-07-19 06:02,30,60,397737.0
TR1011763,DCL1011763,TRD0376,OFF6,OFF2,2024-10-21 06:00,2024-10-23 00:53,36,72,1267405.0
TR1011764,DCL1011764,TRD0109,OFF1,OFF2,2024-10-21 17:00,2024-10-23 14:45,36,72,1044738.0
TR1011765,DCL1011765,TRD0376,OFF1,OFF5,2026-05-02 11:00,2026-05-04 00:56,42,84,864426.0
TR1011766,DCL1011766,TRD0140,OFF1,OFF2,2026-07-08 13:00,2026-07-09 22:59,36,72,213940.0
TR1011767,DCL1011767,TRD0180,OFF1,OFF5,2025-08-01 16:00,2025-08-03 18:05,42,84,3468110.0
TR1011768,DCL1011768,TRD0376,OFF3,OFF4,2026-02-19 19:00,2026-02-20 21:55,36,72,1329840.0
TR1011769,DCL1011769,TRD0376,OFF3,OFF4,2026-03-02 06:00,2026-03-03 18:27,36,72,1354129.0
TR1011770,DCL1011770,TRD0376,OFF2,OFF1,2026-07-18 10:00,2026-07-19 14:08,36,72,565151.0
TR1011771,DCL1011771,TRD0376,OFF1,OFF5,2025-02-12 14:00,2025-02-14 12:57,42,84,691658.0
TR1011772,DCL1011772,TRD0376,OFF1,OFF2,2025-11-11 11:00,2025-11-13 05:51,36,72,1281144.0
TR1011773,DCL1011773,TRD0376,OFF6,OFF5,2026-04-24 13:00,2026-04-25 23:23,36,72,404066.0
TR1011774,DCL1011774,TRD0376,OFF1,OFF4,2025-10-02 18:00,2025-10-04 04:35,30,60,911948.0
TR1011775,DCL1011775,TRD0038,OFF1,OFF4,2026-07-17 14:00,2026-07-20 05:52,30,60,2470554.0
TR1011776,DCL1011776,TRD0376,OFF3,OFF1,2024-10-11 11:00,2024-10-12 11:13,36,72,369900.0
TR1011777,DCL1011777,TRD0376,OFF2,OFF1,2026-08-15 18:00,2026-08-17 04:00,36,72,1396162.0
TR1011778,DCL1011778,TRD0376,OFF1,OFF2,2025-06-19 10:00,2025-06-21 07:43,36,72,437852.0
TR1011779,DCL1011779,TRD0376,OFF1,OFF2,2025-02-03 17:00,2025-02-04 19:53,36,72,2882609.0
TR1011780,DCL1011780,TRD0376,OFF1,OFF4,2026-09-13 09:00,2026-09-14 10:29,30,60,680785.0
TR1011781,DCL1011781,TRD0376,OFF1,OFF4,2024-10-22 11:00,2024-10-24 00:07,30,60,1258144.0
TR1011782,DCL1011782,TRD0376,OFF6,OFF5,2026-05-06 19:00,2026-05-07 21:37,36,72,2896876.0
TR1011783,DCL1011783,TRD0545,OFF1,OFF2,2025-03-04 09:00,2025-03-05 10:25,36,72,604830.0
TR1011784,DCL1011784,TRD0038,OFF2,OFF1,2025-01-11 06:00,,36,72,744299.0
TR1011785,DCL1011785,TRD0280,OFF1,OFF5,2025-05-19 14:00,2025-05-21 03:04,42,84,969151.0
TR1011786,DCL1011786,TRD0376,OFF1,OFF2,2025-08-21 12:00,2025-08-22 14:28,36,72,256253.0
TR1011787,DCL1011787,TRD0376,OFF1,OFF5,2026-03-21 10:00,2026-03-22 13:29,42,84,486393.0
TR1011788,DCL1011788,TRD0038,OFF6,OFF1,2026-09-22 06:00,,36,72,1327738.0
TR1011789,DCL1011789,TRD0482,OFF2,OFF4,2025-10-15 08:00,2025-10-17 01:35,36,72,1562904.0
TR1011790,DCL1011790,TRD0376,OFF2,OFF1,2026-09-24 09:00,2026-09-25 10:56,36,72,1908444.0
TR1011791,DCL1011791,TRD0180,OFF1,OFF4,2025-05-11 19:00,2025-05-12 23:43,30,60,523950.0
TR1011792,DCL1011792,TRD0180,OFF3,OFF4,2025-12-19 15:00,2025-12-21 03:51,36,72,1946867.0
TR1011793,DCL1011793,TRD0376,OFF2,OFF1,2025-08-25 13:00,2025-08-26 14:19,36,72,513920.0
TR1011794,DCL1011794,TRD0376,OFF1,OFF4,2025-02-16 08:00,2025-02-17 15:11,30,60,4353247.0
TR1011795,DCL1011795,TRD0266,OFF1,OFF4,2025-03-09 08:00,2025-03-10 02:05,30,60,7066615.0
TR1011796,DCL1011796,TRD0376,OFF2,OFF1,2025-09-19 07:00,2025-09-20 09:14,36,72,1538328.0
TR1011797,DCL1011797,TRD0376,OFF3,OFF4,2026-08-21 08:00,2026-08-23 02:32,36,72,1818221.0
TR1011798,DCL1011798,TRD0180,OFF3,OFF5,2025-07-11 19:00,2025-07-13 13:04,36,72,3102985.0
TR1011799,DCL1011799,TRD0376,OFF3,OFF1,2025-09-13 18:00,2025-09-14 16:31,36,72,2012182.0
TR1011800,DCL1011800,TRD0180,OFF1,OFF4,2025-07-20 06:00,2025-07-21 09:22,30,60,1059296.0
TR1011801,DCL1011801,TRD0376,OFF6,OFF1,2025-12-27 10:00,2025-12-28 19:18,36,72,671910.0
TR1011802,DCL1011802,TRD0109,OFF1,OFF2,2025-06-05 07:00,2025-06-06 10:38,36,72,1370012.0
TR1011803,DCL1011803,TRD0038,OFF1,OFF4,2026-05-24 06:00,2026-05-27 17:39,30,60,741257.0
TR1011804,DCL1011804,TRD0376,OFF1,OFF4,2024-12-03 19:00,2024-12-04 21:24,30,60,960636.0
TR1011805,DCL1011805,TRD0038,OFF1,OFF5,2025-02-16 09:00,,42,84,1811909.0
TR1011806,DCL1011806,TRD0280,OFF1,OFF4,2025-01-26 16:00,2025-01-28 05:56,30,60,1505750.0
TR1011807,DCL1011807,TRD0038,OFF3,OFF1,2026-02-06 18:00,,36,72,558093.0
TR1011808,DCL1011808,TRD0280,OFF1,OFF4,2025-11-08 15:00,2025-11-10 02:08,30,60,1668912.0
TR1011809,DCL1011809,TRD0376,OFF1,OFF4,2026-08-15 15:00,2026-08-16 19:22,30,60,673448.0
TR1011810,DCL1011810,TRD0038,OFF2,OFF5,2025-12-09 06:00,,30,60,1837926.0
TR1011811,DCL1011811,TRD0180,OFF1,OFF2,2024-12-25 15:00,2024-12-27 10:56,36,72,2332376.0
TR1011812,DCL1011812,TRD0109,OFF3,OFF5,2025-11-08 16:00,2025-11-10 01:03,36,72,620924.0
TR1011813,DCL1011813,TRD0482,OFF2,OFF5,2025-03-13 16:00,2025-03-14 19:55,30,60,2398651.0
TR1011814,DCL1011814,TRD0376,OFF3,OFF4,2026-02-04 12:00,2026-02-05 23:20,36,72,1073073.0
TR1011815,DCL1011815,TRD0376,OFF1,OFF4,2025-02-20 14:00,2025-02-21 11:06,30,60,1129348.0
TR1011816,DCL1011816,TRD0376,OFF2,OFF5,2025-07-15 06:00,2025-07-16 00:00,30,60,489498.0
TR1011817,DCL1011817,TRD0376,OFF6,OFF5,2025-01-02 16:00,2025-01-04 02:52,36,72,336419.0
TR1011818,DCL1011818,TRD0266,OFF6,OFF4,2025-05-24 10:00,2025-05-25 21:32,36,72,3905952.0
TR1011819,DCL1011819,TRD0376,OFF6,OFF5,2026-01-09 17:00,2026-01-11 06:19,36,72,422996.0
TR1011820,DCL1011820,TRD0038,OFF1,OFF2,2024-10-03 17:00,,36,72,3326185.0
TR1011821,DCL1011821,TRD0376,OFF1,OFF5,2026-07-10 14:00,2026-07-12 06:25,42,84,1037061.0
TR1011822,DCL1011822,TRD0376,OFF2,OFF5,2025-04-21 10:00,2025-04-22 19:00,30,60,1741422.0
TR1011823,DCL1011823,TRD0376,OFF6,OFF5,2025-08-24 18:00,2025-08-25 18:00,36,72,1057095.0
TR1011824,DCL1011824,TRD0038,OFF1,OFF2,2024-12-27 11:00,,36,72,1744257.0
TR1011825,DCL1011825,TRD0376,OFF2,OFF5,2026-09-05 17:00,2026-09-06 20:55,30,60,765863.0
TR1011826,DCL1011826,TRD0109,OFF1,OFF4,2024-11-08 19:00,2024-11-09 13:25,30,60,1700251.0
TR1011827,DCL1011827,TRD0376,OFF2,OFF4,2025-11-18 17:00,2025-11-20 01:18,36,72,2362914.0
TR1011828,DCL1011828,TRD0376,OFF3,OFF5,2025-04-21 17:00,2025-04-23 04:11,36,72,463478.0
TR1011829,DCL1011829,TRD0514,OFF1,OFF2,2025-05-15 16:00,2025-05-16 19:11,36,72,914121.0
TR1011830,DCL1011830,TRD0376,OFF1,OFF4,2025-06-02 11:00,2025-06-04 00:59,30,60,1253318.0
TR1011831,DCL1011831,TRD0280,OFF1,OFF5,2025-05-01 17:00,2025-05-03 01:35,42,84,1490958.0
TR1011832,DCL1011832,TRD0280,OFF2,OFF5,2025-08-29 12:00,2025-08-30 19:41,30,60,1934280.0
TR1011833,DCL1011833,TRD0482,OFF2,OFF5,2025-05-22 06:00,2025-05-23 16:39,30,60,5125215.0
TR1011834,DCL1011834,TRD0376,OFF3,OFF1,2025-05-20 09:00,2025-05-21 07:35,36,72,1343530.0
TR1011835,DCL1011835,TRD0376,OFF1,OFF4,2025-07-21 10:00,2025-07-22 12:54,30,60,635484.0
TR1011836,DCL1011836,TRD0376,OFF1,OFF4,2025-11-03 09:00,2025-11-04 21:57,30,60,1232339.0
TR1011837,DCL1011837,TRD0376,OFF1,OFF5,2025-05-11 15:00,2025-05-12 21:56,42,84,1367220.0
TR1011838,DCL1011838,TRD0376,OFF2,OFF4,2024-10-17 06:00,2024-10-18 21:50,36,72,1025081.0
TR1011839,DCL1011839,TRD0376,OFF2,OFF1,2025-05-31 18:00,2025-06-02 15:09,36,72,590949.0
TR1011840,DCL1011840,TRD0280,OFF2,OFF4,2025-05-17 07:00,2025-05-18 10:41,36,72,1240870.0
TR1011841,DCL1011841,TRD0356,OFF2,OFF1,2025-05-15 06:00,2025-05-16 09:17,36,72,800599.0
TR1011842,DCL1011842,TRD0376,OFF1,OFF5,2024-12-21 12:00,2024-12-22 22:46,42,84,774200.0
TR1011843,DCL1011843,TRD0280,OFF6,OFF2,2025-06-07 16:00,2025-06-09 10:01,36,72,1436099.0
TR1011844,DCL1011844,TRD0356,OFF3,OFF4,2025-02-06 07:00,2025-02-07 23:29,36,72,3635727.0
TR1011845,DCL1011845,TRD0376,OFF6,OFF2,2024-11-04 07:00,2024-11-05 05:16,36,72,612268.0
TR1011846,DCL1011846,TRD0376,OFF2,OFF5,2025-12-12 18:00,2025-12-13 23:20,30,60,4227366.0
TR1011847,DCL1011847,TRD0376,OFF1,OFF5,2025-10-22 10:00,2025-10-23 16:55,42,84,441450.0
TR1011848,DCL1011848,TRD0376,OFF6,OFF1,2026-09-12 13:00,2026-09-13 12:42,36,72,898916.0
TR1011849,DCL1011849,TRD0376,OFF1,OFF2,2026-07-10 07:00,2026-07-11 06:11,36,72,567605.0
TR1011850,DCL1011850,TRD0376,OFF3,OFF4,2024-11-16 11:00,2024-11-18 07:32,36,72,1982448.0
TR1011851,DCL1011851,TRD0038,OFF2,OFF1,2025-05-08 15:00,2025-05-12 02:21,36,72,1736134.0
TR1011852,DCL1011852,TRD0038,OFF2,OFF5,2025-01-30 16:00,2025-02-01 21:59,30,60,1767138.0
TR1011853,DCL1011853,TRD0266,OFF2,OFF4,2026-02-28 11:00,2026-03-01 10:51,36,72,3733052.0
TR1011854,DCL1011854,TRD0376,OFF1,OFF2,2025-04-16 19:00,2025-04-18 01:28,36,72,770419.0
TR1011855,DCL1011855,TRD0266,OFF2,OFF4,2025-12-07 09:00,2025-12-08 19:04,36,72,9950161.0
TR1011856,DCL1011856,TRD0376,OFF2,OFF1,2025-09-23 18:00,2025-09-25 09:29,36,72,1355082.0
TR1011857,DCL1011857,TRD0140,OFF1,OFF2,2025-04-13 11:00,2025-04-15 06:36,36,72,3252726.0
TR1011858,DCL1011858,TRD0280,OFF2,OFF4,2025-11-19 17:00,2025-11-21 01:20,36,72,2539364.0
TR1011859,DCL1011859,TRD0376,OFF1,OFF4,2026-06-07 15:00,2026-06-08 09:42,30,60,1097690.0
TR1011860,DCL1011860,TRD0376,OFF1,OFF2,2026-05-16 08:00,2026-05-17 13:16,36,72,706145.0
TR1011861,DCL1011861,TRD0591,OFF1,OFF4,2026-02-26 07:00,2026-02-27 02:18,30,60,404538.0
TR1011862,DCL1011862,TRD0038,OFF1,OFF2,2026-03-03 18:00,,36,72,4577582.0
TR1011863,DCL1011863,TRD0180,OFF1,OFF4,2026-02-11 11:00,2026-02-12 18:54,30,60,706288.0
TR1011864,DCL1011864,TRD0376,OFF3,OFF5,2024-10-01 18:00,2024-10-03 13:26,36,72,1438225.0
TR1011865,DCL1011865,TRD0376,OFF1,OFF5,2025-05-19 12:00,2025-05-21 11:02,42,84,1913367.0
TR1011866,DCL1011866,TRD0376,OFF6,OFF4,2026-07-29 17:00,2026-07-30 19:18,36,72,1111505.0
TR1011867,DCL1011867,TRD0376,OFF1,OFF5,2025-03-26 13:00,2025-03-28 11:47,42,84,2379664.0
TR1011868,DCL1011868,TRD0280,OFF2,OFF5,2025-04-01 18:00,2025-04-03 02:20,30,60,836150.0
TR1011869,DCL1011869,TRD0376,OFF1,OFF2,2026-02-11 10:00,2026-02-12 09:48,36,72,1154232.0
TR1011870,DCL1011870,TRD0038,OFF1,OFF5,2025-05-23 09:00,,42,84,1933008.0
TR1011871,DCL1011871,TRD0376,OFF3,OFF4,2026-09-23 14:00,2026-09-25 08:33,36,72,1078443.0
TR1011872,DCL1011872,TRD0109,OFF1,OFF4,2025-02-04 09:00,2025-02-05 22:06,30,60,255530.0
TR1011873,DCL1011873,TRD0482,OFF1,OFF5,2025-03-22 15:00,2025-03-24 09:47,42,84,3071035.0
TR1011874,DCL1011874,TRD0376,OFF6,OFF5,2025-05-18 11:00,2025-05-20 01:01,36,72,840010.0
TR1011875,DCL1011875,TRD0376,OFF1,OFF2,2026-03-13 16:00,2026-03-15 03:14,36,72,970431.0
TR1011876,DCL1011876,TRD0038,OFF6,OFF1,2025-01-22 12:00,2025-01-26 21:43,36,72,1805231.0
TR1011877,DCL1011877,TRD0356,OFF6,OFF4,2025-08-30 19:00,2025-08-31 23:16,36,72,980757.0
TR1011878,DCL1011878,TRD0038,OFF2,OFF5,2026-05-27 15:00,2026-05-29 21:49,30,60,1744178.0
TR1011879,DCL1011879,TRD0280,OFF1,OFF2,2025-09-12 09:00,2025-09-14 04:48,36,72,1265449.0
TR1011880,DCL1011880,TRD0376,OFF2,OFF5,2025-11-01 16:00,2025-11-03 06:26,30,60,1394838.0
TR1011881,DCL1011881,TRD0280,OFF2,OFF4,2025-11-06 16:00,2025-11-07 23:16,36,72,4954430.0
TR1011882,DCL1011882,TRD0280,OFF6,OFF1,2026-01-01 16:00,2026-01-02 23:01,36,72,6666782.0
TR1011883,DCL1011883,TRD0376,OFF6,OFF5,2025-01-16 06:00,2025-01-17 11:45,36,72,1104471.0
TR1011884,DCL1011884,TRD0482,OFF2,OFF1,2025-11-14 12:00,2025-11-16 04:17,36,72,1088327.0
TR1011885,DCL1011885,TRD0280,OFF1,OFF4,2024-10-24 09:00,2024-10-25 05:02,30,60,1855843.0
TR1011886,DCL1011886,TRD0376,OFF3,OFF5,2025-02-20 07:00,2025-02-21 16:24,36,72,727964.0
TR1011887,DCL1011887,TRD0280,OFF3,OFF2,2026-02-28 16:00,2026-03-02 04:15,36,72,2015836.0
TR1011888,DCL1011888,TRD0376,OFF1,OFF5,2025-08-10 06:00,2025-08-12 11:11,42,84,6746134.0
TR1011889,DCL1011889,TRD0376,OFF1,OFF5,2026-09-01 09:00,2026-09-03 02:38,42,84,1175316.0
TR1011890,DCL1011890,TRD0038,OFF1,OFF2,2026-01-15 07:00,,36,72,6831536.0
TR1011891,DCL1011891,TRD0280,OFF2,OFF5,2025-07-02 11:00,2025-07-03 08:06,30,60,2205845.0
TR1011892,DCL1011892,TRD0376,OFF3,OFF2,2025-12-24 13:00,2025-12-26 04:30,36,72,3656592.0
TR1011893,DCL1011893,TRD0376,OFF1,OFF2,2025-09-28 08:00,2025-09-29 15:30,36,72,3007827.0
TR1011894,DCL1011894,TRD0376,OFF1,OFF5,2025-10-16 17:00,2025-10-18 19:21,42,84,611864.0
TR1011895,DCL1011895,TRD0376,OFF3,OFF4,2025-05-08 19:00,2025-05-10 14:33,36,72,1585081.0
TR1011896,DCL1011896,TRD0376,OFF1,OFF4,2025-04-07 16:00,2025-04-08 21:21,30,60,263868.0
TR1011897,DCL1011897,TRD0140,OFF3,OFF1,2024-11-04 12:00,2024-11-05 21:07,36,72,695899.0
TR1011898,DCL1011898,TRD0180,OFF3,OFF2,2026-07-04 12:00,2026-07-05 23:04,36,72,2673462.0
TR1011899,DCL1011899,TRD0280,OFF3,OFF4,2025-02-23 07:00,2025-02-24 21:34,36,72,395471.0
TR1011900,DCL1011900,TRD0109,OFF1,OFF2,2026-01-17 13:00,2026-01-19 06:50,36,72,603934.0
TR1011901,DCL1011901,TRD0376,OFF1,OFF5,2025-04-26 10:00,2025-04-28 02:12,42,84,1521373.0
TR1011902,DCL1011902,TRD0180,OFF3,OFF2,2025-10-01 14:00,2025-10-03 10:17,36,72,2327336.0
TR1011903,DCL1011903,TRD0376,OFF2,OFF1,2025-03-30 06:00,2025-03-31 13:48,36,72,202447.0
TR1011904,DCL1011904,TRD0280,OFF2,OFF1,2026-04-11 15:00,2026-04-12 21:09,36,72,1860766.0
TR1011905,DCL1011905,TRD0376,OFF3,OFF4,2026-04-09 15:00,2026-04-11 08:49,36,72,446355.0
TR1011906,DCL1011906,TRD0376,OFF1,OFF4,2025-10-14 08:00,2025-10-15 03:02,30,60,804509.0
TR1011907,DCL1011907,TRD0266,OFF1,OFF5,2025-04-07 18:00,2025-04-09 02:12,42,84,12081983.0
TR1011908,DCL1011908,TRD0376,OFF1,OFF5,2026-06-06 16:00,2026-06-08 14:33,42,84,836763.0
TR1011909,DCL1011909,TRD0376,OFF3,OFF2,2025-08-06 08:00,2025-08-07 07:36,36,72,1097071.0
TR1011910,DCL1011910,TRD0376,OFF1,OFF2,2026-03-13 06:00,2026-03-14 08:20,36,72,585215.0
TR1011911,DCL1011911,TRD0180,OFF3,OFF2,2025-11-14 08:00,2025-11-15 12:11,36,72,3501106.0
TR1011912,DCL1011912,TRD0038,OFF2,OFF5,2025-04-01 12:00,2025-04-04 19:44,30,60,3271880.0
TR1011913,DCL1011913,TRD0376,OFF6,OFF1,2025-10-06 15:00,2025-10-08 04:10,36,72,714604.0
TR1011914,DCL1011914,TRD0376,OFF2,OFF5,2025-02-02 09:00,2025-02-03 20:28,30,60,557722.0
TR1011915,DCL1011915,TRD0180,OFF2,OFF5,2026-06-16 06:00,2026-06-17 19:14,30,60,532662.0
TR1011916,DCL1011916,TRD0545,OFF6,OFF4,2026-01-19 17:00,2026-01-21 01:27,36,72,486195.0
TR1011917,DCL1011917,TRD0376,OFF6,OFF4,2024-11-25 06:00,2024-11-26 23:42,36,72,1228660.0
TR1011918,DCL1011918,TRD0376,OFF1,OFF5,2026-05-21 18:00,2026-05-23 17:47,42,84,1174212.0
TR1011919,DCL1011919,TRD0376,OFF3,OFF4,2025-07-10 13:00,2025-07-12 10:22,36,72,672545.0
TR1011920,DCL1011920,TRD0376,OFF2,OFF1,2026-06-08 07:00,2026-06-09 06:59,36,72,1210904.0
TR1011921,DCL1011921,TRD0180,OFF6,OFF4,2026-02-01 14:00,2026-02-03 09:07,36,72,1437117.0
TR1011922,DCL1011922,TRD0280,OFF2,OFF5,2026-01-24 08:00,2026-01-25 12:09,30,60,798807.0
TR1011923,DCL1011923,TRD0376,OFF1,OFF5,2025-12-27 14:00,2025-12-28 22:35,42,84,540390.0
TR1011924,DCL1011924,TRD0280,OFF1,OFF4,2025-04-19 07:00,2025-04-20 06:59,30,60,845855.0
TR1011925,DCL1011925,TRD0376,OFF2,OFF1,2026-01-20 14:00,2026-01-22 04:41,36,72,937688.0
TR1011926,DCL1011926,TRD0280,OFF2,OFF1,2026-07-30 16:00,2026-08-01 03:12,36,72,920934.0
TR1011927,DCL1011927,TRD0109,OFF2,OFF5,2024-10-16 18:00,2024-10-17 22:22,30,60,1183269.0
TR1011928,DCL1011928,TRD0376,OFF3,OFF4,2025-04-15 09:00,2025-04-16 08:40,36,72,499357.0
TR1011929,DCL1011929,TRD0376,OFF2,OFF5,2026-03-21 14:00,2026-03-22 16:29,30,60,380211.0
TR1011930,DCL1011930,TRD0038,OFF2,OFF1,2025-12-31 10:00,2026-01-04 14:40,36,72,1293386.0
TR1011931,DCL1011931,TRD0376,OFF3,OFF5,2026-08-31 14:00,2026-09-01 19:24,36,72,1017339.0
TR1011932,DCL1011932,TRD0376,OFF1,OFF2,2026-05-16 07:00,2026-05-17 20:11,36,72,267397.0
TR1011933,DCL1011933,TRD0038,OFF1,OFF5,2025-12-22 19:00,2025-12-25 14:28,42,84,1339907.0
TR1011934,DCL1011934,TRD0376,OFF2,OFF5,2024-12-27 10:00,2024-12-28 10:06,30,60,1285563.0
TR1011935,DCL1011935,TRD0356,OFF1,OFF4,2025-02-24 16:00,2025-02-25 14:50,30,60,765028.0
TR1011936,DCL1011936,TRD0376,OFF2,OFF1,2025-08-14 09:00,2025-08-15 09:29,36,72,677089.0
TR1011937,DCL1011937,TRD0180,OFF3,OFF1,2025-08-04 09:00,2025-08-05 10:31,36,72,3428206.0
TR1011938,DCL1011938,TRD0376,OFF1,OFF5,2025-07-26 07:00,2025-07-28 06:47,42,84,1634052.0
TR1011939,DCL1011939,TRD0482,OFF1,OFF5,2026-02-17 14:00,2026-02-18 16:15,42,84,1236934.0
TR1011940,DCL1011940,TRD0280,OFF6,OFF4,2025-07-13 17:00,2025-07-15 09:17,36,72,930672.0
TR1011941,DCL1011941,TRD0280,OFF1,OFF4,2025-08-19 06:00,2025-08-20 09:42,30,60,2900039.0
TR1011942,DCL1011942,TRD0140,OFF6,OFF2,2026-02-12 17:00,2026-02-13 19:19,36,72,340422.0
TR1011943,DCL1011943,TRD0376,OFF1,OFF5,2026-06-04 19:00,2026-06-06 12:37,42,84,2188385.0
TR1011944,DCL1011944,TRD0376,OFF1,OFF2,2026-07-14 11:00,2026-07-15 23:34,36,72,2465909.0
TR1011945,DCL1011945,TRD0376,OFF1,OFF5,2026-08-07 10:00,2026-08-08 22:05,42,84,788432.0
TR1011946,DCL1011946,TRD0376,OFF1,OFF2,2026-06-09 07:00,2026-06-10 07:00,36,72,263290.0
TR1011947,DCL1011947,TRD0140,OFF3,OFF4,2026-06-17 15:00,2026-06-18 19:45,36,72,337981.0
TR1011948,DCL1011948,TRD0376,OFF2,OFF4,2025-11-01 18:00,2025-11-03 08:11,36,72,761079.0
TR1011949,DCL1011949,TRD0109,OFF3,OFF5,2025-02-18 16:00,2025-02-19 23:37,36,72,485958.0
TR1011950,DCL1011950,TRD0180,OFF1,OFF5,2025-06-25 10:00,2025-06-27 13:19,42,84,863394.0
TR1011951,DCL1011951,TRD0109,OFF3,OFF2,2026-07-31 06:00,2026-08-02 01:27,36,72,2589968.0
TR1011952,DCL1011952,TRD0376,OFF1,OFF5,2025-02-12 07:00,2025-02-13 20:08,42,84,832234.0
TR1011953,DCL1011953,TRD0376,OFF1,OFF5,2026-03-11 06:00,2026-03-13 07:01,42,84,784391.0
TR1011954,DCL1011954,TRD0180,OFF1,OFF4,2025-07-23 19:00,2025-07-24 21:07,30,60,1092620.0
TR1011955,DCL1011955,TRD0180,OFF1,OFF4,2024-11-08 06:00,2024-11-09 00:04,30,60,794754.0
TR1011956,DCL1011956,TRD0280,OFF2,OFF1,2026-05-07 19:00,2026-05-09 02:52,36,72,1326357.0
TR1011957,DCL1011957,TRD0376,OFF1,OFF2,2025-10-20 16:00,2025-10-22 11:52,36,72,2295010.0
TR1011958,DCL1011958,TRD0376,OFF1,OFF2,2025-06-29 17:00,2025-06-30 17:19,36,72,918171.0
TR1011959,DCL1011959,TRD0140,OFF6,OFF1,2025-02-26 07:00,2025-02-27 16:50,36,72,352716.0
TR1011960,DCL1011960,TRD0376,OFF2,OFF5,2026-05-25 07:00,2026-05-26 12:59,30,60,1021517.0
TR1011961,DCL1011961,TRD0109,OFF1,OFF4,2026-08-12 10:00,2026-08-13 19:33,30,60,526108.0
TR1011962,DCL1011962,TRD0376,OFF1,OFF4,2025-02-05 12:00,2025-02-06 21:28,30,60,518115.0
TR1011963,DCL1011963,TRD0280,OFF1,OFF2,2025-06-01 18:00,2025-06-03 02:00,36,72,1759353.0
TR1011964,DCL1011964,TRD0376,OFF1,OFF2,2025-04-03 07:00,2025-04-04 08:19,36,72,1003327.0
TR1011965,DCL1011965,TRD0376,OFF2,OFF1,2025-01-03 10:00,2025-01-04 11:13,36,72,730663.0
TR1011966,DCL1011966,TRD0376,OFF1,OFF2,2026-08-29 07:00,2026-08-30 18:54,36,72,308601.0
TR1011967,DCL1011967,TRD0038,OFF1,OFF2,2026-02-13 18:00,2026-02-16 19:43,36,72,1590794.0
TR1011968,DCL1011968,TRD0280,OFF1,OFF5,2025-06-28 10:00,2025-06-29 19:11,42,84,2068252.0
TR1011969,DCL1011969,TRD0482,OFF3,OFF4,2026-02-05 12:00,2026-02-07 08:19,36,72,1358362.0
TR1011970,DCL1011970,TRD0376,OFF1,OFF5,2025-06-30 18:00,2025-07-02 13:37,42,84,1376583.0
TR1011971,DCL1011971,TRD0376,OFF2,OFF4,2026-06-26 06:00,2026-06-27 05:05,36,72,1622439.0
TR1011972,DCL1011972,TRD0280,OFF3,OFF2,2026-05-23 06:00,2026-05-24 20:08,36,72,1052314.0
TR1011973,DCL1011973,TRD0376,OFF1,OFF4,2025-03-08 16:00,2025-03-09 10:02,30,60,563699.0
TR1011974,DCL1011974,TRD0038,OFF1,OFF5,2025-07-03 13:00,2025-07-07 11:27,42,84,964230.0
TR1011975,DCL1011975,TRD0376,OFF1,OFF2,2025-09-28 13:00,2025-09-29 12:57,36,72,824115.0
TR1011976,DCL1011976,TRD0376,OFF1,OFF4,2024-10-21 12:00,2024-10-22 17:54,30,60,524166.0
TR1011977,DCL1011977,TRD0180,OFF3,OFF1,2025-12-04 18:00,2025-12-05 19:18,36,72,946557.0
TR1011978,DCL1011978,TRD0140,OFF1,OFF4,2025-08-16 18:00,2025-08-17 20:50,30,60,393570.0
TR1011979,DCL1011979,TRD0280,OFF6,OFF2,2025-12-13 09:00,2025-12-14 20:42,36,72,1115027.0
TR1011980,DCL1011980,TRD0038,OFF2,OFF5,2025-03-05 08:00,2025-03-08 18:21,30,60,965566.0
TR1011981,DCL1011981,TRD0482,OFF6,OFF2,2024-12-10 12:00,2024-12-11 14:44,36,72,742607.0
TR1011982,DCL1011982,TRD0376,OFF3,OFF1,2025-12-09 16:00,2025-12-10 13:41,36,72,636218.0
TR1011983,DCL1011983,TRD0109,OFF1,OFF4,2025-12-09 06:00,2025-12-10 12:43,30,60,366563.0
TR1011984,DCL1011984,TRD0376,OFF1,OFF2,2025-05-17 07:00,2025-05-18 16:41,36,72,834343.0
TR1011985,DCL1011985,TRD0376,OFF1,OFF2,2025-04-26 12:00,2025-04-27 19:52,36,72,555196.0
TR1011986,DCL1011986,TRD0376,OFF1,OFF5,2024-11-22 17:00,2024-11-24 14:58,42,84,1870671.0
TR1011987,DCL1011987,TRD0376,OFF2,OFF5,2024-11-20 19:00,2024-11-22 08:27,30,60,579723.0
TR1011988,DCL1011988,TRD0482,OFF1,OFF5,2025-02-11 18:00,2025-02-13 23:24,42,84,1141110.0
TR1011989,DCL1011989,TRD0109,OFF1,OFF5,2025-03-21 10:00,2025-03-22 14:29,42,84,783827.0
TR1011990,DCL1011990,TRD0376,OFF1,OFF5,2025-09-15 16:00,2025-09-16 17:15,42,84,677492.0
TR1011991,DCL1011991,TRD0109,OFF6,OFF4,2025-10-02 11:00,2025-10-03 09:06,36,72,475664.0
TR1011992,DCL1011992,TRD0356,OFF1,OFF4,2026-02-23 13:00,2026-02-24 08:53,30,60,163790.0
TR1011993,DCL1011993,TRD0038,OFF1,OFF4,2025-01-25 13:00,2025-01-28 11:54,30,60,3806937.0
TR1011994,DCL1011994,TRD0545,OFF2,OFF4,2026-05-08 06:00,2026-05-10 01:58,36,72,2284023.0
TR1011995,DCL1011995,TRD0038,OFF3,OFF1,2025-01-22 09:00,2025-01-25 23:06,36,72,978596.0
TR1011996,DCL1011996,TRD0482,OFF2,OFF4,2025-03-17 09:00,2025-03-18 17:28,36,72,1097407.0
TR1011997,DCL1011997,TRD0038,OFF3,OFF1,2025-09-13 06:00,,36,72,391099.0
TR1011998,DCL1011998,TRD0038,OFF1,OFF4,2026-04-16 07:00,,30,60,972428.0
TR1011999,DCL1011999,TRD0376,OFF2,OFF5,2026-09-15 06:00,2026-09-16 01:20,30,60,550084.0
TR1012000,DCL1012000,TRD0376,OFF1,OFF5,2026-09-11 10:00,2026-09-13 12:11,42,84,851811.0
TR1012001,DCL1012001,TRD0376,OFF1,OFF2,2025-07-23 14:00,2025-07-24 18:42,36,72,412980.0
TR1012002,DCL1012002,TRD0376,OFF1,OFF4,2025-05-16 07:00,2025-05-17 18:19,30,60,1268006.0
TR1012003,DCL1012003,TRD0376,OFF3,OFF2,2025-09-20 19:00,2025-09-22 02:03,36,72,455113.0
TR1012004,DCL1012004,TRD0376,OFF3,OFF5,2025-06-12 09:00,2025-06-14 06:06,36,72,977169.0
TR1012005,DCL1012005,TRD0376,OFF1,OFF4,2025-03-31 11:00,2025-04-01 23:44,30,60,1351734.0
TR1012006,DCL1012006,TRD0038,OFF1,OFF2,2025-05-23 16:00,,36,72,2107261.0
TR1012007,DCL1012007,TRD0376,OFF1,OFF5,2025-08-26 06:00,2025-08-28 02:24,42,84,3450664.0
TR1012008,DCL1012008,TRD0376,OFF1,OFF4,2026-03-09 10:00,2026-03-10 06:08,30,60,3011367.0
TR1012009,DCL1012009,TRD0376,OFF1,OFF4,2025-01-24 13:00,2025-01-25 11:36,30,60,411169.0
TR1012010,DCL1012010,TRD0376,OFF1,OFF5,2025-09-08 13:00,2025-09-10 09:51,42,84,910434.0
TR1012011,DCL1012011,TRD0280,OFF6,OFF5,2025-01-01 17:00,2025-01-03 14:06,36,72,1768048.0
TR1012012,DCL1012012,TRD0280,OFF1,OFF2,2025-04-11 12:00,2025-04-12 12:43,36,72,621898.0
TR1012013,DCL1012013,TRD0376,OFF2,OFF5,2024-11-17 14:00,2024-11-18 21:27,30,60,1115806.0
TR1012014,DCL1012014,TRD0482,OFF3,OFF1,2026-07-06 17:00,2026-07-08 07:50,36,72,16240991.0
TR1012015,DCL1012015,TRD0482,OFF2,OFF5,2024-12-15 17:00,2024-12-16 22:05,30,60,1076865.0
TR1012016,DCL1012016,TRD0376,OFF2,OFF5,2025-02-01 07:00,2025-02-02 21:03,30,60,999877.0
TR1012017,DCL1012017,TRD0038,OFF1,OFF2,2025-09-18 08:00,2025-09-22 18:41,36,72,557043.0
TR1012018,DCL1012018,TRD0376,OFF2,OFF5,2025-11-04 11:00,2025-11-05 11:38,30,60,1395714.0
TR1012019,DCL1012019,TRD0038,OFF1,OFF5,2026-03-17 16:00,,42,84,941679.0
TR1012020,DCL1012020,TRD0180,OFF3,OFF4,2024-12-30 12:00,2024-12-31 22:45,36,72,1390680.0
TR1012021,DCL1012021,TRD0038,OFF2,OFF4,2026-02-01 17:00,,36,72,1588920.0
TR1012022,DCL1012022,TRD0376,OFF2,OFF4,2025-05-01 15:00,2025-05-03 02:32,36,72,330498.0
TR1012023,DCL1012023,TRD0038,OFF1,OFF4,2024-12-07 07:00,2024-12-10 15:12,30,60,823854.0
TR1012024,DCL1012024,TRD0180,OFF1,OFF4,2026-06-30 18:00,2026-07-01 12:31,30,60,3712720.0
TR1012025,DCL1012025,TRD0180,OFF1,OFF5,2026-01-09 14:00,2026-01-10 20:01,42,84,2371263.0
TR1012026,DCL1012026,TRD0376,OFF6,OFF4,2024-12-24 06:00,2024-12-25 17:04,36,72,362472.0
TR1012027,DCL1012027,TRD0376,OFF1,OFF5,2024-12-03 11:00,2024-12-05 11:29,42,84,1788711.0
TR1012028,DCL1012028,TRD0038,OFF2,OFF5,2025-03-04 18:00,2025-03-06 12:59,30,60,404455.0
TR1012029,DCL1012029,TRD0591,OFF1,OFF5,2025-04-21 06:00,2025-04-22 16:10,42,84,1260240.0
TR1012030,DCL1012030,TRD0482,OFF2,OFF5,2025-07-01 08:00,2025-07-02 06:09,30,60,14502321.0
TR1012031,DCL1012031,TRD0376,OFF1,OFF5,2026-03-05 12:00,2026-03-07 14:11,42,84,589614.0
TR1012032,DCL1012032,TRD0180,OFF6,OFF5,2026-01-03 16:00,2026-01-05 03:20,36,72,3061654.0
TR1012033,DCL1012033,TRD0280,OFF1,OFF2,2026-04-06 14:00,2026-04-07 19:55,36,72,2265320.0
TR1012034,DCL1012034,TRD0109,OFF1,OFF2,2026-02-14 09:00,2026-02-16 00:20,36,72,387175.0
TR1012035,DCL1012035,TRD0376,OFF1,OFF2,2024-10-31 12:00,2024-11-02 10:03,36,72,544535.0
TR1012036,DCL1012036,TRD0038,OFF1,OFF4,2026-04-25 13:00,2026-04-27 13:58,30,60,1635527.0
TR1012037,DCL1012037,TRD0038,OFF3,OFF1,2025-05-18 19:00,,36,72,889127.0
TR1012038,DCL1012038,TRD0038,OFF1,OFF5,2025-08-22 18:00,,42,84,389851.0
TR1012039,DCL1012039,TRD0038,OFF3,OFF5,2025-09-28 18:00,2025-10-01 07:02,36,72,1697200.0
TR1012040,DCL1012040,TRD0591,OFF6,OFF1,2026-06-14 11:00,2026-06-15 20:09,36,72,1418161.0
TR1012041,DCL1012041,TRD0280,OFF2,OFF5,2026-06-27 07:00,2026-06-28 02:32,30,60,2517420.0
TR1012042,DCL1012042,TRD0180,OFF1,OFF2,2025-05-09 12:00,2025-05-11 06:24,36,72,615837.0
TR1012043,DCL1012043,TRD0038,OFF1,OFF5,2025-05-27 07:00,,42,84,438311.0
TR1012044,DCL1012044,TRD0109,OFF2,OFF5,2026-04-20 08:00,2026-04-21 05:43,30,60,419389.0
TR1012045,DCL1012045,TRD0038,OFF3,OFF4,2026-05-24 13:00,,36,72,1147956.0
TR1012046,DCL1012046,TRD0109,OFF1,OFF2,2025-02-15 07:00,2025-02-16 19:46,36,72,726401.0
TR1012047,DCL1012047,TRD0376,OFF2,OFF1,2024-12-08 09:00,2024-12-09 07:16,36,72,1183690.0
TR1012048,DCL1012048,TRD0482,OFF3,OFF4,2025-04-30 08:00,2025-05-01 23:41,36,72,1909401.0
TR1012049,DCL1012049,TRD0376,OFF2,OFF1,2025-06-04 07:00,2025-06-06 00:41,36,72,1497207.0
TR1012050,DCL1012050,TRD0038,OFF2,OFF1,2025-02-01 12:00,2025-02-05 03:41,36,72,480319.0
TR1012051,DCL1012051,TRD0376,OFF1,OFF4,2026-08-08 07:00,2026-08-09 20:39,30,60,857901.0
TR1012052,DCL1012052,TRD0376,OFF1,OFF5,2025-02-10 13:00,2025-02-12 15:09,42,84,989438.0
TR1012053,DCL1012053,TRD0376,OFF1,OFF5,2026-04-08 13:00,2026-04-10 12:20,42,84,766436.0
TR1012054,DCL1012054,TRD0109,OFF6,OFF5,2026-04-23 09:00,2026-04-25 05:35,36,72,726998.0
TR1012055,DCL1012055,TRD0109,OFF6,OFF2,2024-10-23 10:00,2024-10-24 14:23,36,72,1442939.0
TR1012056,DCL1012056,TRD0140,OFF1,OFF5,2026-09-29 06:00,2026-10-01 10:21,42,84,1079055.0
TR1012057,DCL1012057,TRD0280,OFF1,OFF2,2025-05-17 10:00,2025-05-18 11:03,36,72,709350.0
TR1012058,DCL1012058,TRD0376,OFF6,OFF4,2025-04-28 08:00,2025-04-30 06:34,36,72,1223116.0
TR1012059,DCL1012059,TRD0376,OFF1,OFF5,2025-06-28 12:00,2025-06-30 01:43,42,84,952814.0
TR1012060,DCL1012060,TRD0376,OFF1,OFF2,2025-11-30 08:00,2025-12-01 21:36,36,72,550151.0
TR1012061,DCL1012061,TRD0376,OFF2,OFF1,2025-06-24 18:00,2025-06-25 16:40,36,72,491848.0
TR1012062,DCL1012062,TRD0376,OFF2,OFF1,2025-05-16 09:00,2025-05-17 19:24,36,72,813403.0
TR1012063,DCL1012063,TRD0109,OFF1,OFF2,2025-04-23 08:00,2025-04-25 05:58,36,72,994177.0
TR1012064,DCL1012064,TRD0376,OFF2,OFF4,2025-07-14 11:00,2025-07-15 12:09,36,72,669163.0
TR1012065,DCL1012065,TRD0376,OFF1,OFF5,2024-12-02 10:00,2024-12-03 13:23,42,84,895902.0
TR1012066,DCL1012066,TRD0356,OFF3,OFF2,2025-01-23 09:00,2025-01-24 07:44,36,72,4196579.0
TR1012067,DCL1012067,TRD0109,OFF3,OFF4,2025-06-07 08:00,2025-06-09 00:00,36,72,540297.0
TR1012068,DCL1012068,TRD0109,OFF1,OFF4,2025-03-01 11:00,2025-03-02 09:18,30,60,895105.0
TR1012069,DCL1012069,TRD0376,OFF1,OFF5,2026-01-03 11:00,2026-01-05 13:53,42,84,1122744.0
TR1012070,DCL1012070,TRD0482,OFF1,OFF5,2025-04-23 17:00,2025-04-25 10:31,42,84,726520.0
TR1012071,DCL1012071,TRD0109,OFF1,OFF4,2026-09-16 08:00,2026-09-17 13:05,30,60,1085831.0
TR1012072,DCL1012072,TRD0376,OFF1,OFF2,2026-06-03 06:00,2026-06-04 22:23,36,72,985033.0
TR1012073,DCL1012073,TRD0180,OFF6,OFF4,2025-10-22 12:00,2025-10-24 04:51,36,72,557416.0
TR1012074,DCL1012074,TRD0038,OFF1,OFF5,2025-08-20 08:00,2025-08-25 00:25,42,84,2361257.0
TR1012075,DCL1012075,TRD0376,OFF6,OFF2,2024-10-30 07:00,2024-11-01 04:04,36,72,1277496.0
TR1012076,DCL1012076,TRD0376,OFF2,OFF1,2024-12-17 17:00,2024-12-19 00:44,36,72,620501.0
TR1012077,DCL1012077,TRD0376,OFF1,OFF2,2025-05-30 16:00,2025-06-01 07:32,36,72,669500.0
TR1012078,DCL1012078,TRD0356,OFF1,OFF2,2025-03-31 06:00,2025-04-02 02:39,36,72,792426.0
TR1012079,DCL1012079,TRD0280,OFF2,OFF4,2026-01-19 06:00,2026-01-20 08:00,36,72,272382.0
TR1012080,DCL1012080,TRD0038,OFF1,OFF5,2025-07-13 17:00,,42,84,1276199.0
TR1012081,DCL1012081,TRD0140,OFF3,OFF4,2025-06-12 08:00,2025-06-13 08:37,36,72,475470.0
TR1012082,DCL1012082,TRD0376,OFF1,OFF2,2025-04-02 18:00,2025-04-04 07:14,36,72,1241147.0
TR1012083,DCL1012083,TRD0356,OFF1,OFF2,2026-06-29 15:00,2026-07-01 12:04,36,72,687910.0
TR1012084,DCL1012084,TRD0376,OFF3,OFF2,2025-11-20 18:00,2025-11-22 01:00,36,72,2359364.0
TR1012085,DCL1012085,TRD0591,OFF1,OFF4,2024-10-06 06:00,2024-10-07 08:47,30,60,1325232.0
TR1012086,DCL1012086,TRD0140,OFF2,OFF5,2026-07-04 18:00,2026-07-06 03:16,30,60,1306814.0
TR1012087,DCL1012087,TRD0280,OFF3,OFF2,2025-02-04 15:00,2025-02-06 01:16,36,72,3012017.0
TR1012088,DCL1012088,TRD0376,OFF2,OFF4,2025-12-25 17:00,2025-12-27 07:35,36,72,546120.0
TR1012089,DCL1012089,TRD0376,OFF1,OFF2,2024-11-04 19:00,2024-11-06 15:20,36,72,861848.0
TR1012090,DCL1012090,TRD0376,OFF3,OFF5,2025-12-30 11:00,2025-12-31 19:22,36,72,1114743.0
TR1012091,DCL1012091,TRD0109,OFF2,OFF4,2026-02-08 09:00,2026-02-10 07:02,36,72,159764.0
TR1012092,DCL1012092,TRD0280,OFF3,OFF2,2025-04-10 18:00,2025-04-11 22:30,36,72,4048303.0
TR1012093,DCL1012093,TRD0266,OFF6,OFF4,2024-12-30 12:00,2025-01-01 10:39,36,72,588016.0
TR1012094,DCL1012094,TRD0376,OFF3,OFF4,2025-07-13 09:00,2025-07-15 07:13,36,72,627853.0
TR1012095,DCL1012095,TRD0376,OFF3,OFF4,2025-09-23 17:00,2025-09-25 11:37,36,72,787879.0
TR1012096,DCL1012096,TRD0280,OFF3,OFF4,2024-11-05 19:00,2024-11-07 15:55,36,72,5894760.0
TR1012097,DCL1012097,TRD0376,OFF1,OFF4,2024-12-06 17:00,2024-12-07 13:19,30,60,413843.0
TR1012098,DCL1012098,TRD0109,OFF6,OFF2,2026-06-03 19:00,2026-06-05 14:51,36,72,397202.0
TR1012099,DCL1012099,TRD0376,OFF1,OFF5,2026-01-11 06:00,2026-01-12 11:53,42,84,1097454.0
TR1012100,DCL1012100,TRD0376,OFF2,OFF4,2026-09-19 16:00,2026-09-21 00:46,36,72,875184.0
TR1012101,DCL1012101,TRD0356,OFF1,OFF4,2026-01-25 12:00,2026-01-26 14:01,30,60,1901371.0
TR1012102,DCL1012102,TRD0376,OFF1,OFF5,2026-01-12 11:00,2026-01-13 23:15,42,84,1402191.0
TR1012103,DCL1012103,TRD0180,OFF3,OFF2,2025-08-14 09:00,2025-08-15 08:39,36,72,1273459.0
TR1012104,DCL1012104,TRD0376,OFF1,OFF2,2025-04-06 15:00,2025-04-08 11:23,36,72,2083830.0
TR1012105,DCL1012105,TRD0140,OFF2,OFF5,2025-04-23 13:00,2025-04-24 07:38,30,60,622599.0
TR1012106,DCL1012106,TRD0376,OFF1,OFF4,2026-01-31 10:00,2026-02-01 06:20,30,60,618570.0
TR1012107,DCL1012107,TRD0280,OFF1,OFF4,2024-10-05 15:00,2024-10-06 14:08,30,60,1235810.0
TR1012108,DCL1012108,TRD0376,OFF1,OFF4,2026-08-28 16:00,2026-08-29 21:18,30,60,1070758.0
TR1012109,DCL1012109,TRD0376,OFF3,OFF1,2025-08-08 19:00,2025-08-10 16:08,36,72,775218.0
TR1012110,DCL1012110,TRD0376,OFF6,OFF1,2025-08-28 17:00,2025-08-30 11:03,36,72,688714.0
TR1012111,DCL1012111,TRD0140,OFF3,OFF4,2026-06-25 10:00,2026-06-26 17:32,36,72,639932.0
TR1012112,DCL1012112,TRD0038,OFF3,OFF1,2026-02-04 19:00,2026-02-07 10:34,36,72,816879.0
TR1012113,DCL1012113,TRD0376,OFF1,OFF2,2025-06-19 14:00,2025-06-21 06:23,36,72,1879643.0
TR1012114,DCL1012114,TRD0280,OFF2,OFF1,2025-10-02 09:00,2025-10-04 05:46,36,72,806575.0
TR1012115,DCL1012115,TRD0038,OFF1,OFF5,2026-07-01 18:00,2026-07-05 02:55,42,84,2008134.0
TR1012116,DCL1012116,TRD0376,OFF1,OFF2,2026-03-25 18:00,2026-03-27 10:53,36,72,1682141.0
TR1012117,DCL1012117,TRD0109,OFF3,OFF1,2024-12-15 13:00,2024-12-17 03:24,36,72,975736.0
TR1012118,DCL1012118,TRD0109,OFF1,OFF5,2024-10-26 07:00,2024-10-28 06:08,42,84,354044.0
TR1012119,DCL1012119,TRD0482,OFF6,OFF5,2025-10-19 08:00,2025-10-20 23:46,36,72,1513786.0
TR1012120,DCL1012120,TRD0376,OFF6,OFF1,2025-03-18 13:00,2025-03-19 23:24,36,72,367926.0
TR1012121,DCL1012121,TRD0180,OFF2,OFF5,2026-02-21 17:00,2026-02-23 02:19,30,60,1191832.0
TR1012122,DCL1012122,TRD0376,OFF1,OFF2,2025-08-08 17:00,2025-08-10 04:31,36,72,1419295.0
TR1012123,DCL1012123,TRD0376,OFF1,OFF5,2024-12-15 13:00,2024-12-17 12:58,42,84,1158631.0
TR1012124,DCL1012124,TRD0376,OFF3,OFF1,2025-01-12 12:00,2025-01-13 13:33,36,72,975578.0
TR1012125,DCL1012125,TRD0280,OFF2,OFF4,2026-06-03 19:00,2026-06-05 03:49,36,72,676320.0
TR1012126,DCL1012126,TRD0376,OFF3,OFF4,2025-08-20 06:00,2025-08-21 22:23,36,72,1369107.0
TR1012127,DCL1012127,TRD0038,OFF2,OFF4,2025-09-04 13:00,2025-09-06 16:04,36,72,852449.0
TR1012128,DCL1012128,TRD0376,OFF1,OFF5,2025-04-01 13:00,2025-04-02 16:55,42,84,693199.0
TR1012129,DCL1012129,TRD0038,OFF1,OFF5,2026-01-29 08:00,2026-02-01 18:54,42,84,4099585.0
TR1012130,DCL1012130,TRD0376,OFF1,OFF4,2025-04-19 09:00,2025-04-20 16:39,30,60,567688.0
TR1012131,DCL1012131,TRD0280,OFF6,OFF2,2025-05-14 13:00,2025-05-15 11:01,36,72,884301.0
TR1012132,DCL1012132,TRD0376,OFF2,OFF4,2025-10-01 19:00,2025-10-03 02:14,36,72,562915.0
TR1012133,DCL1012133,TRD0376,OFF6,OFF2,2026-06-17 06:00,2026-06-18 19:23,36,72,1463178.0
TR1012134,DCL1012134,TRD0376,OFF2,OFF4,2024-12-31 19:00,2025-01-02 07:34,36,72,1214120.0
TR1012135,DCL1012135,TRD0038,OFF1,OFF4,2026-04-06 18:00,2026-04-10 09:44,30,60,2398608.0
TR1012136,DCL1012136,TRD0591,OFF6,OFF1,2025-06-30 10:00,2025-07-02 02:35,36,72,1080048.0
TR1012137,DCL1012137,TRD0376,OFF1,OFF2,2025-02-12 06:00,2025-02-14 02:09,36,72,754636.0
TR1012138,DCL1012138,TRD0109,OFF2,OFF4,2026-02-02 09:00,2026-02-03 16:21,36,72,118573.0
TR1012139,DCL1012139,TRD0376,OFF1,OFF2,2024-10-26 17:00,2024-10-28 05:10,36,72,531749.0
TR1012140,DCL1012140,TRD0109,OFF3,OFF5,2026-09-30 14:00,2026-10-02 04:19,36,72,823312.0
TR1012141,DCL1012141,TRD0280,OFF1,OFF5,2025-06-17 08:00,2025-06-18 23:49,42,84,1405526.0
TR1012142,DCL1012142,TRD0266,OFF3,OFF4,2025-12-10 06:00,2025-12-12 03:59,36,72,11037950.0
TR1012143,DCL1012143,TRD0038,OFF1,OFF2,2026-09-26 18:00,,36,72,484531.0
TR1012144,DCL1012144,TRD0376,OFF3,OFF1,2025-05-31 17:00,2025-06-02 04:39,36,72,897862.0
TR1012145,DCL1012145,TRD0038,OFF3,OFF4,2026-03-31 18:00,2026-04-03 18:16,36,72,2959761.0
TR1012146,DCL1012146,TRD0376,OFF1,OFF4,2025-11-09 18:00,2025-11-10 21:49,30,60,508646.0
TR1012147,DCL1012147,TRD0038,OFF1,OFF5,2026-02-21 07:00,,42,84,934545.0
TR1012148,DCL1012148,TRD0376,OFF3,OFF5,2026-09-22 16:00,2026-09-24 04:24,36,72,1899432.0
TR1012149,DCL1012149,TRD0180,OFF1,OFF5,2025-09-15 16:00,2025-09-17 11:30,42,84,918060.0
TR1012150,DCL1012150,TRD0376,OFF3,OFF1,2026-07-08 18:00,2026-07-10 16:45,36,72,437369.0
TR1012151,DCL1012151,TRD0376,OFF1,OFF5,2026-01-15 09:00,2026-01-16 16:10,42,84,1759026.0
TR1012152,DCL1012152,TRD0376,OFF6,OFF5,2025-12-01 08:00,2025-12-02 17:03,36,72,707150.0
TR1012153,DCL1012153,TRD0376,OFF2,OFF5,2026-04-01 19:00,2026-04-02 17:55,30,60,4742058.0
TR1012154,DCL1012154,TRD0109,OFF6,OFF2,2026-05-11 18:00,2026-05-13 16:36,36,72,492404.0
TR1012155,DCL1012155,TRD0280,OFF1,OFF4,2025-12-22 11:00,2025-12-24 00:04,30,60,3908870.0
TR1012156,DCL1012156,TRD0038,OFF1,OFF2,2026-06-10 14:00,2026-06-13 12:35,36,72,1125517.0
TR1012157,DCL1012157,TRD0376,OFF2,OFF4,2025-05-24 09:00,2025-05-26 01:34,36,72,1603963.0
TR1012158,DCL1012158,TRD0038,OFF3,OFF1,2025-06-26 16:00,,36,72,2066402.0
TR1012159,DCL1012159,TRD0266,OFF3,OFF1,2026-06-15 07:00,2026-06-16 12:45,36,72,5695502.0
TR1012160,DCL1012160,TRD0180,OFF1,OFF4,2025-11-10 11:00,2025-11-11 20:25,30,60,648119.0
TR1012161,DCL1012161,TRD0376,OFF1,OFF4,2024-11-18 16:00,2024-11-19 16:59,30,60,1032567.0
TR1012162,DCL1012162,TRD0376,OFF1,OFF2,2026-04-21 13:00,2026-04-23 05:56,36,72,1050789.0
TR1012163,DCL1012163,TRD0376,OFF3,OFF2,2024-11-08 19:00,2024-11-10 02:34,36,72,681559.0
TR1012164,DCL1012164,TRD0280,OFF2,OFF1,2025-08-02 19:00,2025-08-03 17:13,36,72,1169583.0
TR1012165,DCL1012165,TRD0376,OFF2,OFF1,2025-05-17 11:00,2025-05-19 08:36,36,72,1922635.0
TR1012166,DCL1012166,TRD0376,OFF2,OFF1,2025-08-19 18:00,2025-08-21 05:01,36,72,289531.0
TR1012167,DCL1012167,TRD0545,OFF1,OFF4,2026-03-14 13:00,2026-03-15 19:39,30,60,670523.0
TR1012168,DCL1012168,TRD0266,OFF3,OFF5,2025-10-06 08:00,2025-10-07 16:55,36,72,3213269.0
TR1012169,DCL1012169,TRD0038,OFF1,OFF5,2025-03-19 16:00,2025-03-22 05:05,42,84,2797986.0
TR1012170,DCL1012170,TRD0376,OFF1,OFF5,2026-05-15 09:00,2026-05-16 17:13,42,84,3726966.0
TR1012171,DCL1012171,TRD0109,OFF1,OFF5,2025-01-11 11:00,2025-01-13 11:33,42,84,633436.0
TR1012172,DCL1012172,TRD0109,OFF3,OFF1,2025-03-14 09:00,2025-03-15 17:14,36,72,583129.0
TR1012173,DCL1012173,TRD0140,OFF2,OFF4,2026-06-09 17:00,2026-06-10 17:47,36,72,825147.0
TR1012174,DCL1012174,TRD0109,OFF6,OFF2,2024-11-17 12:00,2024-11-18 13:03,36,72,373362.0
TR1012175,DCL1012175,TRD0376,OFF3,OFF5,2026-09-30 14:00,2026-10-01 13:43,36,72,734719.0
TR1012176,DCL1012176,TRD0180,OFF1,OFF5,2024-10-12 11:00,2024-10-13 16:11,42,84,817916.0
TR1012177,DCL1012177,TRD0376,OFF1,OFF2,2024-11-06 17:00,2024-11-08 06:56,36,72,3168280.0
TR1012178,DCL1012178,TRD0356,OFF1,OFF5,2025-09-25 16:00,2025-09-27 17:06,42,84,1555321.0
TR1012179,DCL1012179,TRD0376,OFF6,OFF5,2026-04-02 17:00,2026-04-04 15:05,36,72,1435772.0
TR1012180,DCL1012180,TRD0038,OFF2,OFF1,2025-01-11 06:00,2025-01-13 22:07,36,72,2360078.0
TR1012181,DCL1012181,TRD0376,OFF6,OFF2,2026-06-13 17:00,2026-06-15 04:52,36,72,1728795.0
TR1012182,DCL1012182,TRD0376,OFF2,OFF4,2025-01-10 18:00,2025-01-12 14:50,36,72,619566.0
TR1012183,DCL1012183,TRD0376,OFF6,OFF5,2026-04-07 16:00,2026-04-09 07:20,36,72,690829.0
TR1012184,DCL1012184,TRD0376,OFF2,OFF1,2025-05-08 13:00,2025-05-09 20:09,36,72,748572.0
TR1012185,DCL1012185,TRD0109,OFF1,OFF4,2026-02-28 17:00,2026-03-01 15:28,30,60,182071.0
TR1012186,DCL1012186,TRD0376,OFF3,OFF5,2024-11-25 14:00,2024-11-26 13:20,36,72,217076.0
TR1012187,DCL1012187,TRD0376,OFF1,OFF4,2025-05-12 12:00,2025-05-14 02:21,30,60,764018.0
TR1012188,DCL1012188,TRD0038,OFF1,OFF5,2025-12-17 18:00,2025-12-21 03:56,42,84,698686.0
TR1012189,DCL1012189,TRD0038,OFF1,OFF5,2025-02-20 06:00,2025-02-24 05:30,42,84,2137202.0
TR1012190,DCL1012190,TRD0376,OFF1,OFF5,2026-01-10 18:00,2026-01-12 13:45,42,84,327713.0
TR1012191,DCL1012191,TRD0376,OFF3,OFF4,2025-04-26 11:00,2025-04-28 05:58,36,72,585148.0
TR1012192,DCL1012192,TRD0266,OFF1,OFF5,2026-01-09 17:00,2026-01-11 19:25,42,84,7063195.0
TR1012193,DCL1012193,TRD0376,OFF2,OFF1,2026-02-14 06:00,2026-02-15 15:19,36,72,2008041.0
TR1012194,DCL1012194,TRD0376,OFF1,OFF5,2026-07-21 18:00,2026-07-23 02:38,42,84,537777.0
TR1012195,DCL1012195,TRD0038,OFF1,OFF4,2025-12-16 17:00,,30,60,2676750.0
TR1012196,DCL1012196,TRD0038,OFF2,OFF1,2026-02-03 15:00,2026-02-06 09:54,36,72,1142633.0
TR1012197,DCL1012197,TRD0376,OFF1,OFF5,2024-10-26 15:00,2024-10-28 09:47,42,84,765519.0
TR1012198,DCL1012198,TRD0376,OFF2,OFF1,2026-07-21 06:00,2026-07-23 01:43,36,72,991203.0
TR1012199,DCL1012199,TRD0376,OFF3,OFF1,2025-04-15 18:00,2025-04-16 17:41,36,72,255149.0
TR1012200,DCL1012200,TRD0376,OFF6,OFF4,2026-03-29 17:00,2026-03-31 07:42,36,72,784188.0
TR1012201,DCL1012201,TRD0376,OFF1,OFF2,2025-01-03 18:00,2025-01-05 15:00,36,72,890971.0
TR1012202,DCL1012202,TRD0376,OFF1,OFF5,2025-01-01 07:00,2025-01-03 04:11,42,84,1201374.0
TR1012203,DCL1012203,TRD0376,OFF1,OFF5,2024-10-20 15:00,2024-10-22 14:10,42,84,979224.0
TR1012204,DCL1012204,TRD0376,OFF1,OFF5,2025-04-28 18:00,2025-04-30 17:31,42,84,926676.0
TR1012205,DCL1012205,TRD0280,OFF1,OFF4,2025-08-18 10:00,2025-08-19 17:14,30,60,2063135.0
TR1012206,DCL1012206,TRD0376,OFF2,OFF4,2025-04-10 17:00,2025-04-11 21:28,36,72,4008437.0
TR1012207,DCL1012207,TRD0376,OFF3,OFF1,2025-09-08 06:00,2025-09-09 21:31,36,72,2259746.0
TR1012208,DCL1012208,TRD0356,OFF1,OFF5,2025-10-21 08:00,2025-10-23 04:56,42,84,562739.0
TR1012209,DCL1012209,TRD0376,OFF2,OFF1,2025-04-27 08:00,2025-04-28 18:17,36,72,607929.0
TR1012210,DCL1012210,TRD0376,OFF6,OFF4,2026-05-05 17:00,2026-05-06 17:21,36,72,600406.0
TR1012211,DCL1012211,TRD0376,OFF1,OFF4,2025-09-05 14:00,2025-09-06 18:05,30,60,356053.0
TR1012212,DCL1012212,TRD0376,OFF2,OFF1,2025-09-15 08:00,2025-09-16 18:15,36,72,1449297.0
TR1012213,DCL1012213,TRD0109,OFF3,OFF1,2025-06-17 09:00,2025-06-19 01:53,36,72,248001.0
TR1012214,DCL1012214,TRD0376,OFF2,OFF4,2024-12-29 16:00,2024-12-30 23:23,36,72,1146242.0
TR1012215,DCL1012215,TRD0038,OFF2,OFF5,2024-11-19 16:00,,30,60,1649261.0
TR1012216,DCL1012216,TRD0376,OFF1,OFF2,2025-07-16 14:00,2025-07-18 07:02,36,72,1606488.0
TR1012217,DCL1012217,TRD0514,OFF1,OFF5,2025-06-23 16:00,2025-06-24 17:25,42,84,775708.0
TR1012218,DCL1012218,TRD0376,OFF2,OFF1,2026-04-07 13:00,2026-04-08 19:23,36,72,1033531.0
TR1012219,DCL1012219,TRD0376,OFF3,OFF5,2026-03-14 15:00,2026-03-15 21:10,36,72,846725.0
TR1012220,DCL1012220,TRD0376,OFF3,OFF1,2025-06-18 11:00,2025-06-19 19:28,36,72,253674.0
TR1012221,DCL1012221,TRD0376,OFF1,OFF2,2026-01-20 16:00,2026-01-22 06:53,36,72,1310687.0
TR1012222,DCL1012222,TRD0376,OFF1,OFF5,2026-08-13 14:00,2026-08-14 18:01,42,84,791056.0
TR1012223,DCL1012223,TRD0376,OFF1,OFF2,2025-06-23 19:00,2025-06-25 16:04,36,72,1775676.0
TR1012224,DCL1012224,TRD0038,OFF1,OFF2,2025-07-07 14:00,2025-07-10 06:37,36,72,1091898.0
TR1012225,DCL1012225,TRD0038,OFF6,OFF1,2026-09-10 14:00,2026-09-12 23:41,36,72,583389.0
TR1012226,DCL1012226,TRD0376,OFF2,OFF5,2025-12-30 18:00,2025-12-31 20:00,30,60,484255.0
TR1012227,DCL1012227,TRD0376,OFF3,OFF4,2026-04-07 11:00,2026-04-09 07:20,36,72,589644.0
TR1012228,DCL1012228,TRD0376,OFF1,OFF2,2025-04-25 17:00,2025-04-27 03:29,36,72,1169160.0
TR1012229,DCL1012229,TRD0038,OFF1,OFF5,2025-08-14 11:00,2025-08-19 00:13,42,84,1580290.0
TR1012230,DCL1012230,TRD0376,OFF3,OFF4,2025-01-14 06:00,2025-01-15 06:10,36,72,742104.0
TR1012231,DCL1012231,TRD0038,OFF1,OFF5,2025-06-03 10:00,2025-06-07 22:41,42,84,1288821.0
TR1012232,DCL1012232,TRD0482,OFF3,OFF5,2024-10-11 15:00,2024-10-12 19:56,36,72,4235710.0
TR1012233,DCL1012233,TRD0038,OFF3,OFF5,2025-01-30 09:00,,36,72,1441336.0
TR1012234,DCL1012234,TRD0038,OFF1,OFF5,2025-02-07 10:00,,42,84,3416096.0
TR1012235,DCL1012235,TRD0376,OFF1,OFF2,2026-04-30 16:00,2026-05-01 16:33,36,72,1041365.0
TR1012236,DCL1012236,TRD0376,OFF1,OFF5,2025-09-10 14:00,2025-09-12 17:55,42,84,1868371.0
TR1012237,DCL1012237,TRD0376,OFF1,OFF4,2025-10-11 13:00,2025-10-12 17:21,30,60,461880.0
TR1012238,DCL1012238,TRD0376,OFF3,OFF4,2025-09-19 18:00,2025-09-21 02:27,36,72,402969.0
TR1012239,DCL1012239,TRD0376,OFF1,OFF2,2025-04-23 09:00,2025-04-24 10:57,36,72,881610.0
TR1012240,DCL1012240,TRD0038,OFF2,OFF1,2026-08-03 12:00,2026-08-06 00:55,36,72,2488743.0
TR1012241,DCL1012241,TRD0376,OFF2,OFF5,2026-06-04 11:00,2026-06-05 06:19,30,60,449825.0
TR1012242,DCL1012242,TRD0376,OFF1,OFF2,2025-03-04 12:00,2025-03-05 21:18,36,72,1500228.0
TR1012243,DCL1012243,TRD0356,OFF2,OFF5,2026-03-31 10:00,2026-04-01 15:20,30,60,991432.0
TR1012244,DCL1012244,TRD0376,OFF1,OFF2,2026-07-17 19:00,2026-07-19 16:25,36,72,1455653.0
TR1012245,DCL1012245,TRD0376,OFF6,OFF2,2026-02-10 11:00,2026-02-12 07:38,36,72,1082174.0
TR1012246,DCL1012246,TRD0376,OFF3,OFF1,2025-07-25 15:00,2025-07-26 22:47,36,72,475839.0
TR1012247,DCL1012247,TRD0376,OFF6,OFF5,2026-03-16 06:00,2026-03-18 04:18,36,72,1375177.0
TR1012248,DCL1012248,TRD0109,OFF3,OFF1,2025-03-08 13:00,2025-03-09 15:13,36,72,923722.0
TR1012249,DCL1012249,TRD0038,OFF2,OFF5,2026-07-28 06:00,2026-07-30 20:46,30,60,5046296.0
TR1012250,DCL1012250,TRD0376,OFF6,OFF2,2026-09-28 09:00,2026-09-29 17:47,36,72,1271095.0
TR1012251,DCL1012251,TRD0376,OFF1,OFF2,2026-04-23 19:00,2026-04-25 00:13,36,72,909418.0
TR1012252,DCL1012252,TRD0376,OFF1,OFF2,2025-07-06 14:00,2025-07-07 16:26,36,72,489624.0
TR1012253,DCL1012253,TRD0376,OFF3,OFF1,2026-05-26 18:00,2026-05-28 09:39,36,72,333348.0
TR1012254,DCL1012254,TRD0038,OFF1,OFF2,2026-08-28 14:00,2026-08-30 20:11,36,72,579829.0
TR1012255,DCL1012255,TRD0376,OFF1,OFF2,2024-10-08 13:00,2024-10-10 04:03,36,72,642103.0
TR1012256,DCL1012256,TRD0376,OFF1,OFF5,2025-05-05 18:00,2025-05-08 00:29,42,84,1426484.0
TR1012257,DCL1012257,TRD0109,OFF1,OFF4,2025-08-24 19:00,2025-08-26 04:51,30,60,1280185.0
TR1012258,DCL1012258,TRD0376,OFF1,OFF2,2025-12-18 17:00,2025-12-20 05:13,36,72,863088.0
TR1012259,DCL1012259,TRD0280,OFF1,OFF2,2026-05-05 19:00,2026-05-06 17:07,36,72,300653.0
TR1012260,DCL1012260,TRD0038,OFF1,OFF5,2026-03-21 14:00,,42,84,1488398.0
TR1012261,DCL1012261,TRD0376,OFF3,OFF1,2025-01-14 19:00,2025-01-16 09:49,36,72,206027.0
TR1012262,DCL1012262,TRD0109,OFF1,OFF2,2025-06-17 13:00,2025-06-19 03:40,36,72,629521.0
TR1012263,DCL1012263,TRD0376,OFF3,OFF2,2025-04-17 08:00,2025-04-18 13:43,36,72,825653.0
TR1012264,DCL1012264,TRD0376,OFF2,OFF1,2024-12-12 08:00,2024-12-13 10:17,36,72,744362.0
TR1012265,DCL1012265,TRD0482,OFF2,OFF4,2026-07-28 10:00,2026-07-30 07:24,36,72,1017305.0
TR1012266,DCL1012266,TRD0376,OFF1,OFF2,2025-12-02 18:00,2025-12-03 19:57,36,72,693803.0
TR1012267,DCL1012267,TRD0038,OFF3,OFF5,2026-03-15 18:00,,36,72,2006519.0
TR1012268,DCL1012268,TRD0376,OFF2,OFF5,2026-06-08 18:00,2026-06-09 12:53,30,60,426324.0
TR1012269,DCL1012269,TRD0038,OFF2,OFF4,2025-11-23 07:00,2025-11-27 07:19,36,72,1084817.0
TR1012270,DCL1012270,TRD0376,OFF1,OFF2,2025-07-04 14:00,2025-07-06 02:01,36,72,1084128.0
TR1012271,DCL1012271,TRD0109,OFF1,OFF5,2025-05-26 12:00,2025-05-28 17:13,42,84,828587.0
TR1012272,DCL1012272,TRD0180,OFF1,OFF2,2025-08-22 16:00,2025-08-24 06:36,36,72,5431869.0
TR1012273,DCL1012273,TRD0376,OFF2,OFF4,2026-07-18 13:00,2026-07-20 06:47,36,72,1031451.0
TR1012274,DCL1012274,TRD0038,OFF1,OFF2,2025-06-08 17:00,2025-06-12 10:33,36,72,1973824.0
TR1012275,DCL1012275,TRD0038,OFF1,OFF2,2026-03-04 17:00,,36,72,2359673.0
TR1012276,DCL1012276,TRD0376,OFF1,OFF4,2026-06-08 18:00,2026-06-09 17:12,30,60,5609941.0
TR1012277,DCL1012277,TRD0376,OFF1,OFF4,2024-10-09 09:00,2024-10-10 14:11,30,60,2168942.0
TR1012278,DCL1012278,TRD0376,OFF6,OFF2,2025-10-13 18:00,2025-10-15 14:10,36,72,1192833.0
TR1012279,DCL1012279,TRD0376,OFF1,OFF4,2026-01-21 06:00,2026-01-22 15:20,30,60,619764.0
TR1012280,DCL1012280,TRD0180,OFF1,OFF4,2025-03-08 11:00,2025-03-10 00:58,30,60,1892527.0
TR1012281,DCL1012281,TRD0280,OFF2,OFF4,2025-10-16 11:00,2025-10-18 08:49,36,72,789012.0
TR1012282,DCL1012282,TRD0356,OFF1,OFF5,2026-02-06 17:00,2026-02-08 06:07,42,84,429437.0
TR1012283,DCL1012283,TRD0376,OFF1,OFF4,2026-03-04 17:00,2026-03-05 20:54,30,60,1285264.0
TR1012284,DCL1012284,TRD0376,OFF2,OFF5,2025-01-31 17:00,2025-02-01 15:16,30,60,1062610.0
TR1012285,DCL1012285,TRD0280,OFF1,OFF2,2025-10-02 16:00,2025-10-04 09:57,36,72,424652.0
TR1012286,DCL1012286,TRD0376,OFF2,OFF4,2025-02-08 19:00,2025-02-10 15:02,36,72,723043.0
TR1012287,DCL1012287,TRD0109,OFF1,OFF2,2025-10-28 08:00,2025-10-29 07:11,36,72,322394.0
TR1012288,DCL1012288,TRD0140,OFF1,OFF4,2026-02-21 16:00,2026-02-23 06:17,30,60,302965.0
TR1012289,DCL1012289,TRD0376,OFF1,OFF2,2025-04-05 06:00,2025-04-06 19:00,36,72,482937.0
TR1012290,DCL1012290,TRD0376,OFF3,OFF4,2025-07-04 12:00,2025-07-05 14:55,36,72,580535.0
TR1012291,DCL1012291,TRD0376,OFF3,OFF4,2026-01-17 08:00,2026-01-19 02:27,36,72,1204422.0
TR1012292,DCL1012292,TRD0376,OFF3,OFF5,2025-02-17 14:00,2025-02-18 16:10,36,72,2127196.0
TR1012293,DCL1012293,TRD0376,OFF1,OFF4,2025-01-23 08:00,2025-01-24 19:22,30,60,177372.0
TR1012294,DCL1012294,TRD0376,OFF1,OFF5,2026-02-19 10:00,2026-02-21 07:33,42,84,990396.0
TR1012295,DCL1012295,TRD0545,OFF1,OFF5,2025-03-01 19:00,2025-03-03 13:44,42,84,959825.0
TR1012296,DCL1012296,TRD0376,OFF1,OFF4,2026-07-27 17:00,2026-07-28 17:11,30,60,311400.0
TR1012297,DCL1012297,TRD0376,OFF2,OFF1,2025-03-30 08:00,2025-03-31 09:15,36,72,491959.0
TR1012298,DCL1012298,TRD0376,OFF6,OFF5,2026-07-09 19:00,2026-07-11 08:51,36,72,217220.0
TR1012299,DCL1012299,TRD0376,OFF2,OFF5,2026-05-06 08:00,2026-05-07 17:17,30,60,239744.0
TR1012300,DCL1012300,TRD0280,OFF6,OFF5,2026-08-23 16:00,2026-08-24 20:11,36,72,1966992.0
TR1012301,DCL1012301,TRD0376,OFF1,OFF5,2025-09-05 13:00,2025-09-06 19:48,42,84,290592.0
TR1012302,DCL1012302,TRD0376,OFF6,OFF2,2024-10-03 06:00,2024-10-04 15:52,36,72,833137.0
TR1012303,DCL1012303,TRD0376,OFF2,OFF4,2025-11-01 08:00,2025-11-03 00:42,36,72,1765888.0
TR1012304,DCL1012304,TRD0280,OFF1,OFF4,2025-11-16 12:00,2025-11-17 07:07,30,60,831946.0
TR1012305,DCL1012305,TRD0280,OFF1,OFF5,2026-05-27 17:00,2026-05-28 20:31,42,84,868879.0
TR1012306,DCL1012306,TRD0180,OFF1,OFF4,2025-12-29 13:00,2025-12-30 15:50,30,60,575236.0
TR1012307,DCL1012307,TRD0376,OFF1,OFF2,2025-01-27 10:00,2025-01-28 13:44,36,72,2286285.0
TR1012308,DCL1012308,TRD0376,OFF1,OFF2,2026-07-22 19:00,2026-07-24 16:43,36,72,214908.0
TR1012309,DCL1012309,TRD0280,OFF2,OFF1,2026-06-18 06:00,2026-06-19 09:15,36,72,844228.0
TR1012310,DCL1012310,TRD0376,OFF2,OFF1,2025-03-12 10:00,2025-03-13 15:36,36,72,911008.0
TR1012311,DCL1012311,TRD0376,OFF3,OFF5,2024-11-16 08:00,2024-11-17 10:55,36,72,507720.0
TR1012312,DCL1012312,TRD0376,OFF1,OFF5,2026-02-11 16:00,2026-02-13 07:12,42,84,813138.0
TR1012313,DCL1012313,TRD0038,OFF1,OFF4,2025-02-12 15:00,2025-02-15 11:19,30,60,1396144.0
TR1012314,DCL1012314,TRD0376,OFF1,OFF2,2025-06-22 11:00,2025-06-23 21:22,36,72,1240577.0
TR1012315,DCL1012315,TRD0376,OFF1,OFF5,2026-02-12 19:00,2026-02-14 06:23,42,84,763815.0
TR1012316,DCL1012316,TRD0376,OFF1,OFF4,2025-12-03 17:00,2025-12-04 22:21,30,60,719601.0
TR1012317,DCL1012317,TRD0376,OFF1,OFF5,2024-10-07 09:00,2024-10-08 10:14,42,84,1055726.0
TR1012318,DCL1012318,TRD0376,OFF1,OFF4,2025-02-08 07:00,2025-02-09 16:56,30,60,1169793.0
TR1012319,DCL1012319,TRD0038,OFF1,OFF4,2024-12-27 08:00,2024-12-30 01:23,30,60,4019161.0
TR1012320,DCL1012320,TRD0180,OFF1,OFF4,2024-10-26 08:00,2024-10-27 08:30,30,60,1716785.0
TR1012321,DCL1012321,TRD0109,OFF1,OFF5,2025-04-23 16:00,2025-04-25 07:34,42,84,1393206.0
TR1012322,DCL1012322,TRD0180,OFF1,OFF4,2025-02-20 08:00,2025-02-21 12:52,30,60,1345257.0
TR1012323,DCL1012323,TRD0109,OFF1,OFF4,2025-01-15 08:00,2025-01-16 13:17,30,60,492094.0
TR1012324,DCL1012324,TRD0376,OFF3,OFF4,2025-01-16 12:00,2025-01-17 10:13,36,72,880819.0
TR1012325,DCL1012325,TRD0376,OFF1,OFF4,2026-04-29 06:00,2026-04-30 16:39,30,60,569747.0
TR1012326,DCL1012326,TRD0038,OFF6,OFF4,2025-06-11 18:00,,36,72,2328541.0
TR1012327,DCL1012327,TRD0280,OFF1,OFF4,2024-12-16 10:00,2024-12-17 17:25,30,60,4302859.0
TR1012328,DCL1012328,TRD0482,OFF1,OFF4,2026-01-12 08:00,2026-01-13 11:21,30,60,6534612.0
TR1012329,DCL1012329,TRD0376,OFF1,OFF4,2025-08-28 10:00,2025-08-30 00:12,30,60,2113831.0
TR1012330,DCL1012330,TRD0376,OFF1,OFF5,2025-05-20 11:00,2025-05-22 02:07,42,84,1293409.0
TR1012331,DCL1012331,TRD0376,OFF3,OFF5,2026-07-04 10:00,2026-07-05 11:34,36,72,960445.0
TR1012332,DCL1012332,TRD0376,OFF1,OFF5,2026-07-25 07:00,2026-07-27 10:14,42,84,2285351.0
TR1012333,DCL1012333,TRD0376,OFF1,OFF4,2025-02-23 07:00,2025-02-24 05:26,30,60,347156.0
TR1012334,DCL1012334,TRD0376,OFF1,OFF2,2025-11-14 17:00,2025-11-15 19:22,36,72,1261122.0
TR1012335,DCL1012335,TRD0376,OFF1,OFF4,2026-04-05 08:00,2026-04-06 15:45,30,60,1387135.0
TR1012336,DCL1012336,TRD0109,OFF6,OFF1,2026-08-02 11:00,2026-08-04 02:11,36,72,1406000.0
TR1012337,DCL1012337,TRD0038,OFF1,OFF2,2026-07-03 08:00,,36,72,1089578.0
TR1012338,DCL1012338,TRD0376,OFF3,OFF2,2025-05-27 09:00,2025-05-28 14:57,36,72,1112221.0
TR1012339,DCL1012339,TRD0280,OFF2,OFF5,2025-06-06 10:00,2025-06-07 19:12,30,60,2028706.0
TR1012340,DCL1012340,TRD0109,OFF2,OFF4,2025-02-01 07:00,2025-02-02 20:59,36,72,413488.0
TR1012341,DCL1012341,TRD0376,OFF2,OFF1,2026-08-04 12:00,2026-08-06 07:17,36,72,1102443.0
TR1012342,DCL1012342,TRD0376,OFF3,OFF2,2025-09-20 08:00,2025-09-21 09:30,36,72,884587.0
TR1012343,DCL1012343,TRD0376,OFF6,OFF1,2025-12-28 09:00,2025-12-29 12:40,36,72,629759.0
TR1012344,DCL1012344,TRD0376,OFF2,OFF4,2026-08-22 18:00,2026-08-24 05:31,36,72,835571.0
TR1012345,DCL1012345,TRD0376,OFF1,OFF4,2026-01-24 17:00,2026-01-26 02:19,30,60,309583.0
TR1012346,DCL1012346,TRD0038,OFF1,OFF5,2025-06-25 11:00,2025-06-29 03:17,42,84,1769097.0
TR1012347,DCL1012347,TRD0376,OFF2,OFF5,2024-12-25 11:00,2024-12-26 12:03,30,60,658418.0
TR1012348,DCL1012348,TRD0376,OFF1,OFF5,2025-05-31 10:00,2025-06-02 10:09,42,84,420247.0
TR1012349,DCL1012349,TRD0140,OFF3,OFF2,2025-05-10 14:00,2025-05-12 03:35,36,72,708567.0
TR1012350,DCL1012350,TRD0482,OFF6,OFF2,2025-08-22 18:00,2025-08-24 02:09,36,72,872738.0
TR1012351,DCL1012351,TRD0376,OFF2,OFF5,2025-09-28 14:00,2025-09-29 15:50,30,60,934582.0
TR1012352,DCL1012352,TRD0376,OFF1,OFF5,2025-03-21 10:00,2025-03-23 05:43,42,84,1024428.0
TR1012353,DCL1012353,TRD0038,OFF2,OFF1,2026-05-07 07:00,,36,72,911116.0
TR1012354,DCL1012354,TRD0376,OFF1,OFF4,2026-07-30 14:00,2026-08-01 00:30,30,60,3178466.0
TR1012355,DCL1012355,TRD0376,OFF1,OFF2,2026-02-11 13:00,2026-02-13 09:54,36,72,355133.0
TR1012356,DCL1012356,TRD0280,OFF1,OFF5,2026-01-15 13:00,2026-01-17 13:26,42,84,2792755.0
TR1012357,DCL1012357,TRD0376,OFF1,OFF5,2026-02-24 16:00,2026-02-26 09:39,42,84,643649.0
TR1012358,DCL1012358,TRD0376,OFF1,OFF4,2026-04-22 18:00,2026-04-24 03:37,30,60,576905.0
TR1012359,DCL1012359,TRD0376,OFF6,OFF5,2025-06-07 06:00,2025-06-08 20:58,36,72,2369381.0
TR1012360,DCL1012360,TRD0376,OFF1,OFF2,2026-03-21 14:00,2026-03-22 13:04,36,72,965423.0
TR1012361,DCL1012361,TRD0376,OFF2,OFF1,2025-04-16 15:00,2025-04-18 09:26,36,72,980447.0
TR1012362,DCL1012362,TRD0376,OFF2,OFF4,2024-11-02 10:00,2024-11-04 07:09,36,72,1394721.0
TR1012363,DCL1012363,TRD0376,OFF1,OFF5,2026-01-21 10:00,2026-01-22 19:53,42,84,1100990.0
TR1012364,DCL1012364,TRD0545,OFF6,OFF2,2025-01-16 15:00,2025-01-18 05:00,36,72,1061822.0
TR1012365,DCL1012365,TRD0545,OFF2,OFF4,2025-12-27 14:00,2025-12-29 02:18,36,72,610635.0
TR1012366,DCL1012366,TRD0038,OFF6,OFF4,2026-03-07 09:00,,36,72,834999.0
TR1012367,DCL1012367,TRD0376,OFF1,OFF5,2024-12-11 19:00,2024-12-13 10:13,42,84,1359118.0
TR1012368,DCL1012368,TRD0376,OFF1,OFF5,2025-03-17 08:00,2025-03-19 06:16,42,84,646861.0
TR1012369,DCL1012369,TRD0140,OFF3,OFF5,2025-08-15 16:00,2025-08-16 14:00,36,72,465704.0
TR1012370,DCL1012370,TRD0356,OFF1,OFF5,2026-09-24 06:00,2026-09-25 21:37,42,84,584414.0
TR1012371,DCL1012371,TRD0038,OFF1,OFF4,2024-12-10 06:00,2024-12-12 07:19,30,60,2394709.0
TR1012372,DCL1012372,TRD0376,OFF6,OFF1,2026-05-09 13:00,2026-05-11 04:11,36,72,2715846.0
TR1012373,DCL1012373,TRD0376,OFF2,OFF5,2026-03-05 08:00,2026-03-06 04:08,30,60,1620680.0
TR1012374,DCL1012374,TRD0376,OFF1,OFF4,2024-11-15 06:00,2024-11-16 09:38,30,60,1175354.0
TR1012375,DCL1012375,TRD0376,OFF6,OFF1,2025-03-31 19:00,2025-04-01 23:30,36,72,306866.0
TR1012376,DCL1012376,TRD0038,OFF1,OFF2,2026-09-16 13:00,,36,72,1161952.0
TR1012377,DCL1012377,TRD0376,OFF1,OFF5,2025-03-12 12:00,2025-03-13 19:52,42,84,714975.0
TR1012378,DCL1012378,TRD0376,OFF6,OFF5,2026-04-26 09:00,2026-04-27 19:35,36,72,1694509.0
TR1012379,DCL1012379,TRD0376,OFF3,OFF4,2025-05-13 12:00,2025-05-15 03:04,36,72,938120.0
TR1012380,DCL1012380,TRD0038,OFF1,OFF4,2025-11-30 14:00,2025-12-02 12:38,30,60,1425098.0
TR1012381,DCL1012381,TRD0482,OFF2,OFF5,2024-10-02 12:00,2024-10-03 15:40,30,60,3361886.0
TR1012382,DCL1012382,TRD0482,OFF2,OFF4,2025-06-26 10:00,2025-06-27 18:00,36,72,884561.0
TR1012383,DCL1012383,TRD0376,OFF1,OFF5,2024-11-21 17:00,2024-11-22 20:00,42,84,739371.0
TR1012384,DCL1012384,TRD0038,OFF2,OFF4,2025-04-02 14:00,2025-04-05 19:49,36,72,1947125.0
TR1012385,DCL1012385,TRD0376,OFF3,OFF2,2024-10-21 15:00,2024-10-22 19:34,36,72,825609.0
TR1012386,DCL1012386,TRD0376,OFF1,OFF4,2025-07-14 16:00,2025-07-15 23:17,30,60,4869991.0
TR1012387,DCL1012387,TRD0038,OFF2,OFF4,2026-06-12 15:00,2026-06-15 05:07,36,72,1678622.0
TR1012388,DCL1012388,TRD0280,OFF1,OFF5,2025-09-21 08:00,2025-09-22 09:39,42,84,1962518.0
TR1012389,DCL1012389,TRD0376,OFF2,OFF4,2026-08-22 17:00,2026-08-24 03:04,36,72,1658332.0
TR1012390,DCL1012390,TRD0376,OFF1,OFF2,2026-08-02 18:00,2026-08-03 15:48,36,72,1048801.0
TR1012391,DCL1012391,TRD0376,OFF3,OFF4,2025-04-24 09:00,2025-04-25 20:13,36,72,1390383.0
TR1012392,DCL1012392,TRD0376,OFF2,OFF1,2026-02-02 07:00,2026-02-04 04:39,36,72,481834.0
TR1012393,DCL1012393,TRD0376,OFF1,OFF2,2025-12-30 08:00,2025-12-31 11:43,36,72,775163.0
TR1012394,DCL1012394,TRD0376,OFF2,OFF5,2026-06-29 06:00,2026-06-30 02:06,30,60,502890.0
TR1012395,DCL1012395,TRD0376,OFF6,OFF2,2026-02-17 19:00,2026-02-18 17:40,36,72,1569280.0
TR1012396,DCL1012396,TRD0376,OFF6,OFF1,2026-09-04 18:00,2026-09-06 13:36,36,72,920821.0
TR1012397,DCL1012397,TRD0376,OFF3,OFF5,2026-06-06 19:00,2026-06-08 11:58,36,72,1654417.0
TR1012398,DCL1012398,TRD0109,OFF1,OFF2,2025-12-29 13:00,2025-12-30 22:51,36,72,1934714.0
TR1012399,DCL1012399,TRD0109,OFF1,OFF4,2025-09-15 17:00,2025-09-16 21:14,30,60,404185.0
TR1012400,DCL1012400,TRD0376,OFF6,OFF2,2025-12-11 09:00,2025-12-13 05:04,36,72,816701.0
TR1012401,DCL1012401,TRD0038,OFF2,OFF5,2024-12-31 12:00,2025-01-03 19:27,30,60,1055618.0
TR1012402,DCL1012402,TRD0376,OFF1,OFF4,2025-10-24 07:00,2025-10-25 05:02,30,60,2059278.0
TR1012403,DCL1012403,TRD0280,OFF6,OFF5,2026-09-30 06:00,2026-10-01 03:44,36,72,3161822.0
TR1012404,DCL1012404,TRD0280,OFF6,OFF4,2025-10-04 11:00,2025-10-06 09:26,36,72,963994.0
TR1012405,DCL1012405,TRD0376,OFF1,OFF5,2025-07-05 12:00,2025-07-07 13:52,42,84,1014131.0
TR1012406,DCL1012406,TRD0376,OFF2,OFF5,2026-02-09 16:00,2026-02-11 06:41,30,60,906559.0
TR1012407,DCL1012407,TRD0038,OFF1,OFF2,2025-09-10 07:00,,36,72,2392097.0
TR1012408,DCL1012408,TRD0180,OFF1,OFF4,2024-11-14 07:00,2024-11-15 08:25,30,60,3983597.0
TR1012409,DCL1012409,TRD0482,OFF1,OFF5,2026-08-12 08:00,2026-08-14 00:50,42,84,786293.0
TR1012410,DCL1012410,TRD0376,OFF3,OFF5,2026-09-09 10:00,2026-09-10 10:20,36,72,417200.0
TR1012411,DCL1012411,TRD0038,OFF1,OFF2,2026-06-03 19:00,,36,72,974161.0
TR1012412,DCL1012412,TRD0280,OFF3,OFF5,2026-05-13 17:00,2026-05-15 08:43,36,72,4266182.0
TR1012413,DCL1012413,TRD0376,OFF6,OFF4,2025-10-03 18:00,2025-10-04 18:36,36,72,2365958.0
TR1012414,DCL1012414,TRD0376,OFF6,OFF4,2025-02-08 19:00,2025-02-10 00:26,36,72,587125.0
TR1012415,DCL1012415,TRD0038,OFF1,OFF4,2026-04-29 13:00,,30,60,1837314.0
TR1012416,DCL1012416,TRD0482,OFF6,OFF2,2026-04-24 18:00,2026-04-26 15:10,36,72,901099.0
TR1012417,DCL1012417,TRD0376,OFF2,OFF4,2025-04-14 17:00,2025-04-16 10:06,36,72,1665337.0
TR1012418,DCL1012418,TRD0140,OFF2,OFF5,2025-11-16 08:00,2025-11-17 02:32,30,60,1047175.0
TR1012419,DCL1012419,TRD0356,OFF1,OFF2,2025-10-05 19:00,2025-10-07 14:22,36,72,818878.0
TR1012420,DCL1012420,TRD0376,OFF2,OFF4,2026-01-24 18:00,2026-01-26 12:21,36,72,1761239.0
TR1012421,DCL1012421,TRD0376,OFF1,OFF5,2026-04-16 06:00,2026-04-18 00:28,42,84,405562.0
TR1012422,DCL1012422,TRD0109,OFF2,OFF1,2026-04-21 19:00,2026-04-23 10:59,36,72,683142.0
TR1012423,DCL1012423,TRD0376,OFF1,OFF2,2026-02-02 10:00,2026-02-03 13:56,36,72,994505.0
TR1012424,DCL1012424,TRD0376,OFF6,OFF4,2026-07-18 14:00,2026-07-19 12:01,36,72,1361595.0
TR1012425,DCL1012425,TRD0376,OFF2,OFF4,2025-06-05 11:00,2025-06-06 16:50,36,72,918882.0
TR1012426,DCL1012426,TRD0376,OFF1,OFF2,2025-07-28 09:00,2025-07-29 21:16,36,72,756321.0
TR1012427,DCL1012427,TRD0376,OFF1,OFF5,2024-11-19 08:00,2024-11-21 02:05,42,84,3670000.0
TR1012428,DCL1012428,TRD0376,OFF2,OFF1,2025-04-28 11:00,2025-04-30 04:11,36,72,524961.0
TR1012429,DCL1012429,TRD0038,OFF1,OFF2,2025-09-17 09:00,2025-09-19 23:38,36,72,703052.0
TR1012430,DCL1012430,TRD0376,OFF1,OFF5,2025-06-04 18:00,2025-06-06 20:23,42,84,1385804.0
TR1012431,DCL1012431,TRD0376,OFF1,OFF2,2025-02-12 15:00,2025-02-14 11:38,36,72,297183.0
TR1012432,DCL1012432,TRD0376,OFF2,OFF4,2024-12-22 12:00,2024-12-23 15:17,36,72,4193212.0
TR1012433,DCL1012433,TRD0376,OFF1,OFF4,2025-07-03 19:00,2025-07-04 16:49,30,60,620039.0
TR1012434,DCL1012434,TRD0376,OFF3,OFF1,2025-06-16 19:00,2025-06-17 18:42,36,72,1213424.0
TR1012435,DCL1012435,TRD0376,OFF2,OFF5,2025-01-29 09:00,2025-01-30 10:27,30,60,2941218.0
TR1012436,DCL1012436,TRD0038,OFF1,OFF5,2024-12-01 08:00,,42,84,1521833.0
TR1012437,DCL1012437,TRD0140,OFF3,OFF4,2026-02-10 15:00,2026-02-12 00:16,36,72,550483.0
TR1012438,DCL1012438,TRD0280,OFF2,OFF5,2025-04-30 10:00,2025-05-01 22:10,30,60,2110955.0
TR1012439,DCL1012439,TRD0376,OFF3,OFF4,2025-03-18 17:00,2025-03-20 12:39,36,72,729837.0
TR1012440,DCL1012440,TRD0280,OFF2,OFF4,2025-01-01 15:00,2025-01-03 00:52,36,72,5656784.0
TR1012441,DCL1012441,TRD0376,OFF1,OFF2,2025-10-09 18:00,2025-10-10 22:28,36,72,731078.0
TR1012442,DCL1012442,TRD0376,OFF3,OFF1,2026-01-30 14:00,2026-02-01 09:12,36,72,3330142.0
TR1012443,DCL1012443,TRD0376,OFF1,OFF2,2025-08-19 06:00,2025-08-21 02:40,36,72,643997.0
TR1012444,DCL1012444,TRD0376,OFF1,OFF5,2026-05-24 14:00,2026-05-26 19:15,42,84,631462.0
TR1012445,DCL1012445,TRD0376,OFF2,OFF5,2025-03-20 08:00,2025-03-21 18:47,30,60,376859.0
TR1012446,DCL1012446,TRD0376,OFF1,OFF4,2025-02-22 07:00,2025-02-23 13:32,30,60,643086.0
TR1012447,DCL1012447,TRD0376,OFF1,OFF4,2026-07-16 13:00,2026-07-17 11:57,30,60,1596365.0
TR1012448,DCL1012448,TRD0376,OFF1,OFF4,2026-02-02 08:00,2026-02-03 15:46,30,60,1427223.0
TR1012449,DCL1012449,TRD0376,OFF1,OFF5,2026-02-10 17:00,2026-02-12 11:47,42,84,1064994.0
TR1012450,DCL1012450,TRD0266,OFF1,OFF4,2026-09-27 12:00,2026-09-28 08:55,30,60,2694204.0
TR1012451,DCL1012451,TRD0376,OFF3,OFF5,2026-03-01 06:00,2026-03-02 15:20,36,72,906454.0
TR1012452,DCL1012452,TRD0376,OFF1,OFF4,2026-06-12 17:00,2026-06-13 13:20,30,60,1361363.0
TR1012453,DCL1012453,TRD0482,OFF1,OFF5,2024-12-19 07:00,2024-12-20 21:17,42,84,3524774.0
TR1012454,DCL1012454,TRD0266,OFF1,OFF5,2026-02-10 14:00,2026-02-11 15:24,42,84,3854825.0
TR1012455,DCL1012455,TRD0180,OFF1,OFF4,2025-05-01 07:00,2025-05-02 04:00,30,60,609562.0
TR1012456,DCL1012456,TRD0038,OFF6,OFF2,2026-06-12 07:00,2026-06-15 15:29,36,72,1912512.0
TR1012457,DCL1012457,TRD0376,OFF2,OFF4,2025-02-04 17:00,2025-02-05 22:17,36,72,1243626.0
TR1012458,DCL1012458,TRD0376,OFF3,OFF1,2025-07-27 10:00,2025-07-28 10:20,36,72,608612.0
TR1012459,DCL1012459,TRD0376,OFF1,OFF2,2026-09-11 16:00,2026-09-13 04:03,36,72,596934.0
TR1012460,DCL1012460,TRD0376,OFF1,OFF5,2026-02-20 13:00,2026-02-22 17:22,42,84,1214797.0
TR1012461,DCL1012461,TRD0280,OFF1,OFF4,2026-05-26 12:00,2026-05-27 18:44,30,60,1083262.0
TR1012462,DCL1012462,TRD0591,OFF2,OFF1,2026-06-25 18:00,2026-06-27 08:36,36,72,1027737.0
TR1012463,DCL1012463,TRD0140,OFF3,OFF5,2025-05-04 08:00,2025-05-06 02:17,36,72,393089.0
TR1012464,DCL1012464,TRD0038,OFF1,OFF2,2025-04-24 11:00,,36,72,768923.0
TR1012465,DCL1012465,TRD0180,OFF2,OFF1,2026-05-15 12:00,2026-05-16 21:20,36,72,406959.0
TR1012466,DCL1012466,TRD0109,OFF6,OFF1,2025-11-26 15:00,2025-11-27 12:40,36,72,279728.0
TR1012467,DCL1012467,TRD0180,OFF2,OFF1,2025-07-03 17:00,2025-07-05 07:52,36,72,1455021.0
TR1012468,DCL1012468,TRD0038,OFF2,OFF4,2024-11-11 14:00,2024-11-15 18:19,36,72,2507581.0
TR1012469,DCL1012469,TRD0376,OFF3,OFF1,2025-06-25 11:00,2025-06-27 02:20,36,72,1677536.0
TR1012470,DCL1012470,TRD0280,OFF3,OFF5,2025-06-29 16:00,2025-06-30 20:28,36,72,572693.0
TR1012471,DCL1012471,TRD0038,OFF2,OFF5,2026-03-17 08:00,,30,60,838759.0
TR1012472,DCL1012472,TRD0482,OFF6,OFF4,2026-03-05 06:00,2026-03-07 01:48,36,72,1119887.0
TR1012473,DCL1012473,TRD0038,OFF3,OFF5,2024-11-10 09:00,,36,72,773746.0
TR1012474,DCL1012474,TRD0376,OFF1,OFF4,2025-05-11 09:00,2025-05-12 10:04,30,60,770882.0
TR1012475,DCL1012475,TRD0376,OFF6,OFF5,2025-05-24 12:00,2025-05-25 17:37,36,72,1252153.0
TR1012476,DCL1012476,TRD0545,OFF1,OFF5,2025-01-20 15:00,2025-01-22 00:31,42,84,1662629.0
TR1012477,DCL1012477,TRD0109,OFF1,OFF4,2026-01-02 12:00,2026-01-04 01:19,30,60,258581.0
TR1012478,DCL1012478,TRD0180,OFF1,OFF4,2024-10-14 08:00,2024-10-15 05:15,30,60,1511075.0
TR1012479,DCL1012479,TRD0376,OFF2,OFF5,2026-05-12 13:00,2026-05-13 09:37,30,60,536629.0
TR1012480,DCL1012480,TRD0376,OFF1,OFF4,2026-07-04 06:00,2026-07-05 00:36,30,60,1652893.0
TR1012481,DCL1012481,TRD0376,OFF1,OFF2,2025-10-09 19:00,2025-10-11 11:08,36,72,1739913.0
TR1012482,DCL1012482,TRD0376,OFF1,OFF2,2026-03-16 07:00,2026-03-17 18:33,36,72,677325.0
TR1012483,DCL1012483,TRD0376,OFF2,OFF1,2026-08-25 12:00,2026-08-26 19:02,36,72,565269.0
TR1012484,DCL1012484,TRD0376,OFF2,OFF5,2025-06-20 07:00,2025-06-21 13:34,30,60,1275236.0
TR1012485,DCL1012485,TRD0038,OFF1,OFF5,2026-03-19 07:00,2026-03-24 12:14,42,84,648643.0
TR1012486,DCL1012486,TRD0280,OFF1,OFF5,2025-06-25 11:00,2025-06-26 13:41,42,84,1056552.0
TR1012487,DCL1012487,TRD0376,OFF1,OFF5,2025-11-24 11:00,2025-11-26 14:33,42,84,1089170.0
TR1012488,DCL1012488,TRD0109,OFF6,OFF4,2026-03-02 14:00,2026-03-04 00:54,36,72,702252.0
TR1012489,DCL1012489,TRD0280,OFF1,OFF2,2026-08-01 07:00,2026-08-02 19:51,36,72,694787.0
TR1012490,DCL1012490,TRD0038,OFF2,OFF5,2025-05-11 11:00,,30,60,1096573.0
TR1012491,DCL1012491,TRD0109,OFF1,OFF2,2025-03-15 09:00,2025-03-17 04:56,36,72,911550.0
TR1012492,DCL1012492,TRD0376,OFF6,OFF5,2026-05-20 10:00,2026-05-21 08:06,36,72,375494.0
TR1012493,DCL1012493,TRD0376,OFF6,OFF1,2026-05-09 15:00,2026-05-11 12:36,36,72,504669.0
TR1012494,DCL1012494,TRD0376,OFF6,OFF2,2026-04-03 19:00,2026-04-05 08:19,36,72,1977747.0
TR1012495,DCL1012495,TRD0180,OFF3,OFF2,2026-05-07 17:00,2026-05-09 13:07,36,72,2025155.0
TR1012496,DCL1012496,TRD0109,OFF6,OFF1,2026-08-28 15:00,2026-08-29 19:51,36,72,1604738.0
TR1012497,DCL1012497,TRD0376,OFF1,OFF2,2026-02-20 06:00,2026-02-21 09:03,36,72,993566.0
TR1012498,DCL1012498,TRD0140,OFF1,OFF2,2025-08-24 18:00,2025-08-26 01:59,36,72,883856.0
TR1012499,DCL1012499,TRD0280,OFF1,OFF4,2025-12-28 14:00,2025-12-29 20:07,30,60,2693976.0
TR1012500,DCL1012500,TRD0038,OFF3,OFF5,2025-11-07 17:00,,36,72,856419.0
TR1012501,DCL1012501,TRD0376,OFF2,OFF1,2026-01-03 08:00,2026-01-04 12:23,36,72,600089.0
TR1012502,DCL1012502,TRD0109,OFF1,OFF4,2025-02-18 19:00,2025-02-20 04:30,30,60,311870.0
TR1012503,DCL1012503,TRD0038,OFF2,OFF5,2025-03-30 16:00,2025-04-03 05:09,30,60,2969068.0
TR1012504,DCL1012504,TRD0376,OFF1,OFF2,2025-05-27 15:00,2025-05-28 19:25,36,72,1683419.0
TR1012505,DCL1012505,TRD0376,OFF2,OFF5,2026-08-01 07:00,2026-08-02 15:28,30,60,767568.0
TR1012506,DCL1012506,TRD0376,OFF2,OFF5,2026-08-13 15:00,2026-08-14 12:38,30,60,421004.0
TR1012507,DCL1012507,TRD0038,OFF1,OFF2,2025-01-03 14:00,2025-01-06 14:00,36,72,2048425.0
TR1012508,DCL1012508,TRD0140,OFF1,OFF4,2026-08-09 06:00,2026-08-10 00:59,30,60,458782.0
TR1012509,DCL1012509,TRD0376,OFF2,OFF4,2026-06-09 11:00,2026-06-10 20:32,36,72,1019945.0
TR1012510,DCL1012510,TRD0038,OFF2,OFF1,2025-12-28 07:00,,36,72,2628304.0
TR1012511,DCL1012511,TRD0280,OFF1,OFF5,2024-10-20 07:00,2024-10-22 03:47,42,84,1856971.0
TR1012512,DCL1012512,TRD0280,OFF6,OFF1,2025-11-25 12:00,2025-11-27 05:33,36,72,2314016.0
TR1012513,DCL1012513,TRD0376,OFF3,OFF5,2024-11-24 18:00,2024-11-26 04:46,36,72,562154.0
TR1012514,DCL1012514,TRD0356,OFF2,OFF1,2025-11-21 11:00,2025-11-22 11:25,36,72,1799515.0
TR1012515,DCL1012515,TRD0376,OFF2,OFF4,2026-04-29 18:00,2026-05-01 02:15,36,72,298523.0
TR1012516,DCL1012516,TRD0376,OFF1,OFF4,2025-03-13 07:00,2025-03-14 08:23,30,60,879265.0
TR1012517,DCL1012517,TRD0038,OFF1,OFF4,2025-07-13 10:00,2025-07-16 00:55,30,60,993705.0
TR1012518,DCL1012518,TRD0376,OFF1,OFF5,2025-05-25 12:00,2025-05-26 23:22,42,84,546628.0
TR1012519,DCL1012519,TRD0376,OFF6,OFF4,2026-04-05 08:00,2026-04-07 06:19,36,72,667578.0
TR1012520,DCL1012520,TRD0376,OFF2,OFF4,2024-10-16 06:00,2024-10-17 05:18,36,72,1043053.0
TR1012521,DCL1012521,TRD0591,OFF6,OFF1,2025-09-15 07:00,2025-09-16 12:29,36,72,570351.0
TR1012522,DCL1012522,TRD0280,OFF6,OFF5,2025-03-03 15:00,2025-03-05 07:44,36,72,1461583.0
TR1012523,DCL1012523,TRD0376,OFF2,OFF1,2026-07-02 13:00,2026-07-03 12:17,36,72,1640875.0
TR1012524,DCL1012524,TRD0038,OFF1,OFF4,2026-09-29 17:00,2026-10-02 23:54,30,60,2347542.0
TR1012525,DCL1012525,TRD0376,OFF2,OFF5,2025-09-10 09:00,2025-09-11 22:41,30,60,4337252.0
TR1012526,DCL1012526,TRD0376,OFF6,OFF4,2026-04-02 18:00,2026-04-03 22:55,36,72,490840.0
TR1012527,DCL1012527,TRD0038,OFF1,OFF5,2026-04-30 14:00,2026-05-04 06:59,42,84,3776292.0
TR1012528,DCL1012528,TRD0482,OFF1,OFF4,2025-03-15 17:00,2025-03-17 01:27,30,60,4746904.0
TR1012529,DCL1012529,TRD0038,OFF1,OFF2,2025-03-11 10:00,2025-03-14 10:48,36,72,1479515.0
TR1012530,DCL1012530,TRD0376,OFF1,OFF4,2024-10-20 11:00,2024-10-21 10:16,30,60,1069249.0
TR1012531,DCL1012531,TRD0376,OFF3,OFF1,2025-08-28 15:00,2025-08-30 02:56,36,72,3091944.0
TR1012532,DCL1012532,TRD0376,OFF6,OFF5,2025-04-18 12:00,2025-04-20 04:14,36,72,1469233.0
TR1012533,DCL1012533,TRD0545,OFF1,OFF2,2025-01-14 15:00,2025-01-16 05:09,36,72,916950.0
TR1012534,DCL1012534,TRD0376,OFF1,OFF4,2026-07-09 18:00,2026-07-10 19:07,30,60,2052192.0
TR1012535,DCL1012535,TRD0376,OFF2,OFF1,2025-07-24 14:00,2025-07-25 15:01,36,72,819693.0
TR1012536,DCL1012536,TRD0280,OFF6,OFF5,2024-12-01 12:00,2024-12-03 09:57,36,72,2194202.0
TR1012537,DCL1012537,TRD0376,OFF1,OFF2,2025-01-08 18:00,2025-01-09 15:41,36,72,1590496.0
TR1012538,DCL1012538,TRD0109,OFF1,OFF4,2025-09-26 19:00,2025-09-28 08:53,30,60,1081373.0
TR1012539,DCL1012539,TRD0376,OFF1,OFF4,2026-09-05 17:00,2026-09-06 16:31,30,60,390633.0
TR1012540,DCL1012540,TRD0140,OFF3,OFF1,2024-10-29 13:00,2024-10-30 23:41,36,72,546987.0
TR1012541,DCL1012541,TRD0376,OFF3,OFF2,2025-12-13 18:00,2025-12-14 21:25,36,72,1766658.0
TR1012542,DCL1012542,TRD0376,OFF2,OFF5,2026-04-18 17:00,2026-04-20 07:25,30,60,597270.0
TR1012543,DCL1012543,TRD0280,OFF3,OFF1,2026-01-09 15:00,2026-01-10 14:44,36,72,3084464.0
TR1012544,DCL1012544,TRD0038,OFF2,OFF5,2026-08-13 14:00,2026-08-15 12:10,30,60,1240268.0
TR1012545,DCL1012545,TRD0376,OFF1,OFF4,2025-02-22 07:00,2025-02-23 15:39,30,60,3462515.0
TR1012546,DCL1012546,TRD0376,OFF6,OFF5,2024-11-09 15:00,2024-11-11 07:42,36,72,553054.0
TR1012547,DCL1012547,TRD0482,OFF3,OFF5,2026-09-28 08:00,2026-09-29 18:37,36,72,1872933.0
TR1012548,DCL1012548,TRD0180,OFF3,OFF1,2025-08-05 09:00,2025-08-07 02:04,36,72,1322925.0
TR1012549,DCL1012549,TRD0280,OFF2,OFF1,2026-07-04 10:00,2026-07-06 03:37,36,72,4394216.0
TR1012550,DCL1012550,TRD0376,OFF2,OFF1,2025-01-22 13:00,2025-01-24 03:41,36,72,354635.0
TR1012551,DCL1012551,TRD0376,OFF3,OFF2,2025-06-26 15:00,2025-06-27 15:58,36,72,989178.0
TR1012552,DCL1012552,TRD0376,OFF1,OFF2,2024-11-15 14:00,2024-11-17 00:40,36,72,2142149.0
TR1012553,DCL1012553,TRD0180,OFF1,OFF2,2025-12-24 07:00,2025-12-25 08:08,36,72,704120.0
TR1012554,DCL1012554,TRD0376,OFF1,OFF2,2024-10-31 08:00,2024-11-01 15:07,36,72,1302794.0
TR1012555,DCL1012555,TRD0376,OFF6,OFF5,2026-06-09 15:00,2026-06-11 07:23,36,72,1333806.0
TR1012556,DCL1012556,TRD0376,OFF2,OFF5,2025-08-28 08:00,2025-08-29 19:55,30,60,1080359.0
TR1012557,DCL1012557,TRD0376,OFF3,OFF4,2025-05-25 13:00,2025-05-27 10:08,36,72,831328.0
TR1012558,DCL1012558,TRD0376,OFF1,OFF5,2026-03-09 19:00,2026-03-11 11:33,42,84,1642917.0
TR1012559,DCL1012559,TRD0376,OFF6,OFF5,2025-03-06 14:00,2025-03-07 12:12,36,72,2463431.0
TR1012560,DCL1012560,TRD0376,OFF1,OFF5,2024-10-08 18:00,2024-10-10 12:08,42,84,502850.0
TR1012561,DCL1012561,TRD0280,OFF1,OFF4,2025-11-30 10:00,2025-12-01 08:04,30,60,2031322.0
TR1012562,DCL1012562,TRD0376,OFF6,OFF2,2026-06-23 19:00,2026-06-24 20:20,36,72,1393474.0
TR1012563,DCL1012563,TRD0180,OFF1,OFF4,2025-10-03 14:00,2025-10-05 01:12,30,60,2246198.0
TR1012564,DCL1012564,TRD0038,OFF1,OFF5,2026-05-20 11:00,,42,84,1904435.0
TR1012565,DCL1012565,TRD0376,OFF1,OFF4,2025-05-19 19:00,2025-05-20 17:42,30,60,528757.0
TR1012566,DCL1012566,TRD0266,OFF1,OFF2,2025-11-17 17:00,2025-11-19 00:45,36,72,2206977.0
TR1012567,DCL1012567,TRD0280,OFF1,OFF5,2025-07-11 13:00,2025-07-13 11:22,42,84,2097147.0
TR1012568,DCL1012568,TRD0356,OFF2,OFF5,2025-04-18 18:00,2025-04-19 23:41,30,60,401867.0
TR1012569,DCL1012569,TRD0280,OFF6,OFF4,2026-05-12 19:00,2026-05-14 14:38,36,72,2838864.0
TR1012570,DCL1012570,TRD0376,OFF1,OFF5,2026-08-17 15:00,2026-08-19 15:40,42,84,528721.0
TR1012571,DCL1012571,TRD0376,OFF2,OFF5,2025-01-11 06:00,2025-01-12 17:17,30,60,1049002.0
TR1012572,DCL1012572,TRD0109,OFF2,OFF5,2026-09-06 17:00,2026-09-08 07:22,30,60,434484.0
TR1012573,DCL1012573,TRD0376,OFF3,OFF1,2025-02-13 16:00,2025-02-15 07:44,36,72,276617.0
TR1012574,DCL1012574,TRD0280,OFF1,OFF5,2025-05-12 19:00,2025-05-14 03:50,42,84,1349375.0
TR1012575,DCL1012575,TRD0376,OFF2,OFF4,2024-12-04 15:00,2024-12-05 22:16,36,72,1127659.0
TR1012576,DCL1012576,TRD0376,OFF1,OFF4,2024-11-04 12:00,2024-11-05 22:59,30,60,1590761.0
TR1012577,DCL1012577,TRD0376,OFF2,OFF4,2025-01-31 11:00,2025-02-02 05:14,36,72,512897.0
TR1012578,DCL1012578,TRD0038,OFF1,OFF2,2025-04-19 12:00,2025-04-23 23:44,36,72,3963231.0
TR1012579,DCL1012579,TRD0109,OFF1,OFF2,2025-12-01 13:00,2025-12-03 00:59,36,72,685536.0
TR1012580,DCL1012580,TRD0280,OFF1,OFF4,2026-05-31 11:00,2026-06-01 07:15,30,60,2067164.0
TR1012581,DCL1012581,TRD0376,OFF1,OFF2,2026-03-02 17:00,2026-03-04 00:24,36,72,451987.0
TR1012582,DCL1012582,TRD0376,OFF2,OFF1,2025-05-24 18:00,2025-05-26 16:39,36,72,830254.0
TR1012583,DCL1012583,TRD0376,OFF6,OFF2,2025-01-31 13:00,2025-02-01 21:33,36,72,697632.0
TR1012584,DCL1012584,TRD0376,OFF1,OFF4,2026-04-24 16:00,2026-04-26 03:56,30,60,1525371.0
TR1012585,DCL1012585,TRD0376,OFF1,OFF5,2024-11-02 07:00,2024-11-03 22:25,42,84,740969.0
TR1012586,DCL1012586,TRD0180,OFF1,OFF2,2025-11-17 18:00,2025-11-19 05:24,36,72,488165.0
TR1012587,DCL1012587,TRD0180,OFF1,OFF2,2026-04-04 17:00,2026-04-06 05:30,36,72,682969.0
TR1012588,DCL1012588,TRD0109,OFF1,OFF4,2026-03-10 09:00,2026-03-11 12:29,30,60,258837.0
TR1012589,DCL1012589,TRD0376,OFF1,OFF4,2025-08-23 08:00,2025-08-24 02:20,30,60,1190967.0
TR1012590,DCL1012590,TRD0038,OFF1,OFF5,2026-05-01 16:00,2026-05-05 03:46,42,84,734998.0
TR1012591,DCL1012591,TRD0376,OFF1,OFF4,2025-04-24 16:00,2025-04-25 14:03,30,60,422810.0
TR1012592,DCL1012592,TRD0038,OFF1,OFF5,2026-03-07 18:00,,42,84,2570630.0
TR1012593,DCL1012593,TRD0038,OFF1,OFF2,2024-12-09 10:00,,36,72,952069.0
TR1012594,DCL1012594,TRD0376,OFF3,OFF1,2026-05-02 08:00,2026-05-03 13:32,36,72,613203.0
TR1012595,DCL1012595,TRD0376,OFF1,OFF5,2025-11-08 11:00,2025-11-10 16:33,42,84,585005.0
TR1012596,DCL1012596,TRD0376,OFF2,OFF4,2026-02-08 15:00,2026-02-10 00:34,36,72,1285963.0
TR1012597,DCL1012597,TRD0376,OFF1,OFF4,2026-04-01 07:00,2026-04-02 05:07,30,60,3509034.0
TR1012598,DCL1012598,TRD0376,OFF1,OFF5,2025-05-15 16:00,2025-05-17 18:41,42,84,2489000.0
TR1012599,DCL1012599,TRD0109,OFF1,OFF2,2026-06-03 16:00,2026-06-05 12:55,36,72,710579.0
TR1012600,DCL1012600,TRD0376,OFF3,OFF1,2026-05-17 09:00,2026-05-19 05:41,36,72,1943367.0
TR1012601,DCL1012601,TRD0376,OFF1,OFF5,2026-02-10 18:00,2026-02-12 02:40,42,84,1181545.0
TR1012602,DCL1012602,TRD0280,OFF1,OFF4,2025-12-17 13:00,2025-12-18 15:18,30,60,2085628.0
TR1012603,DCL1012603,TRD0038,OFF1,OFF2,2025-04-17 14:00,,36,72,2214588.0
TR1012604,DCL1012604,TRD0376,OFF3,OFF4,2026-05-02 18:00,2026-05-03 21:06,36,72,978542.0
TR1012605,DCL1012605,TRD0180,OFF1,OFF5,2026-05-08 19:00,2026-05-09 21:40,42,84,660615.0
TR1012606,DCL1012606,TRD0376,OFF1,OFF2,2025-02-07 09:00,2025-02-09 05:24,36,72,848354.0
TR1012607,DCL1012607,TRD0376,OFF3,OFF4,2025-03-16 15:00,2025-03-18 05:32,36,72,906144.0
TR1012608,DCL1012608,TRD0376,OFF6,OFF4,2026-07-21 12:00,2026-07-22 11:04,36,72,1519284.0
TR1012609,DCL1012609,TRD0109,OFF3,OFF1,2026-05-27 06:00,2026-05-28 03:54,36,72,271407.0
TR1012610,DCL1012610,TRD0376,OFF1,OFF4,2026-02-05 11:00,2026-02-06 13:20,30,60,1030090.0
TR1012611,DCL1012611,TRD0376,OFF1,OFF4,2025-11-18 18:00,2025-11-19 20:07,30,60,576342.0
TR1012612,DCL1012612,TRD0038,OFF6,OFF4,2026-05-16 12:00,,36,72,704224.0
TR1012613,DCL1012613,TRD0376,OFF2,OFF4,2025-03-04 19:00,2025-03-05 19:57,36,72,750291.0
TR1012614,DCL1012614,TRD0038,OFF3,OFF5,2026-04-26 17:00,2026-04-29 21:37,36,72,2011570.0
TR1012615,DCL1012615,TRD0376,OFF1,OFF5,2025-05-26 15:00,2025-05-27 17:13,42,84,806867.0
TR1012616,DCL1012616,TRD0038,OFF1,OFF2,2025-05-03 10:00,2025-05-07 18:02,36,72,3388768.0
TR1012617,DCL1012617,TRD0180,OFF1,OFF4,2025-08-11 17:00,2025-08-13 06:09,30,60,7642710.0
TR1012618,DCL1012618,TRD0376,OFF1,OFF5,2026-09-10 19:00,2026-09-11 20:28,42,84,1042174.0
TR1012619,DCL1012619,TRD0376,OFF1,OFF4,2025-10-01 09:00,2025-10-02 05:11,30,60,556399.0
TR1012620,DCL1012620,TRD0376,OFF2,OFF5,2025-06-29 08:00,2025-06-30 11:26,30,60,2288345.0
TR1012621,DCL1012621,TRD0376,OFF6,OFF2,2024-10-01 14:00,2024-10-02 14:10,36,72,853111.0
TR1012622,DCL1012622,TRD0109,OFF3,OFF4,2025-07-21 16:00,2025-07-22 17:21,36,72,216892.0
TR1012623,DCL1012623,TRD0280,OFF1,OFF5,2025-03-09 13:00,2025-03-11 00:01,42,84,9327731.0
TR1012624,DCL1012624,TRD0109,OFF6,OFF4,2025-09-18 17:00,2025-09-20 14:54,36,72,1509127.0
TR1012625,DCL1012625,TRD0376,OFF2,OFF1,2025-12-03 06:00,2025-12-04 14:08,36,72,1180717.0
TR1012626,DCL1012626,TRD0109,OFF1,OFF4,2025-09-27 06:00,2025-09-28 08:25,30,60,521569.0
TR1012627,DCL1012627,TRD0376,OFF6,OFF2,2025-04-04 09:00,2025-04-05 14:11,36,72,390773.0
TR1012628,DCL1012628,TRD0376,OFF1,OFF2,2026-04-04 08:00,2026-04-05 06:29,36,72,1243702.0
TR1012629,DCL1012629,TRD0376,OFF1,OFF2,2025-03-03 19:00,2025-03-05 07:50,36,72,1375384.0
TR1012630,DCL1012630,TRD0280,OFF1,OFF4,2026-09-25 17:00,2026-09-26 12:15,30,60,1818987.0
TR1012631,DCL1012631,TRD0482,OFF2,OFF4,2025-02-12 07:00,2025-02-13 09:02,36,72,5247772.0
TR1012632,DCL1012632,TRD0376,OFF1,OFF4,2025-10-11 08:00,2025-10-12 18:55,30,60,713322.0
TR1012633,DCL1012633,TRD0376,OFF1,OFF4,2026-06-23 10:00,2026-06-24 07:23,30,60,592117.0
TR1012634,DCL1012634,TRD0376,OFF2,OFF1,2025-05-07 07:00,2025-05-08 05:03,36,72,524606.0
TR1012635,DCL1012635,TRD0376,OFF1,OFF5,2026-04-05 14:00,2026-04-06 19:58,42,84,755347.0
TR1012636,DCL1012636,TRD0376,OFF1,OFF2,2026-09-15 06:00,2026-09-16 22:41,36,72,578890.0
TR1012637,DCL1012637,TRD0038,OFF2,OFF1,2025-07-21 17:00,2025-07-23 19:49,36,72,2279098.0
TR1012638,DCL1012638,TRD0266,OFF1,OFF4,2026-03-26 08:00,2026-03-27 16:13,30,60,40124630.0
TR1012639,DCL1012639,TRD0038,OFF1,OFF4,2025-04-01 19:00,,30,60,4540481.0
TR1012640,DCL1012640,TRD0280,OFF2,OFF1,2024-10-24 12:00,2024-10-26 06:40,36,72,2938472.0
TR1012641,DCL1012641,TRD0180,OFF2,OFF5,2024-12-26 11:00,2024-12-27 11:26,30,60,553328.0
TR1012642,DCL1012642,TRD0376,OFF1,OFF5,2026-06-05 15:00,2026-06-07 14:14,42,84,742936.0
TR1012643,DCL1012643,TRD0376,OFF1,OFF5,2025-03-07 06:00,2025-03-08 08:42,42,84,1875682.0
TR1012644,DCL1012644,TRD0376,OFF1,OFF4,2026-09-07 08:00,2026-09-08 09:43,30,60,594873.0
TR1012645,DCL1012645,TRD0376,OFF2,OFF5,2025-06-21 06:00,2025-06-22 00:28,30,60,983426.0
TR1012646,DCL1012646,TRD0376,OFF1,OFF4,2026-05-09 09:00,2026-05-10 17:52,30,60,5273704.0
TR1012647,DCL1012647,TRD0545,OFF6,OFF5,2026-05-09 13:00,2026-05-11 02:06,36,72,1650963.0
TR1012648,DCL1012648,TRD0376,OFF1,OFF2,2025-12-16 14:00,2025-12-18 05:20,36,72,732110.0
TR1012649,DCL1012649,TRD0280,OFF2,OFF1,2026-09-30 08:00,2026-10-01 08:53,36,72,636400.0
TR1012650,DCL1012650,TRD0280,OFF2,OFF5,2024-12-18 16:00,2024-12-19 15:45,30,60,1312869.0
TR1012651,DCL1012651,TRD0280,OFF3,OFF5,2025-02-10 12:00,2025-02-12 03:33,36,72,3219065.0
TR1012652,DCL1012652,TRD0482,OFF1,OFF5,2025-12-04 06:00,2025-12-05 07:22,42,84,879667.0
TR1012653,DCL1012653,TRD0376,OFF1,OFF4,2026-07-17 07:00,2026-07-18 02:10,30,60,1267987.0
