operator_id,period,opening_stock_lcu,entered_lcu,exited_lcu,declared_stock_lcu
IMP00460,2023-10,31428617.0,13629643.0,13356569.0,29709678.0
IMP00460,2023-11,29709678.0,11850329.0,10352407.0,29531339.0
IMP00460,2023-12,29531339.0,3659759.0,3446133.0,29329872.0
IMP00460,2024-01,29329872.0,25671473.0,25927911.0,26507384.0
IMP00460,2024-02,26507384.0,19432815.0,18861099.0,24203712.0
IMP00460,2024-03,24203712.0,14384121.0,12627095.0,23871735.0
IMP00460,2024-04,23871735.0,16092997.0,15350238.0,22744849.0
IMP00460,2024-05,22744849.0,17566927.0,15125404.0,22661843.0
IMP00460,2024-06,22661843.0,14885580.0,15219466.0,19975837.0
IMP00460,2024-07,19975837.0,8861988.0,7894479.0,19565055.0
IMP00460,2024-08,19565055.0,13951669.0,13355551.0,18170158.0
IMP00460,2024-09,18170158.0,11112437.0,10432380.0,17721320.0
IMP00460,2024-10,17721320.0,6843423.0,7132570.0,16779879.0
IMP00460,2024-11,16779879.0,5245738.0,4688521.0,16836318.0
IMP00460,2024-12,16836318.0,8226091.0,7026395.0,17055451.0
IMP00460,2025-01,17055451.0,13512521.0,11507186.0,17474285.0
IMP00460,2025-02,17474285.0,23311270.0,24133631.0,13924186.0
IMP00460,2025-03,13924186.0,16333680.0,17124175.0,10990020.0
IMP00460,2025-04,10990020.0,16277181.0,15334561.0,9740715.0
IMP00460,2025-05,9740715.0,12965312.0,11549895.0,9906041.0
IMP00460,2025-06,9906041.0,21508477.0,18401017.0,10441123.0
IMP00460,2025-07,10441123.0,23395950.0,23591330.0,6865419.0
IMP00460,2025-08,6865419.0,14956230.0,14569043.0,5624409.0
IMP00460,2025-09,5624409.0,24639797.0,21938065.0,6088199.0
IMP00460,2025-10,6088199.0,5976559.0,5141351.0,6052419.0
IMP00460,2025-11,6052419.0,8646205.0,8818830.0,4511882.0
IMP00460,2025-12,4511882.0,13318326.0,13422270.0,3023581.0
IMP00460,2026-01,3023581.0,19693394.0,19420923.0,1146390.0
IMP00460,2026-02,1146390.0,12949562.0,11658126.0,622308.0
IMP00460,2026-03,622308.0,18705999.0,16569987.0,607512.0
IMP00460,2026-04,607512.0,32790452.0,27969492.0,1810292.0
IMP00460,2026-05,1810292.0,14724621.0,12658177.0,1745463.0
IMP00460,2026-06,1745463.0,25151686.0,22843493.0,1562273.0
IMP00460,2026-07,1562273.0,18048955.0,16995941.0,865456.0
IMP00460,2026-08,865456.0,24096800.0,20800570.0,1319303.0
IMP00460,2026-09,1319303.0,13297135.0,13757334.0,0.0
IMP00861,2023-10,19825282.0,909893.0,881614.0,19767896.0
IMP00861,2023-11,19767896.0,12035454.0,10573230.0,19308205.0
IMP00861,2023-12,19308205.0,5550742.0,5535564.0,18720354.0
IMP00861,2024-01,18720354.0,18831138.0,16335619.0,18385582.0
IMP00861,2024-02,18385582.0,10749008.0,10729289.0,16877647.0
IMP00861,2024-03,16877647.0,7003222.0,5972704.0,17015095.0
IMP00861,2024-04,17015095.0,8741287.0,9046886.0,15772004.0
IMP00861,2024-05,15772004.0,17106507.0,17314818.0,13779073.0
IMP00861,2024-06,13779073.0,15058206.0,14593091.0,12552301.0
IMP00861,2024-07,12552301.0,9309209.0,8927634.0,11708563.0
IMP00861,2024-08,11708563.0,6809199.0,6300179.0,11561791.0
IMP00861,2024-09,11561791.0,5746632.0,5639894.0,10908698.0
IMP00861,2024-10,10908698.0,8203849.0,8107806.0,10063559.0
IMP00861,2024-11,10063559.0,2610853.0,2604472.0,9704646.0
IMP00861,2024-12,9704646.0,4193618.0,4313314.0,9076480.0
IMP00861,2025-01,9076480.0,8564755.0,7651154.0,9092093.0
IMP00861,2025-02,9092093.0,4607079.0,4141229.0,9142924.0
IMP00861,2025-03,9142924.0,8521680.0,8779618.0,7752900.0
IMP00861,2025-04,7752900.0,9044710.0,7898841.0,7722854.0
IMP00861,2025-05,7722854.0,7476622.0,7529783.0,6910442.0
IMP00861,2025-06,6910442.0,14618494.0,15304060.0,4251953.0
IMP00861,2025-07,4251953.0,10953822.0,9821515.0,4034300.0
IMP00861,2025-08,4034300.0,4898132.0,4759740.0,3512639.0
IMP00861,2025-09,3512639.0,8749343.0,7750097.0,3227280.0
IMP00861,2025-10,3227280.0,2755930.0,2829248.0,2749659.0
IMP00861,2025-11,2749659.0,12462310.0,11855561.0,1584447.0
IMP00861,2025-12,1584447.0,6521601.0,5882164.0,1449460.0
IMP00861,2026-01,1449460.0,16714148.0,15401438.0,783204.0
IMP00861,2026-02,783204.0,6934822.0,6375933.0,547747.0
IMP00861,2026-03,547747.0,11457655.0,10915758.0,0.0
IMP00861,2026-04,0.0,32480241.0,28218716.0,0.0
IMP00861,2026-05,0.0,9110122.0,7757152.0,0.0
IMP00861,2026-06,0.0,17847223.0,18287785.0,0.0
IMP00861,2026-07,0.0,10648523.0,9787756.0,0.0
IMP00861,2026-08,0.0,6815467.0,6058436.0,0.0
IMP00861,2026-09,0.0,12813572.0,12132997.0,0.0
IMP00815,2023-10,60955908.0,15895788.0,15679202.0,61143456.0
IMP00815,2023-11,61143456.0,35433346.0,35144198.0,61682848.0
IMP00815,2023-12,61682848.0,16593276.0,16000414.0,62136167.0
IMP00815,2024-01,62136167.0,38504216.0,36048698.0,65773066.0
IMP00815,2024-02,65773066.0,24005954.0,21330232.0,68428792.0
IMP00815,2024-03,68428792.0,62113474.0,61265449.0,70105165.0
IMP00815,2024-04,70105165.0,34684210.0,35187968.0,69792068.0
IMP00815,2024-05,69792068.0,30168563.0,28176891.0,71765456.0
IMP00815,2024-06,71765456.0,57252130.0,50511305.0,78983452.0
IMP00815,2024-07,78983452.0,21527803.0,20502692.0,80237408.0
IMP00815,2024-08,80237408.0,15711018.0,16315722.0,79663458.0
IMP00815,2024-09,79663458.0,19865192.0,19405589.0,79862477.0
IMP00815,2024-10,79862477.0,41637514.0,37646578.0,83519350.0
IMP00815,2024-11,83519350.0,26030209.0,24707113.0,84663391.0
IMP00815,2024-12,84663391.0,27408429.0,25892256.0,85301820.0
IMP00815,2025-01,85301820.0,59086487.0,61887769.0,82329028.0
IMP00815,2025-02,82329028.0,16834797.0,15645869.0,83492077.0
IMP00815,2025-03,83492077.0,18534510.0,16501457.0,86009126.0
IMP00815,2025-04,86009126.0,23072022.0,19714959.0,89009670.0
IMP00815,2025-05,89009670.0,21933292.0,20351310.0,90602861.0
IMP00815,2025-06,90602861.0,35662233.0,36974815.0,89296972.0
IMP00815,2025-07,89296972.0,46333844.0,46353056.0,89472070.0
IMP00815,2025-08,89472070.0,47092644.0,44767228.0,91989043.0
IMP00815,2025-09,91989043.0,32930325.0,32576647.0,92550241.0
IMP00815,2025-10,92550241.0,45982558.0,45477905.0,93695044.0
IMP00815,2025-11,93695044.0,50042211.0,50306483.0,92874060.0
IMP00815,2025-12,92874060.0,39618037.0,39943444.0,92878625.0
IMP00815,2026-01,92878625.0,11953514.0,10957147.0,93808052.0
IMP00815,2026-02,93808052.0,17738746.0,15503464.0,95641379.0
IMP00815,2026-03,95641379.0,35727228.0,32925625.0,98353654.0
IMP00815,2026-04,98353654.0,30023235.0,28933461.0,100046987.0
IMP00815,2026-05,100046987.0,17810551.0,16102821.0,102129226.0
IMP00815,2026-06,102129226.0,15334473.0,14589915.0,103074966.0
IMP00815,2026-07,103074966.0,22150352.0,21363307.0,104053120.0
IMP00815,2026-08,104053120.0,15073787.0,15822822.0,103624846.0
IMP00815,2026-09,103624846.0,27440381.0,24468686.0,107114702.0
IMP00137,2023-10,12265412.0,4188840.0,4329158.0,12100132.0
IMP00137,2023-11,12100132.0,4632037.0,4534150.0,12192597.0
IMP00137,2023-12,12192597.0,7611253.0,6721910.0,13012099.0
IMP00137,2024-01,13012099.0,3925321.0,4038412.0,12972794.0
IMP00137,2024-02,12972794.0,9688198.0,8673042.0,14145047.0
IMP00137,2024-03,14145047.0,5498357.0,5314797.0,14299157.0
IMP00137,2024-04,14299157.0,5566327.0,4789795.0,15115113.0
IMP00137,2024-05,15115113.0,5938295.0,5204584.0,15757728.0
IMP00137,2024-06,15757728.0,4162822.0,4337659.0,15578874.0
IMP00137,2024-07,15578874.0,4953078.0,5105823.0,15449712.0
IMP00137,2024-08,15449712.0,5036173.0,4422691.0,16023332.0
IMP00137,2024-09,16023332.0,5148503.0,4802000.0,16333053.0
IMP00137,2024-10,16333053.0,5716783.0,5040623.0,17035190.0
IMP00137,2024-11,17035190.0,6977718.0,6708795.0,17337738.0
IMP00137,2024-12,17337738.0,7527733.0,7328292.0,17649930.0
IMP00137,2025-01,17649930.0,7632197.0,7326598.0,17934641.0
IMP00137,2025-02,17934641.0,3774059.0,3315411.0,18376711.0
IMP00137,2025-03,18376711.0,7414038.0,7134512.0,18696299.0
IMP00137,2025-04,18696299.0,7303254.0,6516273.0,19492748.0
IMP00137,2025-05,19492748.0,7873840.0,7380526.0,19937343.0
IMP00137,2025-06,19937343.0,5754807.0,5880228.0,19848972.0
IMP00137,2025-07,19848972.0,5892040.0,5794788.0,19793865.0
IMP00137,2025-08,19793865.0,3640808.0,3498252.0,19958414.0
IMP00137,2025-09,19958414.0,13671163.0,12332115.0,21413772.0
IMP00137,2025-10,21413772.0,5428400.0,5029760.0,21823590.0
IMP00137,2025-11,21823590.0,8722714.0,8103021.0,22406493.0
IMP00137,2025-12,22406493.0,3725726.0,3177985.0,22996728.0
IMP00137,2026-01,22996728.0,9044987.0,9421317.0,22552841.0
IMP00137,2026-02,22552841.0,10038985.0,9201315.0,23283093.0
IMP00137,2026-03,23283093.0,4796693.0,4337294.0,23664352.0
IMP00137,2026-04,23664352.0,6200847.0,5395954.0,24654868.0
IMP00137,2026-05,24654868.0,7280423.0,6784365.0,25026678.0
IMP00137,2026-06,25026678.0,3220692.0,3022960.0,25248722.0
IMP00137,2026-07,25248722.0,4025985.0,4101919.0,25126678.0
IMP00137,2026-08,25126678.0,2972015.0,2892203.0,25213505.0
IMP00137,2026-09,25213505.0,5792311.0,5483861.0,25624474.0
IMP00744,2023-10,15061929.0,9664839.0,9297613.0,15225648.0
IMP00744,2023-11,15225648.0,8479183.0,8707931.0,15098133.0
IMP00744,2023-12,15098133.0,8921860.0,9189009.0,14798365.0
IMP00744,2024-01,14798365.0,6259953.0,5843593.0,15300117.0
IMP00744,2024-02,15300117.0,6263568.0,6415280.0,15127509.0
IMP00744,2024-03,15127509.0,7608065.0,7405209.0,15201799.0
IMP00744,2024-04,15201799.0,7533928.0,7767198.0,14964337.0
IMP00744,2024-05,14964337.0,2696030.0,2551358.0,15105657.0
IMP00744,2024-06,15105657.0,7043420.0,7380485.0,14735142.0
IMP00744,2024-07,14735142.0,6797935.0,6468303.0,15180660.0
IMP00744,2024-08,15180660.0,6596577.0,5817031.0,15931203.0
IMP00744,2024-09,15931203.0,9747863.0,9190450.0,16413580.0
IMP00744,2024-10,16413580.0,3265982.0,3329927.0,16404267.0
IMP00744,2024-11,16404267.0,9188710.0,8402636.0,17167235.0
IMP00744,2024-12,17167235.0,3447807.0,3012590.0,17702070.0
IMP00744,2025-01,17702070.0,4623895.0,4443549.0,17842891.0
IMP00744,2025-02,17842891.0,12365944.0,12509510.0,17870452.0
IMP00744,2025-03,17870452.0,5037801.0,5107829.0,17734193.0
IMP00744,2025-04,17734193.0,10875858.0,9542795.0,18816689.0
IMP00744,2025-05,18816689.0,8299773.0,8323145.0,18772363.0
IMP00744,2025-06,18772363.0,9296591.0,9644188.0,18534963.0
IMP00744,2025-07,18534963.0,6738153.0,6683223.0,18567440.0
IMP00744,2025-08,18567440.0,5391524.0,4866832.0,19158467.0
IMP00744,2025-09,19158467.0,7380629.0,7237634.0,19239222.0
IMP00744,2025-10,19239222.0,6803184.0,6916213.0,19126688.0
IMP00744,2025-11,19126688.0,9586531.0,9725796.0,18855995.0
IMP00744,2025-12,18855995.0,3274463.0,3163538.0,18957901.0
IMP00744,2026-01,18957901.0,9234879.0,9530368.0,18652808.0
IMP00744,2026-02,18652808.0,5777002.0,5384800.0,18980440.0
IMP00744,2026-03,18980440.0,9760298.0,8490738.0,20131513.0
IMP00744,2026-04,20131513.0,16600292.0,16584945.0,20080941.0
IMP00744,2026-05,20080941.0,10543790.0,10445644.0,20289934.0
IMP00744,2026-06,20289934.0,8079559.0,7706686.0,20839973.0
IMP00744,2026-07,20839973.0,9722177.0,8299115.0,22139091.0
IMP00744,2026-08,22139091.0,4506633.0,4623661.0,21962741.0
IMP00744,2026-09,21962741.0,3700022.0,3703595.0,21932871.0
IMP00566,2023-10,14824234.0,7475102.0,7241176.0,15095252.0
IMP00566,2023-11,15095252.0,10929101.0,9905379.0,16233333.0
IMP00566,2023-12,16233333.0,5579721.0,5494076.0,16357816.0
IMP00566,2024-01,16357816.0,2667829.0,2536111.0,16494012.0
IMP00566,2024-02,16494012.0,10611929.0,10204007.0,16979616.0
IMP00566,2024-03,16979616.0,8916135.0,9267432.0,16536339.0
IMP00566,2024-04,16536339.0,7272452.0,7053263.0,16823451.0
IMP00566,2024-05,16823451.0,11511038.0,10697094.0,17854368.0
IMP00566,2024-06,17854368.0,6056531.0,6270868.0,17556100.0
IMP00566,2024-07,17556100.0,8549641.0,7909116.0,18217843.0
IMP00566,2024-08,18217843.0,4226494.0,3853664.0,18621996.0
IMP00566,2024-09,18621996.0,5783641.0,5428302.0,18829565.0
IMP00566,2024-10,18829565.0,5573094.0,5199393.0,19098110.0
IMP00566,2024-11,19098110.0,5028058.0,4958277.0,19247158.0
IMP00566,2024-12,19247158.0,4486192.0,4275457.0,19437182.0
IMP00566,2025-01,19437182.0,9365609.0,8382376.0,20319930.0
IMP00566,2025-02,20319930.0,5600170.0,5511993.0,20343404.0
IMP00566,2025-03,20343404.0,8337710.0,8475044.0,20171378.0
IMP00566,2025-04,20171378.0,11134018.0,11316050.0,19898442.0
IMP00566,2025-05,19898442.0,5754719.0,5022814.0,20593807.0
IMP00566,2025-06,20593807.0,8967589.0,8547697.0,20987725.0
IMP00566,2025-07,20987725.0,6526425.0,6447022.0,21266113.0
IMP00566,2025-08,21266113.0,6905881.0,6868656.0,21371751.0
IMP00566,2025-09,21371751.0,8273657.0,8570615.0,21026265.0
IMP00566,2025-10,21026265.0,5330723.0,5297918.0,20994348.0
IMP00566,2025-11,20994348.0,9197264.0,8785541.0,21663777.0
IMP00566,2025-12,21663777.0,9602711.0,9770650.0,21632225.0
IMP00566,2026-01,21632225.0,7746629.0,7259723.0,22153595.0
IMP00566,2026-02,22153595.0,5215986.0,4894903.0,22497525.0
IMP00566,2026-03,22497525.0,8118637.0,7463253.0,23194961.0
IMP00566,2026-04,23194961.0,8317778.0,8536084.0,22997530.0
IMP00566,2026-05,22997530.0,8003453.0,7530667.0,23343073.0
IMP00566,2026-06,23343073.0,8409592.0,7540057.0,24071396.0
IMP00566,2026-07,24071396.0,9147150.0,8866222.0,24128416.0
IMP00566,2026-08,24128416.0,8057206.0,8005400.0,24170651.0
IMP00566,2026-09,24170651.0,4156342.0,3804408.0,24478258.0
IMP01043,2023-10,37624241.0,16341375.0,14066095.0,40081783.0
IMP01043,2023-11,40081783.0,19713875.0,17651002.0,42370016.0
IMP01043,2023-12,42370016.0,19464721.0,16563038.0,45225972.0
IMP01043,2024-01,45225972.0,16992521.0,14696481.0,47244633.0
IMP01043,2024-02,47244633.0,9893251.0,9042757.0,48145543.0
IMP01043,2024-03,48145543.0,14585275.0,13000847.0,49744733.0
IMP01043,2024-04,49744733.0,37352037.0,32438544.0,54414765.0
IMP01043,2024-05,54414765.0,27296760.0,27686836.0,54052930.0
IMP01043,2024-06,54052930.0,18549724.0,16903512.0,55215122.0
IMP01043,2024-07,55215122.0,24916461.0,22894498.0,56502136.0
IMP01043,2024-08,56502136.0,28087399.0,26038658.0,58423843.0
IMP01043,2024-09,58423843.0,24704645.0,21866453.0,61417799.0
IMP01043,2024-10,61417799.0,22837539.0,22325384.0,61929028.0
IMP01043,2024-11,61929028.0,21342864.0,21914391.0,61409771.0
IMP01043,2024-12,61409771.0,8098942.0,7313351.0,62276868.0
IMP01043,2025-01,62276868.0,17680171.0,17197526.0,62775568.0
IMP01043,2025-02,62775568.0,10983225.0,9644858.0,64044370.0
IMP01043,2025-03,64044370.0,22398806.0,20757461.0,65884996.0
IMP01043,2025-04,65884996.0,26980169.0,27958589.0,65076017.0
IMP01043,2025-05,65076017.0,15096030.0,14952681.0,65152859.0
IMP01043,2025-06,65152859.0,26017549.0,23628573.0,68141298.0
IMP01043,2025-07,68141298.0,14230736.0,12792736.0,69873021.0
IMP01043,2025-08,69873021.0,13807095.0,13759631.0,69495823.0
IMP01043,2025-09,69495823.0,15395716.0,14546805.0,70216816.0
IMP01043,2025-10,70216816.0,15636918.0,13937725.0,71660950.0
IMP01043,2025-11,71660950.0,25244202.0,21885399.0,74782321.0
IMP01043,2025-12,74782321.0,16765604.0,14909861.0,76517818.0
IMP01043,2026-01,76517818.0,35218727.0,36095286.0,75843274.0
IMP01043,2026-02,75843274.0,22086706.0,23122124.0,74832090.0
IMP01043,2026-03,74832090.0,10995704.0,11301964.0,74720950.0
IMP01043,2026-04,74720950.0,13737949.0,14105569.0,74575480.0
IMP01043,2026-05,74575480.0,19163764.0,19083454.0,74654387.0
IMP01043,2026-06,74654387.0,13843913.0,13775832.0,74528491.0
IMP01043,2026-07,74528491.0,6393615.0,6108796.0,74758460.0
IMP01043,2026-08,74758460.0,13037766.0,11338362.0,76665285.0
IMP01043,2026-09,76665285.0,12344586.0,12622265.0,76378601.0
IMP00905,2023-10,32424274.0,9660748.0,9363701.0,32752844.0
IMP00905,2023-11,32752844.0,11239157.0,10607945.0,33434256.0
IMP00905,2023-12,33434256.0,15395133.0,14488876.0,34238634.0
IMP00905,2024-01,34238634.0,8388830.0,7755969.0,34781441.0
IMP00905,2024-02,34781441.0,25117572.0,24474659.0,35452529.0
IMP00905,2024-03,35452529.0,15544715.0,16021519.0,34786648.0
IMP00905,2024-04,34786648.0,15365802.0,13806800.0,36316832.0
IMP00905,2024-05,36316832.0,24708597.0,22670781.0,38123800.0
IMP00905,2024-06,38123800.0,7194100.0,6382376.0,38963228.0
IMP00905,2024-07,38963228.0,22569376.0,20566608.0,41228176.0
IMP00905,2024-08,41228176.0,12022807.0,10557213.0,42977148.0
IMP00905,2024-09,42977148.0,17793573.0,17650225.0,43279081.0
IMP00905,2024-10,43279081.0,20609341.0,20180666.0,43772329.0
IMP00905,2024-11,43772329.0,47498418.0,44112249.0,47447469.0
IMP00905,2024-12,47447469.0,11020910.0,11390674.0,47216314.0
IMP00905,2025-01,47216314.0,6312198.0,6062439.0,47486440.0
IMP00905,2025-02,47486440.0,5884273.0,5835564.0,47372901.0
IMP00905,2025-03,47372901.0,29411516.0,27571409.0,48796321.0
IMP00905,2025-04,48796321.0,5644376.0,5457734.0,49006152.0
IMP00905,2025-05,49006152.0,19908706.0,17761450.0,51160806.0
IMP00905,2025-06,51160806.0,12904688.0,11769095.0,52112161.0
IMP00905,2025-07,52112161.0,6040507.0,5208394.0,53033537.0
IMP00905,2025-08,53033537.0,20400959.0,20711527.0,52797739.0
IMP00905,2025-09,52797739.0,26374583.0,23915428.0,55106963.0
IMP00905,2025-10,55106963.0,18745522.0,18850628.0,55168684.0
IMP00905,2025-11,55168684.0,5851637.0,5086547.0,55892206.0
IMP00905,2025-12,55892206.0,3830508.0,3383337.0,56389719.0
IMP00905,2026-01,56389719.0,20876873.0,20308758.0,57039426.0
IMP00905,2026-02,57039426.0,3696929.0,3640100.0,57074833.0
IMP00905,2026-03,57074833.0,20906009.0,18474811.0,59351169.0
IMP00905,2026-04,59351169.0,17993282.0,15712882.0,61312740.0
IMP00905,2026-05,61312740.0,34218252.0,33604194.0,61356035.0
IMP00905,2026-06,61356035.0,28259825.0,24932906.0,64953817.0
IMP00905,2026-07,64953817.0,7315813.0,6944551.0,65266365.0
IMP00905,2026-08,65266365.0,17325545.0,16369713.0,66176546.0
IMP00905,2026-09,66176546.0,7605848.0,7725369.0,66050694.0
